-- phpMyAdmin SQL Dump
-- version 5.2.0
-- https://www.phpmyadmin.net/
--
-- Host: localhost
-- Generation Time: Feb 04, 2023 at 03:02 PM
-- Server version: 10.4.27-MariaDB
-- PHP Version: 7.4.33

SET SQL_MODE = "NO_AUTO_VALUE_ON_ZERO";
START TRANSACTION;
SET time_zone = "+00:00";


/*!40101 SET @OLD_CHARACTER_SET_CLIENT=@@CHARACTER_SET_CLIENT */;
/*!40101 SET @OLD_CHARACTER_SET_RESULTS=@@CHARACTER_SET_RESULTS */;
/*!40101 SET @OLD_COLLATION_CONNECTION=@@COLLATION_CONNECTION */;
/*!40101 SET NAMES utf8mb4 */;

--
-- Database: `sppTH`
--

-- --------------------------------------------------------

--
-- Table structure for table `auth`
--

CREATE TABLE `auth` (
  `id` int(11) NOT NULL,
  `username` varchar(128) NOT NULL,
  `password` varchar(64) NOT NULL,
  `nama` varchar(256) NOT NULL,
  `level` varchar(16) NOT NULL
) ENGINE=InnoDB DEFAULT CHARSET=utf8mb4 COLLATE=utf8mb4_general_ci ROW_FORMAT=DYNAMIC;

--
-- Dumping data for table `auth`
--

INSERT INTO `auth` (`id`, `username`, `password`, `nama`, `level`) VALUES
(202, 'adminTU', '397cabe506e1a2ac39de41f24affc2c1', 'ADMINISTRATOR TATA USAHA', 'admin'),
(303, 'TUadmin', '90370fba20c4e0bb215a867a8c1e2fff', 'ADMINISTRATOR TATA USAHA 2', 'admin2');

-- --------------------------------------------------------

--
-- Table structure for table `group_kelas`
--

CREATE TABLE `group_kelas` (
  `id_groupKelas` int(16) NOT NULL,
  `nama_group` varchar(32) NOT NULL
) ENGINE=InnoDB DEFAULT CHARSET=utf8mb4 COLLATE=utf8mb4_general_ci;

--
-- Dumping data for table `group_kelas`
--

INSERT INTO `group_kelas` (`id_groupKelas`, `nama_group`) VALUES
(1001, 'X BM'),
(2002, 'X TKJ'),
(3003, 'XI BM'),
(4004, 'XI TKJ'),
(5005, 'XII BM'),
(6006, 'XII TKJ');

-- --------------------------------------------------------

--
-- Table structure for table `jurusan`
--

CREATE TABLE `jurusan` (
  `id` int(11) NOT NULL,
  `kode` varchar(8) NOT NULL,
  `jurusan` varchar(128) NOT NULL
) ENGINE=InnoDB DEFAULT CHARSET=utf8mb4 COLLATE=utf8mb4_general_ci ROW_FORMAT=DYNAMIC;

--
-- Dumping data for table `jurusan`
--

INSERT INTO `jurusan` (`id`, `kode`, `jurusan`) VALUES
(101, 'AKL', 'AKUTANSI DAN KEUANGAN LEMBAGA'),
(202, 'PM', 'PEMASARAN'),
(303, 'MPLB', 'MANAJEMEN PERKANTORAN LEMBAGA BISNIS'),
(404, 'TJKT', 'TEKNIK JARINGAN KOMPUTER DAN TELEKOMUNIKASI'),
(505, 'DKV', 'DESAIN KOMUNIKASI VISUAL');

-- --------------------------------------------------------

--
-- Table structure for table `kelas`
--

CREATE TABLE `kelas` (
  `id` int(11) NOT NULL,
  `kode` varchar(8) NOT NULL,
  `kelas` varchar(128) NOT NULL,
  `id_tahun_ajaran` int(16) NOT NULL
) ENGINE=InnoDB DEFAULT CHARSET=utf8mb4 COLLATE=utf8mb4_general_ci ROW_FORMAT=DYNAMIC;

--
-- Dumping data for table `kelas`
--

INSERT INTO `kelas` (`id`, `kode`, `kelas`, `id_tahun_ajaran`) VALUES
(3031131, 'MPLB', 'XI MPLB 1', 303),
(3031195, 'TJKT', 'XII TJKT 2', 303),
(3031535, 'PM', 'X PM 1', 303),
(3031557, 'PM', 'XII PM 2', 303),
(3031564, 'AKL', 'XI AKL 2', 303),
(3031901, 'AKL', 'XII AKL 1', 303),
(3031974, 'TJKT', 'XII TJKT 1', 303),
(3032709, 'TJKT', 'XI TJKT 3', 303),
(3032783, 'TJKT', 'X TJKT 1', 303),
(3033468, 'MPLB', 'X MPLB 1', 303),
(3033800, 'PM', 'XI PM 1', 303),
(3034929, 'MPLB', 'XI MPLB 2', 303),
(3035146, 'AKL', 'X AKL 1', 303),
(3035241, 'TJKT', 'X TJKT 3', 303),
(3035294, 'DKV', 'X DKV 1', 303),
(3035345, 'TJKT', 'X TJKT 2', 303),
(3035387, 'AKL', 'XII AKL 2', 303),
(3035455, 'AKL', 'XI AKL 1', 303),
(3035861, 'MPLB', 'XII MPLB 1', 303),
(3036135, 'TJKT', 'XII TJKT 3', 303),
(3037072, 'MPLB', 'X MPLB 2', 303),
(3037075, 'AKL', 'X AKL 2', 303),
(3037487, 'PM', 'XII PM 1', 303),
(3039219, 'TJKT', 'XI TJKT 1', 303),
(3039274, 'MPLB', 'XII MPLB 2', 303),
(3039924, 'TJKT', 'XI TJKT 2', 303);

-- --------------------------------------------------------

--
-- Table structure for table `pembayaran_spp`
--

CREATE TABLE `pembayaran_spp` (
  `id_spp` int(16) NOT NULL,
  `id_siswa` int(16) NOT NULL,
  `id_kelas` int(16) NOT NULL,
  `bulan` varchar(32) NOT NULL,
  `nominal` int(32) DEFAULT NULL,
  `bayar_perbulan` varchar(32) NOT NULL,
  `tahun_ajaran` varchar(16) NOT NULL,
  `timestamp` timestamp NOT NULL DEFAULT current_timestamp() ON UPDATE current_timestamp()
) ENGINE=InnoDB DEFAULT CHARSET=utf8mb4 COLLATE=utf8mb4_general_ci;

-- --------------------------------------------------------

--
-- Table structure for table `setting_pembayaran`
--

CREATE TABLE `setting_pembayaran` (
  `id_setting_pembayaran` int(16) NOT NULL,
  `nama_pembayaran` varchar(128) NOT NULL,
  `id_groupKelas` int(16) NOT NULL,
  `id_tahun_ajaran` int(16) NOT NULL,
  `jenis_pembayaran` varchar(128) NOT NULL,
  `spp` int(128) NOT NULL,
  `komputer` int(32) NOT NULL,
  `mandarin` int(32) NOT NULL,
  `tabungan` int(11) NOT NULL,
  `internet` int(11) NOT NULL,
  `praktek` int(11) NOT NULL,
  `date` date NOT NULL DEFAULT current_timestamp()
) ENGINE=InnoDB DEFAULT CHARSET=utf8mb4 COLLATE=utf8mb4_general_ci;

--
-- Dumping data for table `setting_pembayaran`
--

INSERT INTO `setting_pembayaran` (`id_setting_pembayaran`, `nama_pembayaran`, `id_groupKelas`, `id_tahun_ajaran`, `jenis_pembayaran`, `spp`, `komputer`, `mandarin`, `tabungan`, `internet`, `praktek`, `date`) VALUES
(161313, 'pembayaran spp', 1001, 303, '1001', 330000, 0, 0, 20000, 25000, 0, '2023-02-04'),
(549991, 'pembayaran spp', 2002, 303, '1001', 330000, 0, 0, 20000, 25000, 50000, '2023-02-04');

-- --------------------------------------------------------

--
-- Table structure for table `setting_pembayaran_lain`
--

CREATE TABLE `setting_pembayaran_lain` (
  `id_setting_pembayaran_lain` int(16) NOT NULL,
  `nama_pembayaran_lain` varchar(255) NOT NULL,
  `id_groupKelas` int(16) NOT NULL,
  `id_tahun_ajaran` int(16) NOT NULL,
  `jenis_pembayaran` varchar(128) NOT NULL,
  `nominal` int(11) NOT NULL,
  `date` date NOT NULL DEFAULT current_timestamp()
) ENGINE=InnoDB DEFAULT CHARSET=utf8mb4 COLLATE=utf8mb4_general_ci;

-- --------------------------------------------------------

--
-- Table structure for table `siswa`
--

CREATE TABLE `siswa` (
  `id_siswa` int(18) NOT NULL,
  `nis` int(32) NOT NULL,
  `nama_siswa` varchar(256) NOT NULL,
  `jurusan` varchar(16) NOT NULL,
  `kelas` varchar(18) NOT NULL,
  `group_kelas` varchar(16) NOT NULL,
  `tahun_ajaran` varchar(32) NOT NULL,
  `status` varchar(32) NOT NULL
) ENGINE=InnoDB DEFAULT CHARSET=utf8mb4 COLLATE=utf8mb4_general_ci ROW_FORMAT=DYNAMIC;

--
-- Dumping data for table `siswa`
--

INSERT INTO `siswa` (`id_siswa`, `nis`, `nama_siswa`, `jurusan`, `kelas`, `group_kelas`, `tahun_ajaran`, `status`) VALUES
(1001303, 228368, 'AGUS SALIM', 'AKL', 'X AKL 1', '1001', '303', 'AKTIF'),
(1002303, 228375, 'AMILLIA RUSDYANTO', 'AKL', 'X AKL 1', '1001', '303', 'AKTIF'),
(1003303, 228380, 'AWALLUDIN RAHMAN', 'AKL', 'X AKL 1', '1001', '303', 'AKTIF'),
(1004303, 228381, 'AYU EKA LESTARI', 'AKL', 'X AKL 1', '1001', '303', 'AKTIF'),
(1005303, 228384, 'CANAYYA AZKA NOVERA', 'AKL', 'X AKL 1', '1001', '303', 'AKTIF'),
(1006303, 228386, 'DAHLYA', 'AKL', 'X AKL 1', '1001', '303', 'AKTIF'),
(1007303, 228387, 'DANIEL FERDINAN', 'AKL', 'X AKL 1', '1001', '303', 'AKTIF'),
(1008303, 228388, 'DESTA NUR SETIAWAN PRATAMA', 'AKL', 'X AKL 1', '1001', '303', 'AKTIF'),
(1009303, 228389, 'DESVIANTI ANANDA', 'AKL', 'X AKL 1', '1001', '303', 'AKTIF'),
(1010303, 228392, 'DZULFIKAR', 'AKL', 'X AKL 1', '1001', '303', 'AKTIF'),
(1011303, 228393, 'EFATHA APRELIA ZAI', 'AKL', 'X AKL 1', '1001', '303', 'AKTIF'),
(1012303, 228395, 'ERRICA MERLIAN HIDAYAT', 'AKL', 'X AKL 1', '1001', '303', 'AKTIF'),
(1013303, 228397, 'FAHTAN ABIMANYU PRASETIA', 'AKL', 'X AKL 1', '1001', '303', 'AKTIF'),
(1014303, 228400, 'HANUNG MAHARANI', 'AKL', 'X AKL 1', '1001', '303', 'AKTIF'),
(1015303, 228402, 'INAYAH SALSABILAH', 'AKL', 'X AKL 1', '1001', '303', 'AKTIF'),
(1016303, 228403, 'IQBAL NUL IKHWAN', 'AKL', 'X AKL 1', '1001', '303', 'AKTIF'),
(1017303, 228406, 'JULIAN ALFIUS', 'AKL', 'X AKL 1', '1001', '303', 'AKTIF'),
(1018303, 228407, 'JULIUS CHRISTIAN HUTABARAT', 'AKL', 'X AKL 1', '1001', '303', 'AKTIF'),
(1019303, 228410, 'KINANTI AULIA', 'AKL', 'X AKL 1', '1001', '303', 'AKTIF'),
(1020303, 228411, 'LEHA', 'AKL', 'X AKL 1', '1001', '303', 'AKTIF'),
(1021303, 228412, 'MARDIANA', 'AKL', 'X AKL 1', '1001', '303', 'AKTIF'),
(1022303, 228413, 'MEDITA LESTARI SUKMA', 'AKL', 'X AKL 1', '1001', '303', 'AKTIF'),
(1023303, 228415, 'MELI MERLIYANTI', 'AKL', 'X AKL 1', '1001', '303', 'AKTIF'),
(1024303, 228417, 'MONICA SARI DEVI', 'AKL', 'X AKL 1', '1001', '303', 'AKTIF'),
(1025303, 228420, 'NABIL RAMDANI', 'AKL', 'X AKL 1', '1001', '303', 'AKTIF'),
(1026303, 228422, 'NABILA PUTRI WINANTO', 'AKL', 'X AKL 1', '1001', '303', 'AKTIF'),
(1027303, 228423, 'NAJLA KEYRA TANTRI', 'AKL', 'X AKL 1', '1001', '303', 'AKTIF'),
(1028303, 228424, 'NANDA ARYA PUTRA', 'AKL', 'X AKL 1', '1001', '303', 'AKTIF'),
(1029303, 228425, 'NAURA LUTFIAH RAHMADINA', 'AKL', 'X AKL 1', '1001', '303', 'AKTIF'),
(1030303, 228427, 'PURWANTI', 'AKL', 'X AKL 1', '1001', '303', 'AKTIF'),
(1031303, 228428, 'RAFI DWI FEBIAN', 'AKL', 'X AKL 1', '1001', '303', 'AKTIF'),
(1032303, 228429, 'RATU SAILA SIMA', 'AKL', 'X AKL 1', '1001', '303', 'AKTIF'),
(1033303, 228431, 'RENZEL RESIA SUSMANA', 'AKL', 'X AKL 1', '1001', '303', 'AKTIF'),
(1034303, 228433, 'RIVALDI HAERUDIN', 'AKL', 'X AKL 1', '1001', '303', 'AKTIF'),
(1035303, 228434, 'RIZKY ALFIAN', 'AKL', 'X AKL 1', '1001', '303', 'AKTIF'),
(1036303, 228438, 'SELA AMALIAH', 'AKL', 'X AKL 1', '1001', '303', 'AKTIF'),
(1037303, 228440, 'SHOLEH MARWIDIKA', 'AKL', 'X AKL 1', '1001', '303', 'AKTIF'),
(1038303, 228444, 'TASYA MARIMBI', 'AKL', 'X AKL 1', '1001', '303', 'AKTIF'),
(1039303, 228445, 'TATIA NUR APRIYANI', 'AKL', 'X AKL 1', '1001', '303', 'AKTIF'),
(1040303, 228447, 'TESSA LAVINA WIJAYA PHANG', 'AKL', 'X AKL 1', '1001', '303', 'AKTIF'),
(1041303, 228448, 'TILAR MIFTAKHUL JANAH', 'AKL', 'X AKL 1', '1001', '303', 'AKTIF'),
(1042303, 228454, 'YARA FATHIA ARDANY', 'AKL', 'X AKL 1', '1001', '303', 'AKTIF'),
(1043303, 228369, 'ADINDA ALYA DWI ANGGRAENI', 'AKL', 'X AKL 2', '1001', '303', 'AKTIF'),
(1044303, 228370, 'AGUNG ARDIANSYAH', 'AKL', 'X AKL 2', '1001', '303', 'AKTIF'),
(1045303, 228371, 'AKHMELIA CITRA BUDIYANTI', 'AKL', 'X AKL 2', '1001', '303', 'AKTIF'),
(1046303, 228372, 'ALFIN KHOIRUL WILDAN', 'AKL', 'X AKL 2', '1001', '303', 'AKTIF'),
(1047303, 228373, 'ALISA HILDA APRILIA', 'AKL', 'X AKL 2', '1001', '303', 'AKTIF'),
(1048303, 228374, 'ALVI NURMALA D. W', 'AKL', 'X AKL 2', '1001', '303', 'AKTIF'),
(1049303, 228376, 'AMIRA KANZA DESLIA', 'AKL', 'X AKL 2', '1001', '303', 'AKTIF'),
(1050303, 228377, 'ANI', 'AKL', 'X AKL 2', '1001', '303', 'AKTIF'),
(1051303, 228378, 'ANNISA', 'AKL', 'X AKL 2', '1001', '303', 'AKTIF'),
(1052303, 228379, 'AULIA FITRIANI', 'AKL', 'X AKL 2', '1001', '303', 'AKTIF'),
(1053303, 228382, 'AYU NIA SARAH', 'AKL', 'X AKL 2', '1001', '303', 'AKTIF'),
(1054303, 228390, 'DILA AYU LESTARI', 'AKL', 'X AKL 2', '1001', '303', 'AKTIF'),
(1055303, 228391, 'DITA VIA ANGGRAENI', 'AKL', 'X AKL 2', '1001', '303', 'AKTIF'),
(1056303, 228394, 'EKO PRASETYO', 'AKL', 'X AKL 2', '1001', '303', 'AKTIF'),
(1057303, 228396, 'ERVAN HIDAYAT', 'AKL', 'X AKL 2', '1001', '303', 'AKTIF'),
(1058303, 228398, 'FRASTIO', 'AKL', 'X AKL 2', '1001', '303', 'AKTIF'),
(1059303, 228399, 'GALANG RIZKI ANUGRAH', 'AKL', 'X AKL 2', '1001', '303', 'AKTIF'),
(1060303, 228401, 'HARMELIA NAISA PUTRI', 'AKL', 'X AKL 2', '1001', '303', 'AKTIF'),
(1061303, 228404, 'IQBAL PERMANA', 'AKL', 'X AKL 2', '1001', '303', 'AKTIF'),
(1062303, 228405, 'JEFRI GIOVANIE', 'AKL', 'X AKL 2', '1001', '303', 'AKTIF'),
(1063303, 228408, 'KAYLA PUTRI AGUSTIN', 'AKL', 'X AKL 2', '1001', '303', 'AKTIF'),
(1064303, 228409, 'KEYZIA SYAFFA ADHILA', 'AKL', 'X AKL 2', '1001', '303', 'AKTIF'),
(1065303, 228419, 'M. FAUZI ABDUL ROHIM', 'AKL', 'X AKL 2', '1001', '303', 'AKTIF'),
(1066303, 228414, 'MEIFRIZA DWI PUTRA', 'AKL', 'X AKL 2', '1001', '303', 'AKTIF'),
(1067303, 228416, 'MOHAMAD RIZKY ALBIANSYAH', 'AKL', 'X AKL 2', '1001', '303', 'AKTIF'),
(1068303, 228418, 'MUHAMMAD ILHAM', 'AKL', 'X AKL 2', '1001', '303', 'AKTIF'),
(1069303, 228421, 'NABILA AL ZAHRA', 'AKL', 'X AKL 2', '1001', '303', 'AKTIF'),
(1070303, 228426, 'NOVRIA NAYLA ZAHRA', 'AKL', 'X AKL 2', '1001', '303', 'AKTIF'),
(1071303, 228430, 'RENA PUJI LESTARI', 'AKL', 'X AKL 2', '1001', '303', 'AKTIF'),
(1072303, 228432, 'REVA AGIS ADELLIA', 'AKL', 'X AKL 2', '1001', '303', 'AKTIF'),
(1073303, 228435, 'RIZKY WIJAYA', 'AKL', 'X AKL 2', '1001', '303', 'AKTIF'),
(1074303, 228436, 'RIZQI AMANDA', 'AKL', 'X AKL 2', '1001', '303', 'AKTIF'),
(1075303, 228437, 'RYFAN ALAMSYAH', 'AKL', 'X AKL 2', '1001', '303', 'AKTIF'),
(1076303, 228439, 'SERINA AMELIA PUTRI', 'AKL', 'X AKL 2', '1001', '303', 'AKTIF'),
(1077303, 228441, 'SITI NUR FADILAH', 'AKL', 'X AKL 2', '1001', '303', 'AKTIF'),
(1078303, 228442, 'SOFHIA AROFAH', 'AKL', 'X AKL 2', '1001', '303', 'AKTIF'),
(1079303, 228443, 'SUSI LESTARI LESTIA DEWI', 'AKL', 'X AKL 2', '1001', '303', 'AKTIF'),
(1080303, 228446, 'TAUFIK SAPUTRA', 'AKL', 'X AKL 2', '1001', '303', 'AKTIF'),
(1081303, 228449, 'TUBAGUS UBAIDILLAH FAJRIN', 'AKL', 'X AKL 2', '1001', '303', 'AKTIF'),
(1082303, 228450, 'VANI EKA MELIA', 'AKL', 'X AKL 2', '1001', '303', 'AKTIF'),
(1083303, 228451, 'VIRLA DWI ARIYANTI', 'AKL', 'X AKL 2', '1001', '303', 'AKTIF'),
(1084303, 228452, 'WIDI ANJARWATI ', 'AKL', 'X AKL 2', '1001', '303', 'AKTIF'),
(1085303, 228453, 'WIDIYA NINGSIH', 'AKL', 'X AKL 2', '1001', '303', 'AKTIF'),
(1086303, 228455, 'YUNNI TRIBUANA TUNGGADEWI', 'AKL', 'X AKL 2', '1001', '303', 'AKTIF'),
(1087303, 228588, 'ADE SETYA CANDRA', 'DKV', 'X DKV 1', '2002', '303', 'AKTIF'),
(1088303, 228589, 'ARIANSYAH', 'DKV', 'X DKV 1', '2002', '303', 'AKTIF'),
(1089303, 228590, 'ARYA SUBAGJA', 'DKV', 'X DKV 1', '2002', '303', 'AKTIF'),
(1090303, 228591, 'DIAN NOVITA SARI', 'DKV', 'X DKV 1', '2002', '303', 'AKTIF'),
(1091303, 228592, 'DIDA PERKASA', 'DKV', 'X DKV 1', '2002', '303', 'AKTIF'),
(1092303, 228593, 'EGHA PATRIANSYAH', 'DKV', 'X DKV 1', '2002', '303', 'AKTIF'),
(1093303, 228594, 'ESMERANDA VALENCIA WIDJAJA', 'DKV', 'X DKV 1', '2002', '303', 'AKTIF'),
(1094303, 228595, 'FAHIRA ANA PUTRI', 'DKV', 'X DKV 1', '2002', '303', 'AKTIF'),
(1095303, 228596, 'FARHAN SETYAWAN', 'DKV', 'X DKV 1', '2002', '303', 'AKTIF'),
(1096303, 228597, 'GITA INDAH SABANA', 'DKV', 'X DKV 1', '2002', '303', 'AKTIF'),
(1097303, 228599, 'IBNU ADITYA ADNAN', 'DKV', 'X DKV 1', '2002', '303', 'AKTIF'),
(1098303, 228600, 'IKHSAN BAYU NUGROHO', 'DKV', 'X DKV 1', '2002', '303', 'AKTIF'),
(1099303, 228601, 'ISMAIL AHMAD SAHDAD', 'DKV', 'X DKV 1', '2002', '303', 'AKTIF'),
(1100303, 228602, 'ISTAUFIRIN', 'DKV', 'X DKV 1', '2002', '303', 'AKTIF'),
(1101303, 228603, 'IVAN FERDINAN', 'DKV', 'X DKV 1', '2002', '303', 'AKTIF'),
(1102303, 228604, 'JEFRY HIDAYATULLAH', 'DKV', 'X DKV 1', '2002', '303', 'AKTIF'),
(1103303, 228605, 'JONI', 'DKV', 'X DKV 1', '2002', '303', 'AKTIF'),
(1104303, 228606, 'JUSTIN RAFAEL', 'DKV', 'X DKV 1', '2002', '303', 'AKTIF'),
(1105303, 228607, 'LANANG SINGGIH PANGESTU', 'DKV', 'X DKV 1', '2002', '303', 'AKTIF'),
(1106303, 228608, 'MARCELL RAKASE', 'DKV', 'X DKV 1', '2002', '303', 'AKTIF'),
(1107303, 228609, 'MARTIN AL FATHONI', 'DKV', 'X DKV 1', '2002', '303', 'AKTIF'),
(1108303, 228610, 'MIXCEL DIMAS JUNIAWAN', 'DKV', 'X DKV 1', '2002', '303', 'AKTIF'),
(1109303, 228611, 'MOSES DOLVIN MAELISSA', 'DKV', 'X DKV 1', '2002', '303', 'AKTIF'),
(1110303, 228612, 'MUHAMAD RIKO SYAHPUTRA', 'DKV', 'X DKV 1', '2002', '303', 'AKTIF'),
(1111303, 228613, 'MUHAMMAD NURSHAM AHMADINEJAD', 'DKV', 'X DKV 1', '2002', '303', 'AKTIF'),
(1112303, 228614, 'MUTIA VARA DILLA', 'DKV', 'X DKV 1', '2002', '303', 'AKTIF'),
(1113303, 228615, 'NADIA ARDHELIA PUTRI', 'DKV', 'X DKV 1', '2002', '303', 'AKTIF'),
(1114303, 228616, 'NAFI\'AJI VANOROSSI', 'DKV', 'X DKV 1', '2002', '303', 'AKTIF'),
(1115303, 228617, 'NOFIA INDRIANI', 'DKV', 'X DKV 1', '2002', '303', 'AKTIF'),
(1116303, 228618, 'RAFFAEL EDGINA', 'DKV', 'X DKV 1', '2002', '303', 'AKTIF'),
(1117303, 228619, 'RAFI ACHMAD APRILIANDI', 'DKV', 'X DKV 1', '2002', '303', 'AKTIF'),
(1118303, 228620, 'RAFKA AFRIZAL MUTTAQIN', 'DKV', 'X DKV 1', '2002', '303', 'AKTIF'),
(1119303, 228621, 'RAIHAN DWI FEBRIYANTO', 'DKV', 'X DKV 1', '2002', '303', 'AKTIF'),
(1120303, 228622, 'RAVI HAFIZ ARDIANSYAH', 'DKV', 'X DKV 1', '2002', '303', 'AKTIF'),
(1121303, 228623, 'REGA JUVENSIA SAPUTRA', 'DKV', 'X DKV 1', '2002', '303', 'AKTIF'),
(1122303, 228624, 'REHAN JULIANTO', 'DKV', 'X DKV 1', '2002', '303', 'AKTIF'),
(1123303, 228625, 'RIFAT AKMAL', 'DKV', 'X DKV 1', '2002', '303', 'AKTIF'),
(1124303, 228626, 'RIO ARDIANSYAH', 'DKV', 'X DKV 1', '2002', '303', 'AKTIF'),
(1125303, 228627, 'RIZKY DIAN PERMANA', 'DKV', 'X DKV 1', '2002', '303', 'AKTIF'),
(1126303, 228628, 'RIZQI MUH AKBAR', 'DKV', 'X DKV 1', '2002', '303', 'AKTIF'),
(1127303, 228629, 'RUDIYANSAH', 'DKV', 'X DKV 1', '2002', '303', 'AKTIF'),
(1128303, 228630, 'TUBAGUS RAIHAN RAHMATULLOH HIDAYAT', 'DKV', 'X DKV 1', '2002', '303', 'AKTIF'),
(1129303, 228631, 'VERDINAN WILLIAM HOLLE', 'DKV', 'X DKV 1', '2002', '303', 'AKTIF'),
(1130303, 228632, 'ZASKIA DEVINA ROSALINA', 'DKV', 'X DKV 1', '2002', '303', 'AKTIF'),
(1131303, 228456, 'ADINDA BUNGA LESTARI', 'MPLB', 'X MPLB 1', '1001', '303', 'AKTIF'),
(1132303, 228458, 'ALISYA MERIYANTI', 'MPLB', 'X MPLB 1', '1001', '303', 'AKTIF'),
(1133303, 228459, 'ANANDA CINTHYA CLARA ARITONANG', 'MPLB', 'X MPLB 1', '1001', '303', 'AKTIF'),
(1134303, 228460, 'ANISSA AL - KHOIRIYAH', 'MPLB', 'X MPLB 1', '1001', '303', 'AKTIF'),
(1135303, 228464, 'AZ-ZAHRA NUR AZIZAH SYAHRANI', 'MPLB', 'X MPLB 1', '1001', '303', 'AKTIF'),
(1136303, 228465, 'CARLA FERNANDA PUTRI', 'MPLB', 'X MPLB 1', '1001', '303', 'AKTIF'),
(1137303, 228467, 'CHATARINA OCTHA PUTRYANI DEYO', 'MPLB', 'X MPLB 1', '1001', '303', 'AKTIF'),
(1138303, 228468, 'CHATRIN VEXIA', 'MPLB', 'X MPLB 1', '1001', '303', 'AKTIF'),
(1139303, 228469, 'CHESYA TRIYASA PUTRY', 'MPLB', 'X MPLB 1', '1001', '303', 'AKTIF'),
(1140303, 228471, 'DEVI RISFA DAMIANTI ATONIS', 'MPLB', 'X MPLB 1', '1001', '303', 'AKTIF'),
(1141303, 228472, 'DHEA DWI ARYANI', 'MPLB', 'X MPLB 1', '1001', '303', 'AKTIF'),
(1142303, 228476, 'EKA SEPTI WULANDARI', 'MPLB', 'X MPLB 1', '1001', '303', 'AKTIF'),
(1143303, 228477, 'ELLEN EVELYN ALDEA', 'MPLB', 'X MPLB 1', '1001', '303', 'AKTIF'),
(1144303, 228478, 'EUIS MARYANTI', 'MPLB', 'X MPLB 1', '1001', '303', 'AKTIF'),
(1145303, 228481, 'FEBY PRAMONO', 'MPLB', 'X MPLB 1', '1001', '303', 'AKTIF'),
(1146303, 228484, 'FIVEILIKA CANDRA SARI', 'MPLB', 'X MPLB 1', '1001', '303', 'AKTIF'),
(1147303, 228487, 'HARTINI', 'MPLB', 'X MPLB 1', '1001', '303', 'AKTIF'),
(1148303, 228488, 'IKA WULANDARI', 'MPLB', 'X MPLB 1', '1001', '303', 'AKTIF'),
(1149303, 228490, 'JELITA AURELIA', 'MPLB', 'X MPLB 1', '1001', '303', 'AKTIF'),
(1150303, 228492, 'JUWITA HERLINA KABNANI', 'MPLB', 'X MPLB 1', '1001', '303', 'AKTIF'),
(1151303, 228493, 'KAMILAH NURSEHA', 'MPLB', 'X MPLB 1', '1001', '303', 'AKTIF'),
(1152303, 228494, 'KAYLA RAHMADINI', 'MPLB', 'X MPLB 1', '1001', '303', 'AKTIF'),
(1153303, 228495, 'KOMALA SARI', 'MPLB', 'X MPLB 1', '1001', '303', 'AKTIF'),
(1154303, 228496, 'LAELI SYIFA AYU NURINSANI', 'MPLB', 'X MPLB 1', '1001', '303', 'AKTIF'),
(1155303, 228498, 'LUDIANA FEBRIANI', 'MPLB', 'X MPLB 1', '1001', '303', 'AKTIF'),
(1156303, 228501, 'MARIA KARMELIN TADA WAWIN', 'MPLB', 'X MPLB 1', '1001', '303', 'AKTIF'),
(1157303, 228502, 'MAULIDYAH SYAM', 'MPLB', 'X MPLB 1', '1001', '303', 'AKTIF'),
(1158303, 228507, 'NADYAH AYU KUSUMAWATI', 'MPLB', 'X MPLB 1', '1001', '303', 'AKTIF'),
(1159303, 228508, 'NAGITA JUANISAH', 'MPLB', 'X MPLB 1', '1001', '303', 'AKTIF'),
(1160303, 228512, 'NAZWA ERSALIA PUTRI', 'MPLB', 'X MPLB 1', '1001', '303', 'AKTIF'),
(1161303, 228513, 'NOVA ARYANI BASTIAN', 'MPLB', 'X MPLB 1', '1001', '303', 'AKTIF'),
(1162303, 228516, 'NUR AINI AFRIDA', 'MPLB', 'X MPLB 1', '1001', '303', 'AKTIF'),
(1163303, 228518, 'NUR FITRIAH RAMADHANI', 'MPLB', 'X MPLB 1', '1001', '303', 'AKTIF'),
(1164303, 228519, 'PERMATA AYUDIA', 'MPLB', 'X MPLB 1', '1001', '303', 'AKTIF'),
(1165303, 228522, 'PUTRI OCTAVIA RAMADHANY', 'MPLB', 'X MPLB 1', '1001', '303', 'AKTIF'),
(1166303, 228525, 'RIZKY DAMAYANTI', 'MPLB', 'X MPLB 1', '1001', '303', 'AKTIF'),
(1167303, 228528, 'SEPTI DWI ERIATI', 'MPLB', 'X MPLB 1', '1001', '303', 'AKTIF'),
(1168303, 228529, 'SINGGIH UMI UTAMI', 'MPLB', 'X MPLB 1', '1001', '303', 'AKTIF'),
(1169303, 228534, 'SITI VALENTINA', 'MPLB', 'X MPLB 1', '1001', '303', 'AKTIF'),
(1170303, 228536, 'SYAFA AZZAHRA', 'MPLB', 'X MPLB 1', '1001', '303', 'AKTIF'),
(1171303, 228538, 'SZASKYA NOER HANY', 'MPLB', 'X MPLB 1', '1001', '303', 'AKTIF'),
(1172303, 228539, 'TARA ZAGITHA', 'MPLB', 'X MPLB 1', '1001', '303', 'AKTIF'),
(1173303, 228540, 'TIARA PUTRI ANDIKA', 'MPLB', 'X MPLB 1', '1001', '303', 'AKTIF'),
(1174303, 228542, 'WULAN NOVITA SARI', 'MPLB', 'X MPLB 1', '1001', '303', 'AKTIF'),
(1175303, 228457, 'ALILATULBARIZA KESYA AGISTI', 'MPLB', 'X MPLB 2', '1001', '303', 'AKTIF'),
(1176303, 228461, 'ANNISA KUSMARI', 'MPLB', 'X MPLB 2', '1001', '303', 'AKTIF'),
(1177303, 228462, 'AWALIA BUNGA ZHARIFAH', 'MPLB', 'X MPLB 2', '1001', '303', 'AKTIF'),
(1178303, 228463, 'AWALIATUL KAMILA', 'MPLB', 'X MPLB 2', '1001', '303', 'AKTIF'),
(1179303, 228466, 'CARLA JUNITA ', 'MPLB', 'X MPLB 2', '1001', '303', 'AKTIF'),
(1180303, 228470, 'DELLA MEISYA ALIFIA', 'MPLB', 'X MPLB 2', '1001', '303', 'AKTIF'),
(1181303, 228473, 'DIAH AYU LESTARI', 'MPLB', 'X MPLB 2', '1001', '303', 'AKTIF'),
(1182303, 228474, 'DINA APRILIA', 'MPLB', 'X MPLB 2', '1001', '303', 'AKTIF'),
(1183303, 228475, 'DWI NAZWA DHILA', 'MPLB', 'X MPLB 2', '1001', '303', 'AKTIF'),
(1184303, 228479, 'FAATIHUL KHASANAH', 'MPLB', 'X MPLB 2', '1001', '303', 'AKTIF'),
(1185303, 228480, 'FADILA RAHMASARI', 'MPLB', 'X MPLB 2', '1001', '303', 'AKTIF'),
(1186303, 228482, 'FITRI ARILA ZAHRA', 'MPLB', 'X MPLB 2', '1001', '303', 'AKTIF'),
(1187303, 228483, 'FITRI HANDAYANI', 'MPLB', 'X MPLB 2', '1001', '303', 'AKTIF'),
(1188303, 228485, 'GUSTINA', 'MPLB', 'X MPLB 2', '1001', '303', 'AKTIF'),
(1189303, 228486, 'HAFIZAH SUSANTI', 'MPLB', 'X MPLB 2', '1001', '303', 'AKTIF'),
(1190303, 228489, 'ILYASA RAMADANINGTIAS PRASETYA', 'MPLB', 'X MPLB 2', '1001', '303', 'AKTIF'),
(1191303, 228491, 'JESIKA LOSARY HELDY', 'MPLB', 'X MPLB 2', '1001', '303', 'AKTIF'),
(1192303, 228497, 'LINDA AGUSTIN', 'MPLB', 'X MPLB 2', '1001', '303', 'AKTIF'),
(1193303, 228499, 'LUNA AMALIA AZAHRA', 'MPLB', 'X MPLB 2', '1001', '303', 'AKTIF'),
(1194303, 228500, 'LUTFIYATUN NISA', 'MPLB', 'X MPLB 2', '1001', '303', 'AKTIF'),
(1195303, 228503, 'MUTIA APRILAH', 'MPLB', 'X MPLB 2', '1001', '303', 'AKTIF'),
(1196303, 228504, 'NABILA AZAHRA', 'MPLB', 'X MPLB 2', '1001', '303', 'AKTIF'),
(1197303, 228505, 'NABILA PUTRI DAMAYANTI', 'MPLB', 'X MPLB 2', '1001', '303', 'AKTIF'),
(1198303, 228506, 'NABILA ZAHRA', 'MPLB', 'X MPLB 2', '1001', '303', 'AKTIF'),
(1199303, 228509, 'NAULI SYAHLINA', 'MPLB', 'X MPLB 2', '1001', '303', 'AKTIF'),
(1200303, 228510, 'NAYA NATHANIA', 'MPLB', 'X MPLB 2', '1001', '303', 'AKTIF'),
(1201303, 228511, 'NAYLA HERLITA', 'MPLB', 'X MPLB 2', '1001', '303', 'AKTIF'),
(1202303, 228514, 'NOVIA EKA SAFITRI', 'MPLB', 'X MPLB 2', '1001', '303', 'AKTIF'),
(1203303, 228515, 'NOVITA NATASHA', 'MPLB', 'X MPLB 2', '1001', '303', 'AKTIF'),
(1204303, 228517, 'NUR AMALAH', 'MPLB', 'X MPLB 2', '1001', '303', 'AKTIF'),
(1205303, 228520, 'PUTRI MUHTAZAH', 'MPLB', 'X MPLB 2', '1001', '303', 'AKTIF'),
(1206303, 228521, 'PUTRI NILA LESTARI', 'MPLB', 'X MPLB 2', '1001', '303', 'AKTIF'),
(1207303, 228523, 'RINA ZAHRAH', 'MPLB', 'X MPLB 2', '1001', '303', 'AKTIF'),
(1208303, 228524, 'RIZKA SYAFA MAGHFIRA', 'MPLB', 'X MPLB 2', '1001', '303', 'AKTIF'),
(1209303, 228526, 'SAFINATUN NAJA', 'MPLB', 'X MPLB 2', '1001', '303', 'AKTIF'),
(1210303, 228527, 'SALWA AURISKI AGUSTIN', 'MPLB', 'X MPLB 2', '1001', '303', 'AKTIF'),
(1211303, 228530, 'SISKA AMELIA', 'MPLB', 'X MPLB 2', '1001', '303', 'AKTIF'),
(1212303, 228531, 'SITI ROBIYAH ADAWIYAH', 'MPLB', 'X MPLB 2', '1001', '303', 'AKTIF'),
(1213303, 228532, 'SITI ROHMATULLATIFAH', 'MPLB', 'X MPLB 2', '1001', '303', 'AKTIF'),
(1214303, 228533, 'SITI SOFIAH', 'MPLB', 'X MPLB 2', '1001', '303', 'AKTIF'),
(1215303, 228535, 'SIVA AULIANI', 'MPLB', 'X MPLB 2', '1001', '303', 'AKTIF'),
(1216303, 228537, 'SYIFA QURROTUL \'AIN', 'MPLB', 'X MPLB 2', '1001', '303', 'AKTIF'),
(1217303, 228541, 'USWATUN HASANAH', 'MPLB', 'X MPLB 2', '1001', '303', 'AKTIF'),
(1218303, 228543, 'ZALFA NABILA PRISTI', 'MPLB', 'X MPLB 2', '1001', '303', 'AKTIF'),
(1219303, 228544, 'AIRIN', 'PM', 'X PM 1', '1001', '303', 'AKTIF'),
(1220303, 228545, 'ANGGI SIAGIAN', 'PM', 'X PM 1', '1001', '303', 'AKTIF'),
(1221303, 228546, 'AURA ADREZY SUPRIYADI', 'PM', 'X PM 1', '1001', '303', 'AKTIF'),
(1222303, 228547, 'AURA KAYLLA PUTRI', 'PM', 'X PM 1', '1001', '303', 'AKTIF'),
(1223303, 228548, 'BOBBY BARUNA', 'PM', 'X PM 1', '1001', '303', 'AKTIF'),
(1224303, 228549, 'CIPTO ALDI PRAMANA', 'PM', 'X PM 1', '1001', '303', 'AKTIF'),
(1225303, 228550, 'DAVIQ KHALIK', 'PM', 'X PM 1', '1001', '303', 'AKTIF'),
(1226303, 228551, 'DIAH KOMALA SARI', 'PM', 'X PM 1', '1001', '303', 'AKTIF'),
(1227303, 228552, 'DIANA PUTRI', 'PM', 'X PM 1', '1001', '303', 'AKTIF'),
(1228303, 228553, 'ENGGAR NANDA SAPUTRA', 'PM', 'X PM 1', '1001', '303', 'AKTIF'),
(1229303, 228554, 'EVI FEBRIYANI', 'PM', 'X PM 1', '1001', '303', 'AKTIF'),
(1230303, 228555, 'FAUZAN JABAHNUR ', 'PM', 'X PM 1', '1001', '303', 'AKTIF'),
(1231303, 228556, 'FAUZI GHOZALI', 'PM', 'X PM 1', '1001', '303', 'AKTIF'),
(1232303, 228557, 'FITRI ANDRIYANI', 'PM', 'X PM 1', '1001', '303', 'AKTIF'),
(1233303, 228558, 'FRISCA ANGGITA RAHMADINA', 'PM', 'X PM 1', '1001', '303', 'AKTIF'),
(1234303, 228559, 'FRISINTA EGI AHFATUROHMAH', 'PM', 'X PM 1', '1001', '303', 'AKTIF'),
(1235303, 228560, 'GALANG ROMADHON', 'PM', 'X PM 1', '1001', '303', 'AKTIF'),
(1236303, 228561, 'JEYAN SABILLI', 'PM', 'X PM 1', '1001', '303', 'AKTIF'),
(1237303, 228562, 'M.RAFLI ANDIKA', 'PM', 'X PM 1', '1001', '303', 'AKTIF'),
(1238303, 228563, 'MISEL MONIKA FEYBIOLA', 'PM', 'X PM 1', '1001', '303', 'AKTIF'),
(1239303, 228564, 'MOHAMMAD RIF\'AN KHOLILI', 'PM', 'X PM 1', '1001', '303', 'AKTIF'),
(1240303, 228565, 'MUHAMAD AZIZ AL BUKHORY', 'PM', 'X PM 1', '1001', '303', 'AKTIF'),
(1241303, 228566, 'MUHAMAD ILMAN ZIDNI', 'PM', 'X PM 1', '1001', '303', 'AKTIF'),
(1242303, 228567, 'MUHAMMAD HAQQIN NAZILI', 'PM', 'X PM 1', '1001', '303', 'AKTIF'),
(1243303, 228568, 'MUHAMMAD RASYA', 'PM', 'X PM 1', '1001', '303', 'AKTIF'),
(1244303, 228569, 'MUHAMMAD RIDWAN', 'PM', 'X PM 1', '1001', '303', 'AKTIF'),
(1245303, 228570, 'NADIA SANDRA PRATIWI', 'PM', 'X PM 1', '1001', '303', 'AKTIF'),
(1246303, 228571, 'NEIVIELL OLIVIA TJONG', 'PM', 'X PM 1', '1001', '303', 'AKTIF'),
(1247303, 228573, 'NESYAH DHEA PUTRI', 'PM', 'X PM 1', '1001', '303', 'AKTIF'),
(1248303, 228572, 'NETI PRIYANA', 'PM', 'X PM 1', '1001', '303', 'AKTIF'),
(1249303, 228575, 'NOVA RIANSAH', 'PM', 'X PM 1', '1001', '303', 'AKTIF'),
(1250303, 228576, 'NURUL MULYANI', 'PM', 'X PM 1', '1001', '303', 'AKTIF'),
(1251303, 228577, 'PUTRI NIANSYAH HANDAYANI', 'PM', 'X PM 1', '1001', '303', 'AKTIF'),
(1252303, 228578, 'RAHAYU NOVITA LESTARI', 'PM', 'X PM 1', '1001', '303', 'AKTIF'),
(1253303, 228579, 'RIFQI MAYZA DWI SAPUTRA', 'PM', 'X PM 1', '1001', '303', 'AKTIF'),
(1254303, 228580, 'RISKI', 'PM', 'X PM 1', '1001', '303', 'AKTIF'),
(1255303, 228582, 'ROMLAH SULISTIOWATI', 'PM', 'X PM 1', '1001', '303', 'AKTIF'),
(1256303, 228583, 'SAHRUL ARIPIN', 'PM', 'X PM 1', '1001', '303', 'AKTIF'),
(1257303, 228584, 'SENDY EKA FAJRIANSYAH', 'PM', 'X PM 1', '1001', '303', 'AKTIF'),
(1258303, 228585, 'SUCI RAHMA WATI', 'PM', 'X PM 1', '1001', '303', 'AKTIF'),
(1259303, 228586, 'YUDHA ADI WIJAYA', 'PM', 'X PM 1', '1001', '303', 'AKTIF'),
(1260303, 228587, 'ZAKY RADITYA SUSANTA', 'PM', 'X PM 1', '1001', '303', 'AKTIF'),
(1261303, 228234, 'ACHMAD ZAENI ALIFIANSYAH', 'TJKT', 'X TJKT 1', '2002', '303', 'AKTIF'),
(1262303, 228235, 'ADE FEBIYAN', 'TJKT', 'X TJKT 1', '2002', '303', 'AKTIF'),
(1263303, 228246, 'AKBAR MAULANA', 'TJKT', 'X TJKT 1', '2002', '303', 'AKTIF'),
(1264303, 228247, 'ALDI FIRMAN SYAH', 'TJKT', 'X TJKT 1', '2002', '303', 'AKTIF'),
(1265303, 228248, 'ALEX REVALDO', 'TJKT', 'X TJKT 1', '2002', '303', 'AKTIF'),
(1266303, 228249, 'ALFINTER RICO PARNINGOTAN', 'TJKT', 'X TJKT 1', '2002', '303', 'AKTIF'),
(1267303, 228250, 'ALVIAN DWI SASONGKO', 'TJKT', 'X TJKT 1', '2002', '303', 'AKTIF'),
(1268303, 228251, 'AMSAL LEONARDO TOBING', 'TJKT', 'X TJKT 1', '2002', '303', 'AKTIF'),
(1269303, 228254, 'ARIF MAULANA', 'TJKT', 'X TJKT 1', '2002', '303', 'AKTIF'),
(1270303, 228259, 'BAYU SULTAN', 'TJKT', 'X TJKT 1', '2002', '303', 'AKTIF'),
(1271303, 228261, 'DAFFA FADLIL AFAN', 'TJKT', 'X TJKT 1', '2002', '303', 'AKTIF'),
(1272303, 228263, 'DESTEFANO ADAM REIVAND', 'TJKT', 'X TJKT 1', '2002', '303', 'AKTIF'),
(1273303, 228264, 'DIMAS PRAYUDI', 'TJKT', 'X TJKT 1', '2002', '303', 'AKTIF'),
(1274303, 228267, 'DYMAS PANJI PANGESTU', 'TJKT', 'X TJKT 1', '2002', '303', 'AKTIF'),
(1275303, 228268, 'EGY HARDIANSYAH', 'TJKT', 'X TJKT 1', '2002', '303', 'AKTIF'),
(1276303, 228274, 'EVANDRA GUSTI RAHARJO', 'TJKT', 'X TJKT 1', '2002', '303', 'AKTIF'),
(1277303, 228275, 'FADHIL FARIZI AZIZ', 'TJKT', 'X TJKT 1', '2002', '303', 'AKTIF'),
(1278303, 228278, 'FAISSAL ARMANTO', 'TJKT', 'X TJKT 1', '2002', '303', 'AKTIF'),
(1279303, 228279, 'FAREL AFIATUSADID AHMAD', 'TJKT', 'X TJKT 1', '2002', '303', 'AKTIF'),
(1280303, 228284, 'FEBRIO SAMMY NUGRAHA', 'TJKT', 'X TJKT 1', '2002', '303', 'AKTIF'),
(1281303, 228287, 'HERNAN BUDI LAKSNA', 'TJKT', 'X TJKT 1', '2002', '303', 'AKTIF'),
(1282303, 228293, 'ILHAM SAHRUL HASAN', 'TJKT', 'X TJKT 1', '2002', '303', 'AKTIF'),
(1283303, 228295, 'IMAM SURYO SUCIPTO', 'TJKT', 'X TJKT 1', '2002', '303', 'AKTIF'),
(1284303, 228296, 'INTAN ANGGELIA PUTRI', 'TJKT', 'X TJKT 1', '2002', '303', 'AKTIF'),
(1285303, 228297, 'JAFAR UMAR THALIB AL GHIFARI', 'TJKT', 'X TJKT 1', '2002', '303', 'AKTIF'),
(1286303, 228299, 'KLIWLY KASMALA HERMAWAN', 'TJKT', 'X TJKT 1', '2002', '303', 'AKTIF'),
(1287303, 228307, 'MONICA JULIANA', 'TJKT', 'X TJKT 1', '2002', '303', 'AKTIF'),
(1288303, 228320, 'MUAMMAD FAISHAL', 'TJKT', 'X TJKT 1', '2002', '303', 'AKTIF'),
(1289303, 228305, 'MUHAMAD AZRIL IHSANI', 'TJKT', 'X TJKT 1', '2002', '303', 'AKTIF'),
(1290303, 228309, 'MUHAMAD FERDI LESMANA', 'TJKT', 'X TJKT 1', '2002', '303', 'AKTIF'),
(1291303, 228323, 'MUHAMAD ILHAM', 'TJKT', 'X TJKT 1', '2002', '303', 'AKTIF'),
(1292303, 228313, 'MUHAMAD ZAKI SAPUTRA ', 'TJKT', 'X TJKT 1', '2002', '303', 'AKTIF'),
(1293303, 228317, 'MUHAMMAD BAGAS FEBRIANSYAH', 'TJKT', 'X TJKT 1', '2002', '303', 'AKTIF'),
(1294303, 228322, 'MUHAMMAD ILFAN MAULANA', 'TJKT', 'X TJKT 1', '2002', '303', 'AKTIF'),
(1295303, 228324, 'MUHAMMAD NAUFAL MAHDI', 'TJKT', 'X TJKT 1', '2002', '303', 'AKTIF'),
(1296303, 228325, 'MUHAMMAD RAHMAT DANI', 'TJKT', 'X TJKT 1', '2002', '303', 'AKTIF'),
(1297303, 228333, 'NUGI SATRIA', 'TJKT', 'X TJKT 1', '2002', '303', 'AKTIF'),
(1298303, 228334, 'NUR AJI INDRA MAULANA', 'TJKT', 'X TJKT 1', '2002', '303', 'AKTIF'),
(1299303, 228339, 'RADITYA SELWA NOVA', 'TJKT', 'X TJKT 1', '2002', '303', 'AKTIF'),
(1300303, 228344, 'RAMA WIGUNA', 'TJKT', 'X TJKT 1', '2002', '303', 'AKTIF'),
(1301303, 228347, 'RENDY ARDIANSYAH', 'TJKT', 'X TJKT 1', '2002', '303', 'AKTIF'),
(1302303, 228351, 'RIFA GLAND ALINSKIE', 'TJKT', 'X TJKT 1', '2002', '303', 'AKTIF'),
(1303303, 228352, 'RIKY ARYA SAPUTRO', 'TJKT', 'X TJKT 1', '2002', '303', 'AKTIF'),
(1304303, 228360, 'SHAHIBUR RIDWAN', 'TJKT', 'X TJKT 1', '2002', '303', 'AKTIF'),
(1305303, 228364, 'WAHYU ANJAR SETIAWAN', 'TJKT', 'X TJKT 1', '2002', '303', 'AKTIF'),
(1306303, 228367, 'ZAKY ADRIAN FERNANDO', 'TJKT', 'X TJKT 1', '2002', '303', 'AKTIF'),
(1307303, 228237, 'ADI SAPUTRA', 'TJKT', 'X TJKT 2', '2002', '303', 'AKTIF'),
(1308303, 228238, 'ADI SETYO GUNAWAN', 'TJKT', 'X TJKT 2', '2002', '303', 'AKTIF'),
(1309303, 228239, 'AFRIZA HARDIANTO SAPUTRA', 'TJKT', 'X TJKT 2', '2002', '303', 'AKTIF'),
(1310303, 228242, 'AHMAD ADRIAN PRATAMA', 'TJKT', 'X TJKT 2', '2002', '303', 'AKTIF'),
(1311303, 228245, 'AJI ILHAM', 'TJKT', 'X TJKT 2', '2002', '303', 'AKTIF'),
(1312303, 228252, 'ANGGI ARDIYANSAH', 'TJKT', 'X TJKT 2', '2002', '303', 'AKTIF'),
(1313303, 228253, 'ANZANI PESTA JUWITA NAIBAHO', 'TJKT', 'X TJKT 2', '2002', '303', 'AKTIF'),
(1314303, 228255, 'ARYA NURKHOLIK', 'TJKT', 'X TJKT 2', '2002', '303', 'AKTIF'),
(1315303, 228256, 'BAGAS DWI PRAYOGA', 'TJKT', 'X TJKT 2', '2002', '303', 'AKTIF'),
(1316303, 228258, 'BAYU FIRGIAWAN LISTANTO', 'TJKT', 'X TJKT 2', '2002', '303', 'AKTIF'),
(1317303, 228260, 'DAFFA ANGGARA RADITYA', 'TJKT', 'X TJKT 2', '2002', '303', 'AKTIF'),
(1318303, 228262, 'DANILO FERNANDO', 'TJKT', 'X TJKT 2', '2002', '303', 'AKTIF'),
(1319303, 228270, 'ERLAND SBASTIAN GUNAWAN', 'TJKT', 'X TJKT 2', '2002', '303', 'AKTIF'),
(1320303, 228280, 'FARIS AHMAD RIFQY', 'TJKT', 'X TJKT 2', '2002', '303', 'AKTIF'),
(1321303, 228282, 'FAYAD HAWARI', 'TJKT', 'X TJKT 2', '2002', '303', 'AKTIF'),
(1322303, 228286, 'GILANG MUHADZIB', 'TJKT', 'X TJKT 2', '2002', '303', 'AKTIF'),
(1323303, 228288, 'IBNU BACTIAR GULTOM', 'TJKT', 'X TJKT 2', '2002', '303', 'AKTIF'),
(1324303, 228291, 'IKFANSYAH', 'TJKT', 'X TJKT 2', '2002', '303', 'AKTIF'),
(1325303, 228292, 'IKHSAN NURRIZKY', 'TJKT', 'X TJKT 2', '2002', '303', 'AKTIF'),
(1326303, 228298, 'JONATHAN IGBAL PUTRA', 'TJKT', 'X TJKT 2', '2002', '303', 'AKTIF'),
(1327303, 228300, 'LEFI NURYANDI', 'TJKT', 'X TJKT 2', '2002', '303', 'AKTIF'),
(1328303, 228304, 'MERLINA EVELYN', 'TJKT', 'X TJKT 2', '2002', '303', 'AKTIF'),
(1329303, 228311, 'MUHAMAD RISKI', 'TJKT', 'X TJKT 2', '2002', '303', 'AKTIF'),
(1330303, 228312, 'MUHAMAD SYAISAR RAMADHAN', 'TJKT', 'X TJKT 2', '2002', '303', 'AKTIF'),
(1331303, 228315, 'MUHAMMAD ADRIANSYAH', 'TJKT', 'X TJKT 2', '2002', '303', 'AKTIF'),
(1332303, 228321, 'MUHAMMAD GILANG RADITIYA', 'TJKT', 'X TJKT 2', '2002', '303', 'AKTIF'),
(1333303, 228327, 'MUHAMMAD RIZKI SAPUTRA', 'TJKT', 'X TJKT 2', '2002', '303', 'AKTIF'),
(1334303, 228328, 'MUHAMMAD SAEFULAH', 'TJKT', 'X TJKT 2', '2002', '303', 'AKTIF'),
(1335303, 228330, 'NAUKY BAGUS PRATAMA', 'TJKT', 'X TJKT 2', '2002', '303', 'AKTIF'),
(1336303, 228332, 'NOVAL ARIYANTO', 'TJKT', 'X TJKT 2', '2002', '303', 'AKTIF'),
(1337303, 228335, 'NUR AWAL SANTOSO', 'TJKT', 'X TJKT 2', '2002', '303', 'AKTIF'),
(1338303, 228337, 'RADIT SYAHPUTRA', 'TJKT', 'X TJKT 2', '2002', '303', 'AKTIF'),
(1339303, 228340, 'RAFFI PRASETIA', 'TJKT', 'X TJKT 2', '2002', '303', 'AKTIF'),
(1340303, 228341, 'RAHMANDANI', 'TJKT', 'X TJKT 2', '2002', '303', 'AKTIF'),
(1341303, 228346, 'RENDI IRWANSYAH', 'TJKT', 'X TJKT 2', '2002', '303', 'AKTIF'),
(1342303, 228348, 'RENDY PUTRA AFIA', 'TJKT', 'X TJKT 2', '2002', '303', 'AKTIF'),
(1343303, 228355, 'RIZKY KURNIAWAN', 'TJKT', 'X TJKT 2', '2002', '303', 'AKTIF'),
(1344303, 228357, 'RIZQI MARDIANSYAH', 'TJKT', 'X TJKT 2', '2002', '303', 'AKTIF'),
(1345303, 228358, 'ROMI CANDRA WINATA', 'TJKT', 'X TJKT 2', '2002', '303', 'AKTIF'),
(1346303, 228361, 'SHERIL ARDIKA ASSHAWA', 'TJKT', 'X TJKT 2', '2002', '303', 'AKTIF'),
(1347303, 228362, 'SONI SAPUTRA', 'TJKT', 'X TJKT 2', '2002', '303', 'AKTIF'),
(1348303, 228363, 'SYAHDANI AGUSTIO', 'TJKT', 'X TJKT 2', '2002', '303', 'AKTIF'),
(1349303, 228635, 'TEDDY PERMANA', 'TJKT', 'X TJKT 2', '2002', '303', 'AKTIF'),
(1350303, 228365, 'WIKO RIPANDA PUTRA', 'TJKT', 'X TJKT 2', '2002', '303', 'AKTIF'),
(1351303, 228236, 'ADE RAFLI', 'TJKT', 'X TJKT 3', '2002', '303', 'AKTIF'),
(1352303, 228240, 'AGUNG NUR RISKI', 'TJKT', 'X TJKT 3', '2002', '303', 'AKTIF'),
(1353303, 228241, 'AHMAD ABIDZAR RIFA\'I', 'TJKT', 'X TJKT 3', '2002', '303', 'AKTIF'),
(1354303, 228243, 'AHMAD EKA PRATAMA', 'TJKT', 'X TJKT 3', '2002', '303', 'AKTIF'),
(1355303, 228244, 'AHMAD HAERUL HADI', 'TJKT', 'X TJKT 3', '2002', '303', 'AKTIF'),
(1356303, 228257, 'BAGAS SADEWO JATI', 'TJKT', 'X TJKT 3', '2002', '303', 'AKTIF'),
(1357303, 228265, 'DIMAS SAPUTRA', 'TJKT', 'X TJKT 3', '2002', '303', 'AKTIF'),
(1358303, 228266, 'DWI ADI NUGROHO', 'TJKT', 'X TJKT 3', '2002', '303', 'AKTIF'),
(1359303, 228269, 'ERIK YOGA PRATAMA', 'TJKT', 'X TJKT 3', '2002', '303', 'AKTIF'),
(1360303, 228271, 'ERLANGGA SAPUTRA', 'TJKT', 'X TJKT 3', '2002', '303', 'AKTIF'),
(1361303, 228273, 'EVAN TRILYANTO', 'TJKT', 'X TJKT 3', '2002', '303', 'AKTIF'),
(1362303, 228276, 'FADHIL KURNIAWAN', 'TJKT', 'X TJKT 3', '2002', '303', 'AKTIF'),
(1363303, 228277, 'FAHMI WIJAYA', 'TJKT', 'X TJKT 3', '2002', '303', 'AKTIF'),
(1364303, 228281, 'FASKALIS HAMBALLAH AKBAR', 'TJKT', 'X TJKT 3', '2002', '303', 'AKTIF'),
(1365303, 228283, 'FAZA ZAHIDAN ', 'TJKT', 'X TJKT 3', '2002', '303', 'AKTIF'),
(1366303, 228285, 'GALIH ADI APRIANSYAH', 'TJKT', 'X TJKT 3', '2002', '303', 'AKTIF'),
(1367303, 228289, 'IBNU BASUNJAY', 'TJKT', 'X TJKT 3', '2002', '303', 'AKTIF'),
(1368303, 228290, 'IBRA HAFIZH HERMAWAN', 'TJKT', 'X TJKT 3', '2002', '303', 'AKTIF'),
(1369303, 228294, 'ILYAS', 'TJKT', 'X TJKT 3', '2002', '303', 'AKTIF'),
(1370303, 228301, 'LUTFIANSYAH ALFAHREZI', 'TJKT', 'X TJKT 3', '2002', '303', 'AKTIF'),
(1371303, 228302, 'MAULANA ISHAQ', 'TJKT', 'X TJKT 3', '2002', '303', 'AKTIF'),
(1372303, 228303, 'MAULANA SANJAYA', 'TJKT', 'X TJKT 3', '2002', '303', 'AKTIF'),
(1373303, 228306, 'MOHAMMAD FAIZ SHALIHIN', 'TJKT', 'X TJKT 3', '2002', '303', 'AKTIF'),
(1374303, 228310, 'MUHAMAD IQBAL AL FAREZI', 'TJKT', 'X TJKT 3', '2002', '303', 'AKTIF'),
(1375303, 228314, 'MUHAMAD ZIDANE', 'TJKT', 'X TJKT 3', '2002', '303', 'AKTIF'),
(1376303, 228316, 'MUHAMMAD ARMAN MALIKI', 'TJKT', 'X TJKT 3', '2002', '303', 'AKTIF'),
(1377303, 228318, 'MUHAMMAD CHOIRUL HAMZAH', 'TJKT', 'X TJKT 3', '2002', '303', 'AKTIF'),
(1378303, 228319, 'MUHAMMAD FADIL', 'TJKT', 'X TJKT 3', '2002', '303', 'AKTIF'),
(1379303, 228308, 'MUHAMMAD HAIKHAL RAMDHANI', 'TJKT', 'X TJKT 3', '2002', '303', 'AKTIF'),
(1380303, 228326, 'MUHAMMAD RAIHAN', 'TJKT', 'X TJKT 3', '2002', '303', 'AKTIF'),
(1381303, 228329, 'NASYIFA ADINDA', 'TJKT', 'X TJKT 3', '2002', '303', 'AKTIF'),
(1382303, 228331, 'NOREEN TRIPUTRA', 'TJKT', 'X TJKT 3', '2002', '303', 'AKTIF'),
(1383303, 228336, 'PUTRA RASIET ANDRIANSYAH PRATAMA', 'TJKT', 'X TJKT 3', '2002', '303', 'AKTIF'),
(1384303, 228338, 'RADITYA PUTRA HARSYAH', 'TJKT', 'X TJKT 3', '2002', '303', 'AKTIF'),
(1385303, 228272, 'RADJA HIDAYAT', 'TJKT', 'X TJKT 3', '2002', '303', 'AKTIF'),
(1386303, 228342, 'RAIHAN PUTRA LESMANA', 'TJKT', 'X TJKT 3', '2002', '303', 'AKTIF'),
(1387303, 228343, 'RAKAN WIJAYA NENDRA', 'TJKT', 'X TJKT 3', '2002', '303', 'AKTIF'),
(1388303, 228345, 'RASYA BAGUS GUNAWAN', 'TJKT', 'X TJKT 3', '2002', '303', 'AKTIF'),
(1389303, 228349, 'REZA FARIZI', 'TJKT', 'X TJKT 3', '2002', '303', 'AKTIF'),
(1390303, 228350, 'RIDWAN SAPUTRA', 'TJKT', 'X TJKT 3', '2002', '303', 'AKTIF'),
(1391303, 228353, 'RIZAL NURIYANTO', 'TJKT', 'X TJKT 3', '2002', '303', 'AKTIF'),
(1392303, 228354, 'RIZKI FATIH AKMAL', 'TJKT', 'X TJKT 3', '2002', '303', 'AKTIF'),
(1393303, 228356, 'RIZKY RAHMADAN FALIFI', 'TJKT', 'X TJKT 3', '2002', '303', 'AKTIF'),
(1394303, 228366, 'ZAKI NURSYAHMAN', 'TJKT', 'X TJKT 3', '2002', '303', 'AKTIF'),
(1395303, 218068, 'ADITYA NURUL FIKRI', 'AKL', 'XI AKL 1', '3003', '303', 'AKTIF'),
(1396303, 218072, 'ALIYA INDRIYANI PUTRI', 'AKL', 'XI AKL 1', '3003', '303', 'AKTIF'),
(1397303, 218073, 'ALYA NASYWA KHAERANI', 'AKL', 'XI AKL 1', '3003', '303', 'AKTIF'),
(1398303, 218074, 'AMRAN DANY', 'AKL', 'XI AKL 1', '3003', '303', 'AKTIF'),
(1399303, 218077, 'BAGUS ARIEF SAPUTRA', 'AKL', 'XI AKL 1', '3003', '303', 'AKTIF'),
(1400303, 218078, 'CATERINE NATALIA TEJA', 'AKL', 'XI AKL 1', '3003', '303', 'AKTIF'),
(1401303, 218080, 'CICI HERDIANTI', 'AKL', 'XI AKL 1', '3003', '303', 'AKTIF'),
(1402303, 218223, 'DAVID UMAR HAMZAH', 'AKL', 'XI AKL 1', '3003', '303', 'AKTIF'),
(1403303, 218081, 'DHEASY NOVITA KUSUMA YETI', 'AKL', 'XI AKL 1', '3003', '303', 'AKTIF'),
(1404303, 228230, 'FERI HIRAWAN', 'AKL', 'XI AKL 1', '3003', '303', 'AKTIF'),
(1405303, 218085, 'INDI NOVI TRIANI', 'AKL', 'XI AKL 1', '3003', '303', 'AKTIF'),
(1406303, 218087, 'INTAN HESTIYANA', 'AKL', 'XI AKL 1', '3003', '303', 'AKTIF'),
(1407303, 218090, 'MARCEL EDHI SUTIKNA', 'AKL', 'XI AKL 1', '3003', '303', 'AKTIF'),
(1408303, 228231, 'MUHAMMAD RIFQY SAPUTRA', 'AKL', 'XI AKL 1', '3003', '303', 'AKTIF'),
(1409303, 218092, 'NABILAH INTAN NURAINI', 'AKL', 'XI AKL 1', '3003', '303', 'AKTIF'),
(1410303, 218093, 'NAILATUSY ARIBAH TASIMA', 'AKL', 'XI AKL 1', '3003', '303', 'AKTIF'),
(1411303, 218095, 'NATASYA ANANDA SANTOSO', 'AKL', 'XI AKL 1', '3003', '303', 'AKTIF'),
(1412303, 218099, 'NAZWA AULIA SALSABILLA', 'AKL', 'XI AKL 1', '3003', '303', 'AKTIF'),
(1413303, 218100, 'NIDA KHOIRURRAHMAH', 'AKL', 'XI AKL 1', '3003', '303', 'AKTIF'),
(1414303, 218103, 'RAMANDA OKTAVIANI', 'AKL', 'XI AKL 1', '3003', '303', 'AKTIF'),
(1415303, 218104, 'RAMDZAN MULIAWAN TRAH SAPUTRA', 'AKL', 'XI AKL 1', '3003', '303', 'AKTIF'),
(1416303, 228232, 'RAYYAN ANDHIKA HARSA', 'AKL', 'XI AKL 1', '3003', '303', 'AKTIF'),
(1417303, 218106, 'SADIAH', 'AKL', 'XI AKL 1', '3003', '303', 'AKTIF'),
(1418303, 218110, 'SHEREN FEBRIANI', 'AKL', 'XI AKL 1', '3003', '303', 'AKTIF'),
(1419303, 218111, 'STEVANI PUTRI WIJAYA', 'AKL', 'XI AKL 1', '3003', '303', 'AKTIF'),
(1420303, 218113, 'VANI HARIYANTI', 'AKL', 'XI AKL 1', '3003', '303', 'AKTIF'),
(1421303, 218069, 'ADITYA PRATAMA', 'AKL', 'XI AKL 2', '3003', '303', 'AKTIF'),
(1422303, 218070, 'ADUTA BAYHAQI', 'AKL', 'XI AKL 2', '3003', '303', 'AKTIF'),
(1423303, 218071, 'AHMAD RIDWAN', 'AKL', 'XI AKL 2', '3003', '303', 'AKTIF'),
(1424303, 218075, 'ANIN DWI RAHMAWATI', 'AKL', 'XI AKL 2', '3003', '303', 'AKTIF'),
(1425303, 218076, 'AULIA DZURUN NAFIS', 'AKL', 'XI AKL 2', '3003', '303', 'AKTIF'),
(1426303, 218079, 'CHERRYL DEANDYA KHALISHAH', 'AKL', 'XI AKL 2', '3003', '303', 'AKTIF'),
(1427303, 218229, 'DEWI PURNAMA SARI', 'AKL', 'XI AKL 2', '3003', '303', 'AKTIF'),
(1428303, 218082, 'DWI PRAMBANDARI', 'AKL', 'XI AKL 2', '3003', '303', 'AKTIF'),
(1429303, 218083, 'ERIKA ILMANISA', 'AKL', 'XI AKL 2', '3003', '303', 'AKTIF'),
(1430303, 218086, 'INEU SANTIKA', 'AKL', 'XI AKL 2', '3003', '303', 'AKTIF'),
(1431303, 218089, 'IRWANSYAH', 'AKL', 'XI AKL 2', '3003', '303', 'AKTIF'),
(1432303, 218091, 'MUHAMMAD YUSUF FADLAN', 'AKL', 'XI AKL 2', '3003', '303', 'AKTIF'),
(1433303, 218094, 'NANDA AULYA ARIYANDI', 'AKL', 'XI AKL 2', '3003', '303', 'AKTIF'),
(1434303, 218097, 'NAURAH SASMITA PUTRI', 'AKL', 'XI AKL 2', '3003', '303', 'AKTIF'),
(1435303, 218098, 'NAYLA PUTRI RAHARI', 'AKL', 'XI AKL 2', '3003', '303', 'AKTIF'),
(1436303, 218101, 'NISA UL HASANAH', 'AKL', 'XI AKL 2', '3003', '303', 'AKTIF'),
(1437303, 218102, 'ORYSA SATIVA', 'AKL', 'XI AKL 2', '3003', '303', 'AKTIF'),
(1438303, 218225, 'RIVAL WAHYUDIN', 'AKL', 'XI AKL 2', '3003', '303', 'AKTIF'),
(1439303, 218105, 'RIZKY DWI KARNADI', 'AKL', 'XI AKL 2', '3003', '303', 'AKTIF'),
(1440303, 218107, 'SARAH AULIYA', 'AKL', 'XI AKL 2', '3003', '303', 'AKTIF'),
(1441303, 218108, 'SATRIA PUTRA', 'AKL', 'XI AKL 2', '3003', '303', 'AKTIF'),
(1442303, 218109, 'SELO GIRI ADJI PANGESTU', 'AKL', 'XI AKL 2', '3003', '303', 'AKTIF'),
(1443303, 218114, 'WULAN SUCI PUSPITASARI', 'AKL', 'XI AKL 2', '3003', '303', 'AKTIF'),
(1444303, 218115, 'WULAN TARI', 'AKL', 'XI AKL 2', '3003', '303', 'AKTIF'),
(1445303, 218182, 'AKBAR SADEWA', 'PM', 'XI PM 1', '3003', '303', 'AKTIF'),
(1446303, 218183, 'ANDHIKA DIAN SAPUTRA', 'PM', 'XI PM 1', '3003', '303', 'AKTIF'),
(1447303, 218184, 'ANDRE YULIANTO', 'PM', 'XI PM 1', '3003', '303', 'AKTIF'),
(1448303, 218185, 'ARDIONA ATTA SAPUTRA', 'PM', 'XI PM 1', '3003', '303', 'AKTIF'),
(1449303, 218186, 'AULIA ANDINI', 'PM', 'XI PM 1', '3003', '303', 'AKTIF'),
(1450303, 218187, 'BAHRUDIN SIROTH', 'PM', 'XI PM 1', '3003', '303', 'AKTIF'),
(1451303, 218188, 'BRILLIANT MUHAMMAD PRANAYA', 'PM', 'XI PM 1', '3003', '303', 'AKTIF'),
(1452303, 218189, 'CHINDY WULAN SARI ', 'PM', 'XI PM 1', '3003', '303', 'AKTIF'),
(1453303, 218190, 'DAYDAEL RAHMAT PRIHARTONO', 'PM', 'XI PM 1', '3003', '303', 'AKTIF'),
(1454303, 218191, 'DEVINNA CHRISTIANAH', 'PM', 'XI PM 1', '3003', '303', 'AKTIF'),
(1455303, 218192, 'DIANA FEBRIASTUTI', 'PM', 'XI PM 1', '3003', '303', 'AKTIF'),
(1456303, 218193, 'DIKI MUZALFA', 'PM', 'XI PM 1', '3003', '303', 'AKTIF'),
(1457303, 218194, 'DINI AULIA', 'PM', 'XI PM 1', '3003', '303', 'AKTIF'),
(1458303, 218195, 'FAKHRIY PUTRA MAULANA', 'PM', 'XI PM 1', '3003', '303', 'AKTIF'),
(1459303, 218196, 'FIONA FASTAG FARA', 'PM', 'XI PM 1', '3003', '303', 'AKTIF'),
(1460303, 218197, 'GURUH PRIYANDONO', 'PM', 'XI PM 1', '3003', '303', 'AKTIF'),
(1461303, 218198, 'HAFISTH IKHSAN MAULANA', 'PM', 'XI PM 1', '3003', '303', 'AKTIF'),
(1462303, 218199, 'JUNEDI', 'PM', 'XI PM 1', '3003', '303', 'AKTIF'),
(1463303, 218200, 'KEISYA DWI AMELIA', 'PM', 'XI PM 1', '3003', '303', 'AKTIF'),
(1464303, 218201, 'M. SYAH HABIANTO', 'PM', 'XI PM 1', '3003', '303', 'AKTIF'),
(1465303, 218202, 'MARCELLINO ADI PRATAMA', 'PM', 'XI PM 1', '3003', '303', 'AKTIF'),
(1466303, 218203, 'MIFTAHUL SAPUTRA', 'PM', 'XI PM 1', '3003', '303', 'AKTIF'),
(1467303, 218204, 'MUHAMAD RAKA HADI SANJAYA', 'PM', 'XI PM 1', '3003', '303', 'AKTIF'),
(1468303, 218205, 'MUHAMAD RIANSYAH', 'PM', 'XI PM 1', '3003', '303', 'AKTIF'),
(1469303, 218206, 'MUHAMAD ROZAK', 'PM', 'XI PM 1', '3003', '303', 'AKTIF'),
(1470303, 218207, 'MUHAMMAD DAFFA', 'PM', 'XI PM 1', '3003', '303', 'AKTIF'),
(1471303, 218208, 'MUHAMMAD DAFFA ANSORI', 'PM', 'XI PM 1', '3003', '303', 'AKTIF'),
(1472303, 218209, 'NUR KHOLIS HENDAR', 'PM', 'XI PM 1', '3003', '303', 'AKTIF'),
(1473303, 218210, 'PENDI NUR SETIYAWAN', 'PM', 'XI PM 1', '3003', '303', 'AKTIF'),
(1474303, 218211, 'RAMA ADLI ALFIAN', 'PM', 'XI PM 1', '3003', '303', 'AKTIF'),
(1475303, 218212, 'RIZKI ANANDA PRASETIA', 'PM', 'XI PM 1', '3003', '303', 'AKTIF'),
(1476303, 218214, 'SAHRULDIN', 'PM', 'XI PM 1', '3003', '303', 'AKTIF'),
(1477303, 218213, 'SAVIRA ZAHRA', 'PM', 'XI PM 1', '3003', '303', 'AKTIF'),
(1478303, 218215, 'SELVIA ELVINA DARAPUSPITA', 'PM', 'XI PM 1', '3003', '303', 'AKTIF'),
(1479303, 218216, 'SELVY AYU DAVISTA', 'PM', 'XI PM 1', '3003', '303', 'AKTIF'),
(1480303, 218217, 'SHANDY PUTRA IRWANSYAH', 'PM', 'XI PM 1', '3003', '303', 'AKTIF'),
(1481303, 218218, 'SHOHAIH AGYL SAPUTRA', 'PM', 'XI PM 1', '3003', '303', 'AKTIF'),
(1482303, 218219, 'SIDIK DWI MUNAHZAR', 'PM', 'XI PM 1', '3003', '303', 'AKTIF'),
(1483303, 218220, 'SYIFATUL HASANAH', 'PM', 'XI PM 1', '3003', '303', 'AKTIF'),
(1484303, 218221, 'TISYA OCTAVIA RAMADHANI', 'PM', 'XI PM 1', '3003', '303', 'AKTIF'),
(1485303, 218222, 'YOEDI', 'PM', 'XI PM 1', '3003', '303', 'AKTIF'),
(1486303, 218117, 'ADELIA ANGRAINI ZAHRA', 'MPLB', 'XI MPLB 1', '3003', '303', 'AKTIF'),
(1487303, 218119, 'AGNES PASKA TAMBUNAN', 'MPLB', 'XI MPLB 1', '3003', '303', 'AKTIF'),
(1488303, 218120, 'ALIVIA SUCI RAMADHANI', 'MPLB', 'XI MPLB 1', '3003', '303', 'AKTIF'),
(1489303, 218122, 'AMANDA PUTRI SITIO', 'MPLB', 'XI MPLB 1', '3003', '303', 'AKTIF'),
(1490303, 218123, 'AMANDA YULIA PERMATA SARI', 'MPLB', 'XI MPLB 1', '3003', '303', 'AKTIF'),
(1491303, 218126, 'ANISA DINI AYU AGUSTIN', 'MPLB', 'XI MPLB 1', '3003', '303', 'AKTIF'),
(1492303, 218128, 'ARTIKASARI', 'MPLB', 'XI MPLB 1', '3003', '303', 'AKTIF'),
(1493303, 218130, 'AWALIA PUTRI', 'MPLB', 'XI MPLB 1', '3003', '303', 'AKTIF'),
(1494303, 218133, 'DELLY PUSPITA SARI', 'MPLB', 'XI MPLB 1', '3003', '303', 'AKTIF'),
(1495303, 218134, 'DEWI SHINTA WIJAYA', 'MPLB', 'XI MPLB 1', '3003', '303', 'AKTIF'),
(1496303, 218136, 'DIFA AISYAH PUTRI', 'MPLB', 'XI MPLB 1', '3003', '303', 'AKTIF'),
(1497303, 228633, 'DINDA SYAFITRI', 'MPLB', 'XI MPLB 1', '3003', '303', 'AKTIF'),
(1498303, 218137, 'ELSA APRILIA SAFITRI', 'MPLB', 'XI MPLB 1', '3003', '303', 'AKTIF'),
(1499303, 218138, 'FANNY DWI MUNAENI', 'MPLB', 'XI MPLB 1', '3003', '303', 'AKTIF'),
(1500303, 218141, 'FRIDA SIWI MAYSAWATI', 'MPLB', 'XI MPLB 1', '3003', '303', 'AKTIF'),
(1501303, 218142, 'HARTANTI WIJAYA', 'MPLB', 'XI MPLB 1', '3003', '303', 'AKTIF'),
(1502303, 218144, 'JESICA TRISIA PUTRI', 'MPLB', 'XI MPLB 1', '3003', '303', 'AKTIF'),
(1503303, 218145, 'KALISA NABILA', 'MPLB', 'XI MPLB 1', '3003', '303', 'AKTIF'),
(1504303, 218148, 'MARSELLINA', 'MPLB', 'XI MPLB 1', '3003', '303', 'AKTIF'),
(1505303, 218149, 'MEI RIYANTI', 'MPLB', 'XI MPLB 1', '3003', '303', 'AKTIF'),
(1506303, 218150, 'NABILA MUKHTAR', 'MPLB', 'XI MPLB 1', '3003', '303', 'AKTIF'),
(1507303, 218154, 'NAGITA ZAHARANI', 'MPLB', 'XI MPLB 1', '3003', '303', 'AKTIF'),
(1508303, 218155, 'NAJWA INDAH LESTARI', 'MPLB', 'XI MPLB 1', '3003', '303', 'AKTIF'),
(1509303, 218157, 'NATASYA ALAWIYAH', 'MPLB', 'XI MPLB 1', '3003', '303', 'AKTIF'),
(1510303, 218163, 'NURUL ZHAHRANI', 'MPLB', 'XI MPLB 1', '3003', '303', 'AKTIF'),
(1511303, 228233, 'REVALIA RAHMAWATI', 'MPLB', 'XI MPLB 1', '3003', '303', 'AKTIF'),
(1512303, 218167, 'RISTY INDRIANI PUTRI', 'MPLB', 'XI MPLB 1', '3003', '303', 'AKTIF'),
(1513303, 218170, 'SEFHIA MAHARANI', 'MPLB', 'XI MPLB 1', '3003', '303', 'AKTIF'),
(1514303, 218171, 'SILVIANA NUGRAHA', 'MPLB', 'XI MPLB 1', '3003', '303', 'AKTIF'),
(1515303, 218172, 'SILVIE', 'MPLB', 'XI MPLB 1', '3003', '303', 'AKTIF'),
(1516303, 218174, 'SITI TWANTI', 'MPLB', 'XI MPLB 1', '3003', '303', 'AKTIF'),
(1517303, 218175, 'SOFHIANA PUTRI SUTRISNO', 'MPLB', 'XI MPLB 1', '3003', '303', 'AKTIF'),
(1518303, 218179, 'VIVIAN CORNELIA SETIAWAN', 'MPLB', 'XI MPLB 1', '3003', '303', 'AKTIF'),
(1519303, 218118, 'ADELIA ZAHRA KHIRANA', 'MPLB', 'XI MPLB 2', '3003', '303', 'AKTIF'),
(1520303, 218121, 'AMANDA NURMALA', 'MPLB', 'XI MPLB 2', '3003', '303', 'AKTIF'),
(1521303, 218125, 'ANIS SYAHIIDAH MEILANI', 'MPLB', 'XI MPLB 2', '3003', '303', 'AKTIF'),
(1522303, 218127, 'ANISSA', 'MPLB', 'XI MPLB 2', '3003', '303', 'AKTIF'),
(1523303, 218129, 'ASHA SHARA APRIANA', 'MPLB', 'XI MPLB 2', '3003', '303', 'AKTIF'),
(1524303, 218131, 'AZ ZAHRA ZIDNI NAYSABILLA', 'MPLB', 'XI MPLB 2', '3003', '303', 'AKTIF'),
(1525303, 218132, 'DEA RAHMA ALYA', 'MPLB', 'XI MPLB 2', '3003', '303', 'AKTIF'),
(1526303, 218135, 'DHEA RAHMAWATI', 'MPLB', 'XI MPLB 2', '3003', '303', 'AKTIF'),
(1527303, 218139, 'FIKA DAVILA', 'MPLB', 'XI MPLB 2', '3003', '303', 'AKTIF'),
(1528303, 218140, 'FLORA CINDY AULIA', 'MPLB', 'XI MPLB 2', '3003', '303', 'AKTIF'),
(1529303, 218143, 'IRMA SEPTIANI IRWANSYAH', 'MPLB', 'XI MPLB 2', '3003', '303', 'AKTIF'),
(1530303, 218146, 'KHUSNUL KHOTIMATUL ZAHRA', 'MPLB', 'XI MPLB 2', '3003', '303', 'AKTIF'),
(1531303, 218151, 'NABILA PUTRI SETIAWAN', 'MPLB', 'XI MPLB 2', '3003', '303', 'AKTIF'),
(1532303, 218152, 'NABILA SEPTYANA DEWI', 'MPLB', 'XI MPLB 2', '3003', '303', 'AKTIF'),
(1533303, 218153, 'NABYLA', 'MPLB', 'XI MPLB 2', '3003', '303', 'AKTIF'),
(1534303, 218156, 'NANDITA PUTRI RAMADHANI', 'MPLB', 'XI MPLB 2', '3003', '303', 'AKTIF'),
(1535303, 218158, 'NEZA CHARLITA', 'MPLB', 'XI MPLB 2', '3003', '303', 'AKTIF'),
(1536303, 218159, 'NIMAS NUR YAUMI', 'MPLB', 'XI MPLB 2', '3003', '303', 'AKTIF'),
(1537303, 218160, 'NIRMALASARI', 'MPLB', 'XI MPLB 2', '3003', '303', 'AKTIF'),
(1538303, 218161, 'NOVIA AMANDA', 'MPLB', 'XI MPLB 2', '3003', '303', 'AKTIF'),
(1539303, 218162, 'NURHIKMAH', 'MPLB', 'XI MPLB 2', '3003', '303', 'AKTIF'),
(1540303, 218164, 'PUTRI AYU WULANDARI', 'MPLB', 'XI MPLB 2', '3003', '303', 'AKTIF'),
(1541303, 218165, 'RATNA DILAH', 'MPLB', 'XI MPLB 2', '3003', '303', 'AKTIF'),
(1542303, 218166, 'RINI NURBAITI', 'MPLB', 'XI MPLB 2', '3003', '303', 'AKTIF'),
(1543303, 218168, 'RIYANTI WAFIQ AZIZAH', 'MPLB', 'XI MPLB 2', '3003', '303', 'AKTIF'),
(1544303, 218226, 'SALSABILA NURUL FITRI', 'MPLB', 'XI MPLB 2', '3003', '303', 'AKTIF'),
(1545303, 218173, 'SITI MUTIARA WARDAH', 'MPLB', 'XI MPLB 2', '3003', '303', 'AKTIF'),
(1546303, 218176, 'SYAIRA RANI ASMARI PUTRI', 'MPLB', 'XI MPLB 2', '3003', '303', 'AKTIF'),
(1547303, 218177, 'TASYA MUT\'ALIFAH ', 'MPLB', 'XI MPLB 2', '3003', '303', 'AKTIF'),
(1548303, 218178, 'TRIA KARTINI WAHYUDI', 'MPLB', 'XI MPLB 2', '3003', '303', 'AKTIF'),
(1549303, 218180, 'WINDA AULIA', 'MPLB', 'XI MPLB 2', '3003', '303', 'AKTIF'),
(1550303, 218181, 'WINDA RESTU FALIHA', 'MPLB', 'XI MPLB 2', '3003', '303', 'AKTIF'),
(1551303, 217969, 'ADI PRATAMA', 'TJKT', 'XI TJKT 1', '4004', '303', 'AKTIF'),
(1552303, 217971, 'AGUNG RAMADHAN', 'TJKT', 'XI TJKT 1', '4004', '303', 'AKTIF'),
(1553303, 217972, 'AHMAD AGUS TAWAKAL', 'TJKT', 'XI TJKT 1', '4004', '303', 'AKTIF'),
(1554303, 217976, 'ALBERTINUS SABAM SILAEN', 'TJKT', 'XI TJKT 1', '4004', '303', 'AKTIF'),
(1555303, 217978, 'ALFIAN FEBRIYANTO', 'TJKT', 'XI TJKT 1', '4004', '303', 'AKTIF'),
(1556303, 217979, 'ALFIAN NUR ILHAM', 'TJKT', 'XI TJKT 1', '4004', '303', 'AKTIF'),
(1557303, 217980, 'ALPIN RAMADAN SETIAWAN', 'TJKT', 'XI TJKT 1', '4004', '303', 'AKTIF'),
(1558303, 217994, 'DENTA FITRI NOVIANI', 'TJKT', 'XI TJKT 1', '4004', '303', 'AKTIF'),
(1559303, 218000, 'EGI KURNIA', 'TJKT', 'XI TJKT 1', '4004', '303', 'AKTIF'),
(1560303, 218001, 'EGNER CONSTANTIN', 'TJKT', 'XI TJKT 1', '4004', '303', 'AKTIF'),
(1561303, 218002, 'ERICH JALEMBA JUNIARTA', 'TJKT', 'XI TJKT 1', '4004', '303', 'AKTIF'),
(1562303, 218004, 'FADLY ERLANGGA', 'TJKT', 'XI TJKT 1', '4004', '303', 'AKTIF'),
(1563303, 218007, 'FATHYA AULIA', 'TJKT', 'XI TJKT 1', '4004', '303', 'AKTIF'),
(1564303, 218010, 'FIKHAR HADISAPUTRA', 'TJKT', 'XI TJKT 1', '4004', '303', 'AKTIF'),
(1565303, 218014, 'FRANS LEONARDO HADIWINATA', 'TJKT', 'XI TJKT 1', '4004', '303', 'AKTIF'),
(1566303, 218017, 'GILANG MAULANA AKBAR', 'TJKT', 'XI TJKT 1', '4004', '303', 'AKTIF'),
(1567303, 218019, 'HAFIDZ SYAHPUTRO', 'TJKT', 'XI TJKT 1', '4004', '303', 'AKTIF'),
(1568303, 218025, 'KELVIN OKTA RAMADHAN', 'TJKT', 'XI TJKT 1', '4004', '303', 'AKTIF'),
(1569303, 218027, 'MAULANA IKSAN', 'TJKT', 'XI TJKT 1', '4004', '303', 'AKTIF'),
(1570303, 218028, 'MOHAMAD RIZKI', 'TJKT', 'XI TJKT 1', '4004', '303', 'AKTIF'),
(1571303, 218034, 'MUHAMAD SUBASTIAN', 'TJKT', 'XI TJKT 1', '4004', '303', 'AKTIF'),
(1572303, 218037, 'MUHAMMAD ANGGI SAPUTRA', 'TJKT', 'XI TJKT 1', '4004', '303', 'AKTIF'),
(1573303, 218228, 'MUHAMMAD NUR ARIFIN', 'TJKT', 'XI TJKT 1', '4004', '303', 'AKTIF'),
(1574303, 218043, 'MUHAMMAD RIZKY AL AKBAR', 'TJKT', 'XI TJKT 1', '4004', '303', 'AKTIF'),
(1575303, 218045, 'NOVAL RAMADAN', 'TJKT', 'XI TJKT 1', '4004', '303', 'AKTIF'),
(1576303, 218047, 'NOVEL SYAHPUTRA HALIM', 'TJKT', 'XI TJKT 1', '4004', '303', 'AKTIF'),
(1577303, 218048, 'PANJI RAHMADI', 'TJKT', 'XI TJKT 1', '4004', '303', 'AKTIF'),
(1578303, 218051, 'RADIS SETIAWAN', 'TJKT', 'XI TJKT 1', '4004', '303', 'AKTIF'),
(1579303, 218052, 'RAFA MAULANA ARDIANSYAH', 'TJKT', 'XI TJKT 1', '4004', '303', 'AKTIF'),
(1580303, 218053, 'RAFLI AGUNG PRAYOGA', 'TJKT', 'XI TJKT 1', '4004', '303', 'AKTIF'),
(1581303, 218062, 'SIGIT NURCAHYONO', 'TJKT', 'XI TJKT 1', '4004', '303', 'AKTIF'),
(1582303, 218065, 'TYO RIYADI SYAPUTRA', 'TJKT', 'XI TJKT 1', '4004', '303', 'AKTIF'),
(1583303, 218066, 'YULIO LUKAS ADRIANO HUTAGAOL', 'TJKT', 'XI TJKT 1', '4004', '303', 'AKTIF'),
(1584303, 218067, 'ZIDAN RIZKY RAMADHAN', 'TJKT', 'XI TJKT 1', '4004', '303', 'AKTIF'),
(1585303, 217968, 'ADE IRSAD ABIDIN', 'TJKT', 'XI TJKT 2', '4004', '303', 'AKTIF'),
(1586303, 217970, 'AFRIZAL ARDIANSYAH', 'TJKT', 'XI TJKT 2', '4004', '303', 'AKTIF'),
(1587303, 228634, 'AHMAD NUR MUDZAKI', 'TJKT', 'XI TJKT 2', '4004', '303', 'AKTIF'),
(1588303, 217975, 'ALBASRAH MOHAMAD SALEH RAGO', 'TJKT', 'XI TJKT 2', '4004', '303', 'AKTIF'),
(1589303, 217977, 'ALDI AWALUDIN', 'TJKT', 'XI TJKT 2', '4004', '303', 'AKTIF'),
(1590303, 217981, 'ANDIKA', 'TJKT', 'XI TJKT 2', '4004', '303', 'AKTIF'),
(1591303, 217984, 'ARDESTA KURNIAWAN', 'TJKT', 'XI TJKT 2', '4004', '303', 'AKTIF'),
(1592303, 217985, 'ARDI DANU ANGGARA', 'TJKT', 'XI TJKT 2', '4004', '303', 'AKTIF'),
(1593303, 217986, 'ARIEL ILHAMI', 'TJKT', 'XI TJKT 2', '4004', '303', 'AKTIF'),
(1594303, 217988, 'BAYU SAPUTRA', 'TJKT', 'XI TJKT 2', '4004', '303', 'AKTIF'),
(1595303, 217990, 'DAMARUDIN', 'TJKT', 'XI TJKT 2', '4004', '303', 'AKTIF'),
(1596303, 217993, 'DEDI MARDIYANSAH', 'TJKT', 'XI TJKT 2', '4004', '303', 'AKTIF'),
(1597303, 217995, 'DEVFRAN ADITYA SUHERNO PUTRA', 'TJKT', 'XI TJKT 2', '4004', '303', 'AKTIF'),
(1598303, 217996, 'DHIMAS KURNIAWAN BASORI', 'TJKT', 'XI TJKT 2', '4004', '303', 'AKTIF'),
(1599303, 217999, 'DIKI RAMADAN', 'TJKT', 'XI TJKT 2', '4004', '303', 'AKTIF'),
(1600303, 218005, 'FAJAR NUGRAHA', 'TJKT', 'XI TJKT 2', '4004', '303', 'AKTIF'),
(1601303, 218011, 'FIKRI FAHREZA', 'TJKT', 'XI TJKT 2', '4004', '303', 'AKTIF'),
(1602303, 218013, 'FIRMANSYAH', 'TJKT', 'XI TJKT 2', '4004', '303', 'AKTIF'),
(1603303, 218018, 'HABIB SUF\'YAN FADILLAH', 'TJKT', 'XI TJKT 2', '4004', '303', 'AKTIF'),
(1604303, 218020, 'HAIKAL FIKRI NURWANTO', 'TJKT', 'XI TJKT 2', '4004', '303', 'AKTIF'),
(1605303, 218021, 'I PT.GALIHANDRA REVA ULUM DINATA', 'TJKT', 'XI TJKT 2', '4004', '303', 'AKTIF'),
(1606303, 218022, 'ILHAM RAHMATTULLOH', 'TJKT', 'XI TJKT 2', '4004', '303', 'AKTIF'),
(1607303, 218023, 'INDAH FAAKHIRA SEBASTIAN', 'TJKT', 'XI TJKT 2', '4004', '303', 'AKTIF'),
(1608303, 218024, 'KEFIN HIDAYAT', 'TJKT', 'XI TJKT 2', '4004', '303', 'AKTIF'),
(1609303, 218030, 'MUHAMAD ARDIANSYAH', 'TJKT', 'XI TJKT 2', '4004', '303', 'AKTIF'),
(1610303, 218039, 'MUHAMMAD MAULANA RAMDHANI', 'TJKT', 'XI TJKT 2', '4004', '303', 'AKTIF'),
(1611303, 218040, 'MUHAMMAD NANDA FIRMANSYAH', 'TJKT', 'XI TJKT 2', '4004', '303', 'AKTIF'),
(1612303, 218042, 'MUHAMMAD RIFKI RABBANI', 'TJKT', 'XI TJKT 2', '4004', '303', 'AKTIF'),
(1613303, 218044, 'NADIA NURLITA', 'TJKT', 'XI TJKT 2', '4004', '303', 'AKTIF');
INSERT INTO `siswa` (`id_siswa`, `nis`, `nama_siswa`, `jurusan`, `kelas`, `group_kelas`, `tahun_ajaran`, `status`) VALUES
(1614303, 218049, 'PINDY AUGY SEPTIANU PUTRA', 'TJKT', 'XI TJKT 2', '4004', '303', 'AKTIF'),
(1615303, 218050, 'PITON', 'TJKT', 'XI TJKT 2', '4004', '303', 'AKTIF'),
(1616303, 218055, 'RIFQI AZHAR SAPUTRA', 'TJKT', 'XI TJKT 2', '4004', '303', 'AKTIF'),
(1617303, 218059, 'RIZKY BAGASKORO', 'TJKT', 'XI TJKT 2', '4004', '303', 'AKTIF'),
(1618303, 218060, 'ROFIQY MIRYAL AL MURTADHA', 'TJKT', 'XI TJKT 2', '4004', '303', 'AKTIF'),
(1619303, 218061, 'SATRIAWAN TRIE SAPUTRA', 'TJKT', 'XI TJKT 2', '4004', '303', 'AKTIF'),
(1620303, 207698, 'SUTINAH', 'TJKT', 'XI TJKT 2', '4004', '303', 'AKTIF'),
(1621303, 217973, 'AHMAD SAPUTRA', 'TJKT', 'XI TJKT 3', '4004', '303', 'AKTIF'),
(1622303, 217974, 'AKMAL FEBRYANSYAH', 'TJKT', 'XI TJKT 3', '4004', '303', 'AKTIF'),
(1623303, 217982, 'ANDYKA PUTRA PRASETYA', 'TJKT', 'XI TJKT 3', '4004', '303', 'AKTIF'),
(1624303, 217983, 'ANIS TIARAWATI', 'TJKT', 'XI TJKT 3', '4004', '303', 'AKTIF'),
(1625303, 217987, 'ARMANDA PUTRA', 'TJKT', 'XI TJKT 3', '4004', '303', 'AKTIF'),
(1626303, 217989, 'CHANDRA ANDIKA', 'TJKT', 'XI TJKT 3', '4004', '303', 'AKTIF'),
(1627303, 217991, 'DAVI TRISNA PRASETYA', 'TJKT', 'XI TJKT 3', '4004', '303', 'AKTIF'),
(1628303, 217992, 'DAVID HERMANSYAH', 'TJKT', 'XI TJKT 3', '4004', '303', 'AKTIF'),
(1629303, 217997, 'DIAH SINTIA', 'TJKT', 'XI TJKT 3', '4004', '303', 'AKTIF'),
(1630303, 217998, 'DIEGO RAFI GHATHFAAN', 'TJKT', 'XI TJKT 3', '4004', '303', 'AKTIF'),
(1631303, 218003, 'FABRIAN AFRIANSYAH', 'TJKT', 'XI TJKT 3', '4004', '303', 'AKTIF'),
(1632303, 218006, 'FARIJ ASHIDIQI', 'TJKT', 'XI TJKT 3', '4004', '303', 'AKTIF'),
(1633303, 218008, 'FELIX ADIKA', 'TJKT', 'XI TJKT 3', '4004', '303', 'AKTIF'),
(1634303, 218009, 'FICRI CHOIRUL IMAM', 'TJKT', 'XI TJKT 3', '4004', '303', 'AKTIF'),
(1635303, 218012, 'FIRGIE HAFIANSYAH FAHREVI ', 'TJKT', 'XI TJKT 3', '4004', '303', 'AKTIF'),
(1636303, 218015, 'GAFARA EKA FAHRIZA', 'TJKT', 'XI TJKT 3', '4004', '303', 'AKTIF'),
(1637303, 218016, 'GHUFRON KHAIRULLAH', 'TJKT', 'XI TJKT 3', '4004', '303', 'AKTIF'),
(1638303, 218026, 'KHARENAL ARDIANTONY', 'TJKT', 'XI TJKT 3', '4004', '303', 'AKTIF'),
(1639303, 218029, 'MUHAMAD APRIANSYAH', 'TJKT', 'XI TJKT 3', '4004', '303', 'AKTIF'),
(1640303, 218031, 'MUHAMAD CHAIRIEL', 'TJKT', 'XI TJKT 3', '4004', '303', 'AKTIF'),
(1641303, 218032, 'MUHAMAD RIZKY', 'TJKT', 'XI TJKT 3', '4004', '303', 'AKTIF'),
(1642303, 218033, 'MUHAMAD RIZKY FARIZAH', 'TJKT', 'XI TJKT 3', '4004', '303', 'AKTIF'),
(1643303, 218035, 'MUHAMMAD AFDANY PUTRA WIJAYA', 'TJKT', 'XI TJKT 3', '4004', '303', 'AKTIF'),
(1644303, 218036, 'MUHAMMAD ALFARIZA', 'TJKT', 'XI TJKT 3', '4004', '303', 'AKTIF'),
(1645303, 218041, 'MUHAMMAD REZA BAGUS SAPUTRA', 'TJKT', 'XI TJKT 3', '4004', '303', 'AKTIF'),
(1646303, 218227, 'MUHAMMAD RISKY', 'TJKT', 'XI TJKT 3', '4004', '303', 'AKTIF'),
(1647303, 218046, 'NOVALLINO', 'TJKT', 'XI TJKT 3', '4004', '303', 'AKTIF'),
(1648303, 218054, 'RAFLY RAMADHAN LESMANA', 'TJKT', 'XI TJKT 3', '4004', '303', 'AKTIF'),
(1649303, 218056, 'RIFQI FADILLA DWIKA', 'TJKT', 'XI TJKT 3', '4004', '303', 'AKTIF'),
(1650303, 218057, 'RISVAL ANGGRA RESTA', 'TJKT', 'XI TJKT 3', '4004', '303', 'AKTIF'),
(1651303, 218058, 'RIYO', 'TJKT', 'XI TJKT 3', '4004', '303', 'AKTIF'),
(1652303, 218224, 'SANDY PUTRA', 'TJKT', 'XI TJKT 3', '4004', '303', 'AKTIF'),
(1653303, 218063, 'SYAHRIL SUGANDA SAPUTRA', 'TJKT', 'XI TJKT 3', '4004', '303', 'AKTIF'),
(1654303, 218064, 'TUBAGUS ABU BAKAR ZEIN', 'TJKT', 'XI TJKT 3', '4004', '303', 'AKTIF'),
(1655303, 207714, 'ANDREAS ADIANTO', 'AKL', 'XII AKL 1', '5005', '303', 'AKTIF'),
(1656303, 207719, 'AULIA FATIKA SARI', 'AKL', 'XII AKL 1', '5005', '303', 'AKTIF'),
(1657303, 207720, 'BINTANG RAMADHANI', 'AKL', 'XII AKL 1', '5005', '303', 'AKTIF'),
(1658303, 207722, 'CHOIRUL AKMAL HIDAYAT', 'AKL', 'XII AKL 1', '5005', '303', 'AKTIF'),
(1659303, 207723, 'DEA MARCELLANI', 'AKL', 'XII AKL 1', '5005', '303', 'AKTIF'),
(1660303, 207724, 'DESFIANAPUTRI WIDYARSANTI', 'AKL', 'XII AKL 1', '5005', '303', 'AKTIF'),
(1661303, 207727, 'DEVIANA FERNANDA ', 'AKL', 'XII AKL 1', '5005', '303', 'AKTIF'),
(1662303, 207730, 'FADILLAH ROHMAN', 'AKL', 'XII AKL 1', '5005', '303', 'AKTIF'),
(1663303, 207731, 'FAUZI WIBOWO', 'AKL', 'XII AKL 1', '5005', '303', 'AKTIF'),
(1664303, 207733, 'FERDIYANSAH', 'AKL', 'XII AKL 1', '5005', '303', 'AKTIF'),
(1665303, 207735, 'FITRI NUR INDRIANI', 'AKL', 'XII AKL 1', '5005', '303', 'AKTIF'),
(1666303, 207736, 'FITRI ZETIRA SALSA', 'AKL', 'XII AKL 1', '5005', '303', 'AKTIF'),
(1667303, 207738, 'HABIB YAZID FIKRIANSYAH', 'AKL', 'XII AKL 1', '5005', '303', 'AKTIF'),
(1668303, 207739, 'HANI ASTUTI', 'AKL', 'XII AKL 1', '5005', '303', 'AKTIF'),
(1669303, 207740, 'HELEN SETIABUDI', 'AKL', 'XII AKL 1', '5005', '303', 'AKTIF'),
(1670303, 207741, 'HERLINA SETIAWAN', 'AKL', 'XII AKL 1', '5005', '303', 'AKTIF'),
(1671303, 207743, 'ILMA AMALIA', 'AKL', 'XII AKL 1', '5005', '303', 'AKTIF'),
(1672303, 207744, 'IVANA CHANAFI', 'AKL', 'XII AKL 1', '5005', '303', 'AKTIF'),
(1673303, 207745, 'JOSIANA GARETZA', 'AKL', 'XII AKL 1', '5005', '303', 'AKTIF'),
(1674303, 207753, 'MAYDA CHANAFI', 'AKL', 'XII AKL 1', '5005', '303', 'AKTIF'),
(1675303, 207758, 'MUHAMAD RAFI EKA SAPUTRA', 'AKL', 'XII AKL 1', '5005', '303', 'AKTIF'),
(1676303, 207748, 'MUHAMMAD ARYA DIVA', 'AKL', 'XII AKL 1', '5005', '303', 'AKTIF'),
(1677303, 207759, 'NABILA APRILIA SANI', 'AKL', 'XII AKL 1', '5005', '303', 'AKTIF'),
(1678303, 207760, 'NAJWA SABILLA AMRI', 'AKL', 'XII AKL 1', '5005', '303', 'AKTIF'),
(1679303, 207767, 'RAFA MALIKI ARDIANSYAH', 'AKL', 'XII AKL 1', '5005', '303', 'AKTIF'),
(1680303, 207768, 'RAHMA SAECAR ROSSA LIANI', 'AKL', 'XII AKL 1', '5005', '303', 'AKTIF'),
(1681303, 207769, 'RAHMAH', 'AKL', 'XII AKL 1', '5005', '303', 'AKTIF'),
(1682303, 207770, 'RAKHEL MARYAM', 'AKL', 'XII AKL 1', '5005', '303', 'AKTIF'),
(1683303, 207771, 'RATU NUR AYUNINGTIAS', 'AKL', 'XII AKL 1', '5005', '303', 'AKTIF'),
(1684303, 207774, 'REVANI NADYA DESWIT', 'AKL', 'XII AKL 1', '5005', '303', 'AKTIF'),
(1685303, 207780, 'ROSY GUSRIA NINGRUM', 'AKL', 'XII AKL 1', '5005', '303', 'AKTIF'),
(1686303, 207784, 'SISKA AULIA WARYANTO', 'AKL', 'XII AKL 1', '5005', '303', 'AKTIF'),
(1687303, 207788, 'SURYANI', 'AKL', 'XII AKL 1', '5005', '303', 'AKTIF'),
(1688303, 207791, 'VANIA PUTRI WIJAYA', 'AKL', 'XII AKL 1', '5005', '303', 'AKTIF'),
(1689303, 207792, 'VIANA PATRICIA ANG', 'AKL', 'XII AKL 1', '5005', '303', 'AKTIF'),
(1690303, 207793, 'VIKKY PRIMA SUPELI', 'AKL', 'XII AKL 1', '5005', '303', 'AKTIF'),
(1691303, 207794, 'ZAHRA AMELIA PUTRI', 'AKL', 'XII AKL 1', '5005', '303', 'AKTIF'),
(1692303, 207796, 'ZAHRAH LUTFI FEBRIANA', 'AKL', 'XII AKL 1', '5005', '303', 'AKTIF'),
(1693303, 207712, 'AHMAD FAISAL RISALDI', 'AKL', 'XII AKL 2', '5005', '303', 'AKTIF'),
(1694303, 207713, 'AHMAD TRI APIYAN', 'AKL', 'XII AKL 2', '5005', '303', 'AKTIF'),
(1695303, 207715, 'ANDRI DWI KURNIAWAN', 'AKL', 'XII AKL 2', '5005', '303', 'AKTIF'),
(1696303, 207716, 'ARDIAN SYAH', 'AKL', 'XII AKL 2', '5005', '303', 'AKTIF'),
(1697303, 207717, 'ARIA KRISNA JOHAERI', 'AKL', 'XII AKL 2', '5005', '303', 'AKTIF'),
(1698303, 207721, 'CECE CUMAIDA', 'AKL', 'XII AKL 2', '5005', '303', 'AKTIF'),
(1699303, 207725, 'DESI WULANDARI', 'AKL', 'XII AKL 2', '5005', '303', 'AKTIF'),
(1700303, 207726, 'DEVA PUSPITASARI', 'AKL', 'XII AKL 2', '5005', '303', 'AKTIF'),
(1701303, 207728, 'DIAH PUTRI LESTARI', 'AKL', 'XII AKL 2', '5005', '303', 'AKTIF'),
(1702303, 207729, 'EKA ROHMAWATI', 'AKL', 'XII AKL 2', '5005', '303', 'AKTIF'),
(1703303, 207732, 'FELIANI MEI ASTUTI', 'AKL', 'XII AKL 2', '5005', '303', 'AKTIF'),
(1704303, 207737, 'FITRIANA', 'AKL', 'XII AKL 2', '5005', '303', 'AKTIF'),
(1705303, 207742, 'IIN RISKAWATI', 'AKL', 'XII AKL 2', '5005', '303', 'AKTIF'),
(1706303, 207746, 'LISTIAWATI', 'AKL', 'XII AKL 2', '5005', '303', 'AKTIF'),
(1707303, 207749, 'MANDA AGRISTINA', 'AKL', 'XII AKL 2', '5005', '303', 'AKTIF'),
(1708303, 207750, 'MARSELINA', 'AKL', 'XII AKL 2', '5005', '303', 'AKTIF'),
(1709303, 207751, 'MARSYA OLIVIA FARHAH', 'AKL', 'XII AKL 2', '5005', '303', 'AKTIF'),
(1710303, 207752, 'MAYA FIRDAUS SARI', 'AKL', 'XII AKL 2', '5005', '303', 'AKTIF'),
(1711303, 207754, 'MAYSEL FIDELA', 'AKL', 'XII AKL 2', '5005', '303', 'AKTIF'),
(1712303, 207755, 'MIRA YANTI', 'AKL', 'XII AKL 2', '5005', '303', 'AKTIF'),
(1713303, 207756, 'MOHAMAD ALDI HERDIANSAH', 'AKL', 'XII AKL 2', '5005', '303', 'AKTIF'),
(1714303, 207757, 'MUHAMAD MIFTAHUL A\'THO', 'AKL', 'XII AKL 2', '5005', '303', 'AKTIF'),
(1715303, 207761, 'NAZWA DWI FADILLAH', 'AKL', 'XII AKL 2', '5005', '303', 'AKTIF'),
(1716303, 207762, 'NITA AGUSTINA', 'AKL', 'XII AKL 2', '5005', '303', 'AKTIF'),
(1717303, 207763, 'NIYA LASITA', 'AKL', 'XII AKL 2', '5005', '303', 'AKTIF'),
(1718303, 207765, 'NUR KHOIRUNISA', 'AKL', 'XII AKL 2', '5005', '303', 'AKTIF'),
(1719303, 207766, 'PUTRI SELVIANA', 'AKL', 'XII AKL 2', '5005', '303', 'AKTIF'),
(1720303, 207772, 'RAYHAN MUHAMMAD DAFANSYAH', 'AKL', 'XII AKL 2', '5005', '303', 'AKTIF'),
(1721303, 207773, 'RENI MUTIA', 'AKL', 'XII AKL 2', '5005', '303', 'AKTIF'),
(1722303, 207775, 'REZA SHAFIRA WIJAYA', 'AKL', 'XII AKL 2', '5005', '303', 'AKTIF'),
(1723303, 207776, 'RINI ALFIYANI', 'AKL', 'XII AKL 2', '5005', '303', 'AKTIF'),
(1724303, 207777, 'RISKA NURUL KHOTIMAH', 'AKL', 'XII AKL 2', '5005', '303', 'AKTIF'),
(1725303, 207778, 'RISKI SETIAWAN', 'AKL', 'XII AKL 2', '5005', '303', 'AKTIF'),
(1726303, 207779, 'ROFAH', 'AKL', 'XII AKL 2', '5005', '303', 'AKTIF'),
(1727303, 207781, 'RYAN SEPTIAN', 'AKL', 'XII AKL 2', '5005', '303', 'AKTIF'),
(1728303, 207782, 'SEPTI AMINATUL CHASANAH', 'AKL', 'XII AKL 2', '5005', '303', 'AKTIF'),
(1729303, 207787, 'SUCI RIJKIA SARI', 'AKL', 'XII AKL 2', '5005', '303', 'AKTIF'),
(1730303, 207789, 'SYAVANA EKI FEBRIYANTI', 'AKL', 'XII AKL 2', '5005', '303', 'AKTIF'),
(1731303, 207790, 'THERESIA BUI HERA', 'AKL', 'XII AKL 2', '5005', '303', 'AKTIF'),
(1732303, 207795, 'ZAHRA AZIZAH DHAIFULLAH', 'AKL', 'XII AKL 2', '5005', '303', 'AKTIF'),
(1733303, 207797, 'ZAHRA NUR NABILA', 'AKL', 'XII AKL 2', '5005', '303', 'AKTIF'),
(1734303, 207892, 'ANIS KARSELLA', 'PM', 'XII PM 1', '5005', '303', 'AKTIF'),
(1735303, 207897, 'DAVID ERIK HERMAWAN', 'PM', 'XII PM 1', '5005', '303', 'AKTIF'),
(1736303, 207899, 'DELLA NORMAYANTIKA', 'PM', 'XII PM 1', '5005', '303', 'AKTIF'),
(1737303, 207900, 'DENNIS RAFAEL', 'PM', 'XII PM 1', '5005', '303', 'AKTIF'),
(1738303, 207901, 'DEVIDA AULIA', 'PM', 'XII PM 1', '5005', '303', 'AKTIF'),
(1739303, 207902, 'DEVINA LORENZA KURNIA PUTRY', 'PM', 'XII PM 1', '5005', '303', 'AKTIF'),
(1740303, 207903, 'DINA CAHYANI', 'PM', 'XII PM 1', '5005', '303', 'AKTIF'),
(1741303, 207904, 'ELISA FEBRIYANTI', 'PM', 'XII PM 1', '5005', '303', 'AKTIF'),
(1742303, 207905, 'FADLY MUHAMAD NUGRAHA', 'PM', 'XII PM 1', '5005', '303', 'AKTIF'),
(1743303, 207906, 'FATMAH AYU', 'PM', 'XII PM 1', '5005', '303', 'AKTIF'),
(1744303, 207907, 'FEBRIAN FRANSIUS', 'PM', 'XII PM 1', '5005', '303', 'AKTIF'),
(1745303, 207909, 'FERIYAN SYAH', 'PM', 'XII PM 1', '5005', '303', 'AKTIF'),
(1746303, 207914, 'IQBAL ILHAM SYAH', 'PM', 'XII PM 1', '5005', '303', 'AKTIF'),
(1747303, 207916, 'KEZIA CAROLINA NONITEMA', 'PM', 'XII PM 1', '5005', '303', 'AKTIF'),
(1748303, 207921, 'MAYSIA LAURENT YOSEPHIN', 'PM', 'XII PM 1', '5005', '303', 'AKTIF'),
(1749303, 207924, 'MUHAMMAD AJI SURAHMAN', 'PM', 'XII PM 1', '5005', '303', 'AKTIF'),
(1750303, 207928, 'MUHAMMAD FIRDAUS', 'PM', 'XII PM 1', '5005', '303', 'AKTIF'),
(1751303, 207929, 'MUHAMMAD NOVAL ADITYA', 'PM', 'XII PM 1', '5005', '303', 'AKTIF'),
(1752303, 207930, 'MUHAMMAD REVALDI', 'PM', 'XII PM 1', '5005', '303', 'AKTIF'),
(1753303, 207931, 'MUSLIM AZIZ ABDILLAH', 'PM', 'XII PM 1', '5005', '303', 'AKTIF'),
(1754303, 207932, 'NABILA RIZKY TIRTANANDA', 'PM', 'XII PM 1', '5005', '303', 'AKTIF'),
(1755303, 207934, 'NICHOLAS', 'PM', 'XII PM 1', '5005', '303', 'AKTIF'),
(1756303, 207936, 'NUR INTAN AULIA RAHMADINAH', 'PM', 'XII PM 1', '5005', '303', 'AKTIF'),
(1757303, 207938, 'PENDI PRASETYO', 'PM', 'XII PM 1', '5005', '303', 'AKTIF'),
(1758303, 207939, 'PERNANDO SAPUTRA', 'PM', 'XII PM 1', '5005', '303', 'AKTIF'),
(1759303, 207940, 'PINGKAN LAILA OKTAVIANI', 'PM', 'XII PM 1', '5005', '303', 'AKTIF'),
(1760303, 207941, 'PRETI AUDIA', 'PM', 'XII PM 1', '5005', '303', 'AKTIF'),
(1761303, 207942, 'PUTRI', 'PM', 'XII PM 1', '5005', '303', 'AKTIF'),
(1762303, 207944, 'PUTRI ARIYANI', 'PM', 'XII PM 1', '5005', '303', 'AKTIF'),
(1763303, 207943, 'PUTRI AULIA', 'PM', 'XII PM 1', '5005', '303', 'AKTIF'),
(1764303, 207952, 'RINI RUSTRIMIATI', 'PM', 'XII PM 1', '5005', '303', 'AKTIF'),
(1765303, 207953, 'RIVALDI AFRIAN', 'PM', 'XII PM 1', '5005', '303', 'AKTIF'),
(1766303, 207961, 'TEGUH SOLEH', 'PM', 'XII PM 1', '5005', '303', 'AKTIF'),
(1767303, 207962, 'ULFA NURMAYANTI', 'PM', 'XII PM 1', '5005', '303', 'AKTIF'),
(1768303, 207963, 'WAHYUDI', 'PM', 'XII PM 1', '5005', '303', 'AKTIF'),
(1769303, 207965, 'YUSUP SLAMET RAHARJO', 'PM', 'XII PM 1', '5005', '303', 'AKTIF'),
(1770303, 207886, 'ABDUL MUJIB WADI', 'PM', 'XII PM 2', '5005', '303', 'AKTIF'),
(1771303, 207888, 'AHMAD FAIZ RAMDHANI', 'PM', 'XII PM 2', '5005', '303', 'AKTIF'),
(1772303, 207891, 'ANGGI MAULANA', 'PM', 'XII PM 2', '5005', '303', 'AKTIF'),
(1773303, 207893, 'ANNISA RAHMAN', 'PM', 'XII PM 2', '5005', '303', 'AKTIF'),
(1774303, 207895, 'BINTANG WIDIYASTARA ASROFI', 'PM', 'XII PM 2', '5005', '303', 'AKTIF'),
(1775303, 207896, 'BUNGGA ARSITA PUTRI', 'PM', 'XII PM 2', '5005', '303', 'AKTIF'),
(1776303, 207898, 'DEA SABELA PUTRI', 'PM', 'XII PM 2', '5005', '303', 'AKTIF'),
(1777303, 207908, 'FEBRIANSYAH SANJAYA', 'PM', 'XII PM 2', '5005', '303', 'AKTIF'),
(1778303, 207910, 'FIRJATULLAH ANISSA RAHMAN', 'PM', 'XII PM 2', '5005', '303', 'AKTIF'),
(1779303, 207911, 'ILHAM APRILIANSYAH', 'PM', 'XII PM 2', '5005', '303', 'AKTIF'),
(1780303, 207912, 'INDAH AYUNI SARI', 'PM', 'XII PM 2', '5005', '303', 'AKTIF'),
(1781303, 207915, 'IQBAL SURYADI', 'PM', 'XII PM 2', '5005', '303', 'AKTIF'),
(1782303, 207918, 'LEDIA HANIFAH', 'PM', 'XII PM 2', '5005', '303', 'AKTIF'),
(1783303, 207919, 'LULU NURFAOLA', 'PM', 'XII PM 2', '5005', '303', 'AKTIF'),
(1784303, 207920, 'MARSELA', 'PM', 'XII PM 2', '5005', '303', 'AKTIF'),
(1785303, 207922, 'MOCHAMAD NUR ZAINI', 'PM', 'XII PM 2', '5005', '303', 'AKTIF'),
(1786303, 207925, 'MUHAMAD ARYA APRIYANTO', 'PM', 'XII PM 2', '5005', '303', 'AKTIF'),
(1787303, 207926, 'MUHAMAD DIAS JUNIAWAN', 'PM', 'XII PM 2', '5005', '303', 'AKTIF'),
(1788303, 207927, 'MUHAMMAD FAHRI HERIYANTO', 'PM', 'XII PM 2', '5005', '303', 'AKTIF'),
(1789303, 207933, 'NAJWAH NUR ASYIYAH', 'PM', 'XII PM 2', '5005', '303', 'AKTIF'),
(1790303, 207935, 'NINIS ANNISYA', 'PM', 'XII PM 2', '5005', '303', 'AKTIF'),
(1791303, 207937, 'PATRIALIS BAYU PUTRA', 'PM', 'XII PM 2', '5005', '303', 'AKTIF'),
(1792303, 207948, 'REIZHART AFRINO MUSLIM', 'PM', 'XII PM 2', '5005', '303', 'AKTIF'),
(1793303, 207949, 'RENA ANGELITA', 'PM', 'XII PM 2', '5005', '303', 'AKTIF'),
(1794303, 207950, 'REVIN KHUSNADA SAKTI', 'PM', 'XII PM 2', '5005', '303', 'AKTIF'),
(1795303, 207951, 'RIDHO FATARDHO HAMZAH', 'PM', 'XII PM 2', '5005', '303', 'AKTIF'),
(1796303, 207954, 'RIZKY BUDIANTO', 'PM', 'XII PM 2', '5005', '303', 'AKTIF'),
(1797303, 207956, 'SEPTIAN BUDI RIYANTO', 'PM', 'XII PM 2', '5005', '303', 'AKTIF'),
(1798303, 207957, 'SILFIANA SARI', 'PM', 'XII PM 2', '5005', '303', 'AKTIF'),
(1799303, 207959, 'SITI NUR HANIFA', 'PM', 'XII PM 2', '5005', '303', 'AKTIF'),
(1800303, 207958, 'SITI NURFADILAH', 'PM', 'XII PM 2', '5005', '303', 'AKTIF'),
(1801303, 207960, 'SYAHRUL AL FATAH', 'PM', 'XII PM 2', '5005', '303', 'AKTIF'),
(1802303, 207966, 'ZAHRA FITRIA SETIAWAN', 'PM', 'XII PM 2', '5005', '303', 'AKTIF'),
(1803303, 207967, 'ZAZA NUR ANGGRAINI', 'PM', 'XII PM 2', '5005', '303', 'AKTIF'),
(1804303, 207798, 'ALIFA YULISA RAMADHILA', 'MPLB', 'XII MPLB 1', '5005', '303', 'AKTIF'),
(1805303, 207799, 'ALYA SAFITRI', 'MPLB', 'XII MPLB 1', '5005', '303', 'AKTIF'),
(1806303, 207800, 'AMANDA EKA MAULANA', 'MPLB', 'XII MPLB 1', '5005', '303', 'AKTIF'),
(1807303, 207801, 'AMELIA ANANTA PRATIWI', 'MPLB', 'XII MPLB 1', '5005', '303', 'AKTIF'),
(1808303, 207802, 'AMELIA FERNANDA TANURAHARDJA', 'MPLB', 'XII MPLB 1', '5005', '303', 'AKTIF'),
(1809303, 207803, 'AMELIA ISMAWATI', 'MPLB', 'XII MPLB 1', '5005', '303', 'AKTIF'),
(1810303, 207805, 'ANITA MARISKA', 'MPLB', 'XII MPLB 1', '5005', '303', 'AKTIF'),
(1811303, 207808, 'APSARINA LAJANA', 'MPLB', 'XII MPLB 1', '5005', '303', 'AKTIF'),
(1812303, 207809, 'ARIELLA ANDINI', 'MPLB', 'XII MPLB 1', '5005', '303', 'AKTIF'),
(1813303, 207811, 'AYARIKHA ASIYAH INDARDI', 'MPLB', 'XII MPLB 1', '5005', '303', 'AKTIF'),
(1814303, 207812, 'AYU RAHMA AULIA', 'MPLB', 'XII MPLB 1', '5005', '303', 'AKTIF'),
(1815303, 207814, 'CALYSTA MAHARANI', 'MPLB', 'XII MPLB 1', '5005', '303', 'AKTIF'),
(1816303, 207815, 'CINDY AULIA PUTRI', 'MPLB', 'XII MPLB 1', '5005', '303', 'AKTIF'),
(1817303, 207818, 'DEA ANANDA', 'MPLB', 'XII MPLB 1', '5005', '303', 'AKTIF'),
(1818303, 207819, 'DEA MUTIARA', 'MPLB', 'XII MPLB 1', '5005', '303', 'AKTIF'),
(1819303, 207820, 'DELIA PINKAN RAHMAWATI', 'MPLB', 'XII MPLB 1', '5005', '303', 'AKTIF'),
(1820303, 207821, 'DEVA OKTAVIANA', 'MPLB', 'XII MPLB 1', '5005', '303', 'AKTIF'),
(1821303, 207825, 'ELMA NOVIA SAFITRI', 'MPLB', 'XII MPLB 1', '5005', '303', 'AKTIF'),
(1822303, 207828, 'FIRA RESTU HERDIANTI', 'MPLB', 'XII MPLB 1', '5005', '303', 'AKTIF'),
(1823303, 207830, 'FITRIANI MARA', 'MPLB', 'XII MPLB 1', '5005', '303', 'AKTIF'),
(1824303, 207836, 'JISCAVIA MAERANY', 'MPLB', 'XII MPLB 1', '5005', '303', 'AKTIF'),
(1825303, 207837, 'JULIANA DWI PRATIWI', 'MPLB', 'XII MPLB 1', '5005', '303', 'AKTIF'),
(1826303, 207838, 'JUWITA DE FRETES', 'MPLB', 'XII MPLB 1', '5005', '303', 'AKTIF'),
(1827303, 207840, 'KRISTINA LUSIANA', 'MPLB', 'XII MPLB 1', '5005', '303', 'AKTIF'),
(1828303, 207843, 'LULU ULI NUHA ALBANTANI', 'MPLB', 'XII MPLB 1', '5005', '303', 'AKTIF'),
(1829303, 207844, 'MARIA OKTA STYA LINDA', 'MPLB', 'XII MPLB 1', '5005', '303', 'AKTIF'),
(1830303, 207851, 'NISRINA FITRIA WIDHAH', 'MPLB', 'XII MPLB 1', '5005', '303', 'AKTIF'),
(1831303, 207855, 'RAHMAWATI', 'MPLB', 'XII MPLB 1', '5005', '303', 'AKTIF'),
(1832303, 207858, 'SABRINA AMALIA DEVINAYA', 'MPLB', 'XII MPLB 1', '5005', '303', 'AKTIF'),
(1833303, 207859, 'SALFARANI PUTRI', 'MPLB', 'XII MPLB 1', '5005', '303', 'AKTIF'),
(1834303, 207861, 'SARI RAHMAWATI', 'MPLB', 'XII MPLB 1', '5005', '303', 'AKTIF'),
(1835303, 207862, 'SELVIYANTI MUHSIN', 'MPLB', 'XII MPLB 1', '5005', '303', 'AKTIF'),
(1836303, 207866, 'SITI AFSYOH TRININGTYAS', 'MPLB', 'XII MPLB 1', '5005', '303', 'AKTIF'),
(1837303, 207865, 'SITI FEBRIANTI', 'MPLB', 'XII MPLB 1', '5005', '303', 'AKTIF'),
(1838303, 207867, 'SITI LESTARI', 'MPLB', 'XII MPLB 1', '5005', '303', 'AKTIF'),
(1839303, 207870, 'SUCI SALVA AULIA', 'MPLB', 'XII MPLB 1', '5005', '303', 'AKTIF'),
(1840303, 207871, 'SUCI WULAN DINI', 'MPLB', 'XII MPLB 1', '5005', '303', 'AKTIF'),
(1841303, 207875, 'TIARA RISMAYANTI', 'MPLB', 'XII MPLB 1', '5005', '303', 'AKTIF'),
(1842303, 207880, 'WIWID DWI RAHMAWATI', 'MPLB', 'XII MPLB 1', '5005', '303', 'AKTIF'),
(1843303, 207883, 'YOSI GISELA NINGRUM', 'MPLB', 'XII MPLB 1', '5005', '303', 'AKTIF'),
(1844303, 207884, 'YUNI OKTAPIYANA', 'MPLB', 'XII MPLB 1', '5005', '303', 'AKTIF'),
(1845303, 207885, 'ZAHWA NABILA NATASYAWATI', 'MPLB', 'XII MPLB 1', '5005', '303', 'AKTIF'),
(1846303, 207804, 'ANANDA PUTRI RAMADHANI', 'MPLB', 'XII MPLB 2', '5005', '303', 'AKTIF'),
(1847303, 207806, 'ANNISA NUR HIDAYAH', 'MPLB', 'XII MPLB 2', '5005', '303', 'AKTIF'),
(1848303, 207807, 'APRILLIA IRATUR', 'MPLB', 'XII MPLB 2', '5005', '303', 'AKTIF'),
(1849303, 207810, 'AULIA RAHMA', 'MPLB', 'XII MPLB 2', '5005', '303', 'AKTIF'),
(1850303, 207816, 'CITRA AULIA SARI', 'MPLB', 'XII MPLB 2', '5005', '303', 'AKTIF'),
(1851303, 207817, 'CLARA BENITA RAVELIA', 'MPLB', 'XII MPLB 2', '5005', '303', 'AKTIF'),
(1852303, 207823, 'DIANA ROSANA', 'MPLB', 'XII MPLB 2', '5005', '303', 'AKTIF'),
(1853303, 207824, 'DWI ANNJANY', 'MPLB', 'XII MPLB 2', '5005', '303', 'AKTIF'),
(1854303, 207826, 'ELVIRA LUCIANA', 'MPLB', 'XII MPLB 2', '5005', '303', 'AKTIF'),
(1855303, 207829, 'FIRA SAHIRA', 'MPLB', 'XII MPLB 2', '5005', '303', 'AKTIF'),
(1856303, 207832, 'HENTI AKILA MARWA', 'MPLB', 'XII MPLB 2', '5005', '303', 'AKTIF'),
(1857303, 207831, 'HEREN ASHARIANTI', 'MPLB', 'XII MPLB 2', '5005', '303', 'AKTIF'),
(1858303, 207833, 'INDAH YULITA AZIZ', 'MPLB', 'XII MPLB 2', '5005', '303', 'AKTIF'),
(1859303, 207834, 'INTAN NUR MAICHA', 'MPLB', 'XII MPLB 2', '5005', '303', 'AKTIF'),
(1860303, 207835, 'IRNA AMELIA SAFITRI', 'MPLB', 'XII MPLB 2', '5005', '303', 'AKTIF'),
(1861303, 207841, 'KURNIA YULIANA SAPUTRI', 'MPLB', 'XII MPLB 2', '5005', '303', 'AKTIF'),
(1862303, 207842, 'LINDA SAFITRI', 'MPLB', 'XII MPLB 2', '5005', '303', 'AKTIF'),
(1863303, 207845, 'NADIA KHADIJA TEWU', 'MPLB', 'XII MPLB 2', '5005', '303', 'AKTIF'),
(1864303, 207846, 'NAJWA ADELLA RAMADHANI', 'MPLB', 'XII MPLB 2', '5005', '303', 'AKTIF'),
(1865303, 207847, 'NANDITA SALSABILA', 'MPLB', 'XII MPLB 2', '5005', '303', 'AKTIF'),
(1866303, 207848, 'NAYLA KHAIRUNNISA', 'MPLB', 'XII MPLB 2', '5005', '303', 'AKTIF'),
(1867303, 207849, 'NAYLA TASYA', 'MPLB', 'XII MPLB 2', '5005', '303', 'AKTIF'),
(1868303, 207850, 'NAZWA HANIFAH', 'MPLB', 'XII MPLB 2', '5005', '303', 'AKTIF'),
(1869303, 207852, 'NOVA SAFITRI', 'MPLB', 'XII MPLB 2', '5005', '303', 'AKTIF'),
(1870303, 207854, 'PIPIT NURLAELI ALPITRI', 'MPLB', 'XII MPLB 2', '5005', '303', 'AKTIF'),
(1871303, 207856, 'RIDHA AMALIAH', 'MPLB', 'XII MPLB 2', '5005', '303', 'AKTIF'),
(1872303, 207857, 'RIZKA NOVIYANTI', 'MPLB', 'XII MPLB 2', '5005', '303', 'AKTIF'),
(1873303, 207860, 'SANTI MURJANI', 'MPLB', 'XII MPLB 2', '5005', '303', 'AKTIF'),
(1874303, 207863, 'SEPTIANI RAHAYU', 'MPLB', 'XII MPLB 2', '5005', '303', 'AKTIF'),
(1875303, 207864, 'SEVILA', 'MPLB', 'XII MPLB 2', '5005', '303', 'AKTIF'),
(1876303, 207868, 'SITI MAISAROH', 'MPLB', 'XII MPLB 2', '5005', '303', 'AKTIF'),
(1877303, 207869, 'SITI NUR HABIBAH', 'MPLB', 'XII MPLB 2', '5005', '303', 'AKTIF'),
(1878303, 207872, 'SYADIAH NUR LATIFAH', 'MPLB', 'XII MPLB 2', '5005', '303', 'AKTIF'),
(1879303, 207873, 'TASYA AMELIA', 'MPLB', 'XII MPLB 2', '5005', '303', 'AKTIF'),
(1880303, 207874, 'THIFAL AZIZAH HARTANTI', 'MPLB', 'XII MPLB 2', '5005', '303', 'AKTIF'),
(1881303, 207876, 'TIAYU', 'MPLB', 'XII MPLB 2', '5005', '303', 'AKTIF'),
(1882303, 207877, 'ULPAH LEPIYANI', 'MPLB', 'XII MPLB 2', '5005', '303', 'AKTIF'),
(1883303, 207879, 'WILDATUL FADILLAH', 'MPLB', 'XII MPLB 2', '5005', '303', 'AKTIF'),
(1884303, 207881, 'WULAN SRI RAHAYU', 'MPLB', 'XII MPLB 2', '5005', '303', 'AKTIF'),
(1885303, 207882, 'YENI RAHMAYANTI', 'MPLB', 'XII MPLB 2', '5005', '303', 'AKTIF'),
(1886303, 207579, 'ADAM WAHYYUDI', 'TJKT', 'XII TJKT 1', '6006', '303', 'AKTIF'),
(1887303, 207586, 'AHMAD DANY', 'TJKT', 'XII TJKT 1', '6006', '303', 'AKTIF'),
(1888303, 207592, 'ANGGA PRASETYA PUTRA', 'TJKT', 'XII TJKT 1', '6006', '303', 'AKTIF'),
(1889303, 207593, 'ANGGA YOGA PRATAMA', 'TJKT', 'XII TJKT 1', '6006', '303', 'AKTIF'),
(1890303, 207594, 'ANGGI ALVIANTO', 'TJKT', 'XII TJKT 1', '6006', '303', 'AKTIF'),
(1891303, 207595, 'ARDI PRASETIO', 'TJKT', 'XII TJKT 1', '6006', '303', 'AKTIF'),
(1892303, 207596, 'ARI ARDIANSYAH', 'TJKT', 'XII TJKT 1', '6006', '303', 'AKTIF'),
(1893303, 207598, 'ARIFIN', 'TJKT', 'XII TJKT 1', '6006', '303', 'AKTIF'),
(1894303, 207599, 'ARIS BASTYAR', 'TJKT', 'XII TJKT 1', '6006', '303', 'AKTIF'),
(1895303, 207600, 'ARYA ZULFIKAR', 'TJKT', 'XII TJKT 1', '6006', '303', 'AKTIF'),
(1896303, 207601, 'BAYU FIRMANSYAH', 'TJKT', 'XII TJKT 1', '6006', '303', 'AKTIF'),
(1897303, 207602, 'BAYU SETIAWAN', 'TJKT', 'XII TJKT 1', '6006', '303', 'AKTIF'),
(1898303, 207603, 'CAHYA AJI SAPUTRA', 'TJKT', 'XII TJKT 1', '6006', '303', 'AKTIF'),
(1899303, 207606, 'CORY INTAN AGUSTIN', 'TJKT', 'XII TJKT 1', '6006', '303', 'AKTIF'),
(1900303, 207615, 'DZAKY RAMADHANI', 'TJKT', 'XII TJKT 1', '6006', '303', 'AKTIF'),
(1901303, 207621, 'ERIK JAJANG KURNIAWAN', 'TJKT', 'XII TJKT 1', '6006', '303', 'AKTIF'),
(1902303, 207625, 'FAKHRUL DHAFI', 'TJKT', 'XII TJKT 1', '6006', '303', 'AKTIF'),
(1903303, 207628, 'FERDIAN AHMAD RUDIANTO', 'TJKT', 'XII TJKT 1', '6006', '303', 'AKTIF'),
(1904303, 207629, 'FERDIAN WIJAYA ALEXANDRA', 'TJKT', 'XII TJKT 1', '6006', '303', 'AKTIF'),
(1905303, 207636, 'HARIS', 'TJKT', 'XII TJKT 1', '6006', '303', 'AKTIF'),
(1906303, 207639, 'HERIXS HIDAYAT', 'TJKT', 'XII TJKT 1', '6006', '303', 'AKTIF'),
(1907303, 207642, 'IMMANUEL TAMANDO MASO', 'TJKT', 'XII TJKT 1', '6006', '303', 'AKTIF'),
(1908303, 207644, 'JUSTIN VALENTINO WAROUW', 'TJKT', 'XII TJKT 1', '6006', '303', 'AKTIF'),
(1909303, 207645, 'KELVIN AMANDO ERAWAN', 'TJKT', 'XII TJKT 1', '6006', '303', 'AKTIF'),
(1910303, 207651, 'MIMIN WINATA', 'TJKT', 'XII TJKT 1', '6006', '303', 'AKTIF'),
(1911303, 207664, 'MOHAMMAD KHOIRUL YANI', 'TJKT', 'XII TJKT 1', '6006', '303', 'AKTIF'),
(1912303, 207656, 'MUHAMAD REZA ANDRIAN', 'TJKT', 'XII TJKT 1', '6006', '303', 'AKTIF'),
(1913303, 207659, 'MUHAMMAD CAVAN HIZAM', 'TJKT', 'XII TJKT 1', '6006', '303', 'AKTIF'),
(1914303, 207662, 'MUHAMMAD GUSTI RAZAN', 'TJKT', 'XII TJKT 1', '6006', '303', 'AKTIF'),
(1915303, 207663, 'MUHAMMAD HASNUL ARIFIN', 'TJKT', 'XII TJKT 1', '6006', '303', 'AKTIF'),
(1916303, 207669, 'MUHAMMAD SIROJUDDIN GHOZALI', 'TJKT', 'XII TJKT 1', '6006', '303', 'AKTIF'),
(1917303, 207672, 'NASHRULLOH FIRDAUS', 'TJKT', 'XII TJKT 1', '6006', '303', 'AKTIF'),
(1918303, 207674, 'NICHOLLA MULQI BARBAROSSA', 'TJKT', 'XII TJKT 1', '6006', '303', 'AKTIF'),
(1919303, 207678, 'QALAM RAYDATHUL SABANI', 'TJKT', 'XII TJKT 1', '6006', '303', 'AKTIF'),
(1920303, 207683, 'RAYNOR SANJIA ANDHIKAFATA', 'TJKT', 'XII TJKT 1', '6006', '303', 'AKTIF'),
(1921303, 207690, 'RIZAL MAULANA', 'TJKT', 'XII TJKT 1', '6006', '303', 'AKTIF'),
(1922303, 207695, 'SHEVA SEPTANIO', 'TJKT', 'XII TJKT 1', '6006', '303', 'AKTIF'),
(1923303, 207696, 'SOPIYAN', 'TJKT', 'XII TJKT 1', '6006', '303', 'AKTIF'),
(1924303, 207697, 'SUGENG DWI WALUYO', 'TJKT', 'XII TJKT 1', '6006', '303', 'AKTIF'),
(1925303, 207700, 'SYAHRUL HANAVI', 'TJKT', 'XII TJKT 1', '6006', '303', 'AKTIF'),
(1926303, 207706, 'WILLYANSYAH', 'TJKT', 'XII TJKT 1', '6006', '303', 'AKTIF'),
(1927303, 207707, 'YOHANES SETIAWAN', 'TJKT', 'XII TJKT 1', '6006', '303', 'AKTIF'),
(1928303, 207708, 'YUDHA SEPTYAN', 'TJKT', 'XII TJKT 1', '6006', '303', 'AKTIF'),
(1929303, 207709, 'ZODI PRASTIYO', 'TJKT', 'XII TJKT 1', '6006', '303', 'AKTIF'),
(1930303, 207578, 'ABDUL RAHMAN', 'TJKT', 'XII TJKT 2', '6006', '303', 'AKTIF'),
(1931303, 207582, 'AFIF PRASETYO', 'TJKT', 'XII TJKT 2', '6006', '303', 'AKTIF'),
(1932303, 207583, 'AGUNG MAULANA FEBRIYANTO', 'TJKT', 'XII TJKT 2', '6006', '303', 'AKTIF'),
(1933303, 207597, 'ARIF', 'TJKT', 'XII TJKT 2', '6006', '303', 'AKTIF'),
(1934303, 207604, 'CANDRA AGUS NUGROHO', 'TJKT', 'XII TJKT 2', '6006', '303', 'AKTIF'),
(1935303, 207605, 'CARLOS LEONARDO', 'TJKT', 'XII TJKT 2', '6006', '303', 'AKTIF'),
(1936303, 207607, 'DENDI ZAKARIA', 'TJKT', 'XII TJKT 2', '6006', '303', 'AKTIF'),
(1937303, 207608, 'DENDY CAHYOKO', 'TJKT', 'XII TJKT 2', '6006', '303', 'AKTIF'),
(1938303, 207610, 'DICKY FADILAH', 'TJKT', 'XII TJKT 2', '6006', '303', 'AKTIF'),
(1939303, 207612, 'DIMAS ADI SAPUTRA', 'TJKT', 'XII TJKT 2', '6006', '303', 'AKTIF'),
(1940303, 207614, 'DUWI AMAL MAULIDA AKSAN', 'TJKT', 'XII TJKT 2', '6006', '303', 'AKTIF'),
(1941303, 207622, 'ERWIN OKTAVIANTO', 'TJKT', 'XII TJKT 2', '6006', '303', 'AKTIF'),
(1942303, 207623, 'FACHRUL RAMADHAN', 'TJKT', 'XII TJKT 2', '6006', '303', 'AKTIF'),
(1943303, 207630, 'GALIH ADIVA PRATAMA PUTRA', 'TJKT', 'XII TJKT 2', '6006', '303', 'AKTIF'),
(1944303, 207634, 'HAERUL ANGGA', 'TJKT', 'XII TJKT 2', '6006', '303', 'AKTIF'),
(1945303, 207637, 'HARRY RIVALDY', 'TJKT', 'XII TJKT 2', '6006', '303', 'AKTIF'),
(1946303, 207648, 'MOHAMAD RAGIL ADITYA PUTRA', 'TJKT', 'XII TJKT 2', '6006', '303', 'AKTIF'),
(1947303, 207661, 'MOHAMMAD FARHAN', 'TJKT', 'XII TJKT 2', '6006', '303', 'AKTIF'),
(1948303, 207653, 'MOHAMMAD HADI WIJAYA', 'TJKT', 'XII TJKT 2', '6006', '303', 'AKTIF'),
(1949303, 207658, 'MUHAMMAD AFRIZAL', 'TJKT', 'XII TJKT 2', '6006', '303', 'AKTIF'),
(1950303, 207660, 'MUHAMMAD DARMA ILLAHI', 'TJKT', 'XII TJKT 2', '6006', '303', 'AKTIF'),
(1951303, 207665, 'MUHAMMAD PIRMANSAH PUTRA RAGIL ', 'TJKT', 'XII TJKT 2', '6006', '303', 'AKTIF'),
(1952303, 207666, 'MUHAMMAD RAFANDI', 'TJKT', 'XII TJKT 2', '6006', '303', 'AKTIF'),
(1953303, 207668, 'MUHAMMAD RIDWAN', 'TJKT', 'XII TJKT 2', '6006', '303', 'AKTIF'),
(1954303, 207650, 'MUHAMMAD VINCEN RAMADHAN', 'TJKT', 'XII TJKT 2', '6006', '303', 'AKTIF'),
(1955303, 207671, 'NAJIB DZANNUR', 'TJKT', 'XII TJKT 2', '6006', '303', 'AKTIF'),
(1956303, 207676, 'PERDANA ANDRE SETIAWAN', 'TJKT', 'XII TJKT 2', '6006', '303', 'AKTIF'),
(1957303, 207677, 'PUTRA SURYA PRATAMA', 'TJKT', 'XII TJKT 2', '6006', '303', 'AKTIF'),
(1958303, 207679, 'RACHMAN GANIE', 'TJKT', 'XII TJKT 2', '6006', '303', 'AKTIF'),
(1959303, 207684, 'REHANDIKA BAYU MAARIF', 'TJKT', 'XII TJKT 2', '6006', '303', 'AKTIF'),
(1960303, 207687, 'RENO PRIANDANA', 'TJKT', 'XII TJKT 2', '6006', '303', 'AKTIF'),
(1961303, 207688, 'REVAN OKTAGIAS RAMADHAN', 'TJKT', 'XII TJKT 2', '6006', '303', 'AKTIF'),
(1962303, 207689, 'RIAN MAULANA', 'TJKT', 'XII TJKT 2', '6006', '303', 'AKTIF'),
(1963303, 207691, 'ROSITA ARYANINGSIH', 'TJKT', 'XII TJKT 2', '6006', '303', 'AKTIF'),
(1964303, 207693, 'SAHRUL ALAM', 'TJKT', 'XII TJKT 2', '6006', '303', 'AKTIF'),
(1965303, 207692, 'SAIPUL ALI', 'TJKT', 'XII TJKT 2', '6006', '303', 'AKTIF'),
(1966303, 207694, 'SATRIA WAHYU RAMADHAN ', 'TJKT', 'XII TJKT 2', '6006', '303', 'AKTIF'),
(1967303, 207699, 'SYAHRIEZA BAGUS WIDIYANTO', 'TJKT', 'XII TJKT 2', '6006', '303', 'AKTIF'),
(1968303, 207702, 'TEGAR CAHYA PUTRA', 'TJKT', 'XII TJKT 2', '6006', '303', 'AKTIF'),
(1969303, 207704, 'ULUMUDDIN ADJI PAMUNGKAS', 'TJKT', 'XII TJKT 2', '6006', '303', 'AKTIF'),
(1970303, 207580, 'ADIS MAULANA', 'TJKT', 'XII TJKT 3', '6006', '303', 'AKTIF'),
(1971303, 207581, 'ADITTIA DWI SAPUTRA', 'TJKT', 'XII TJKT 3', '6006', '303', 'AKTIF'),
(1972303, 207584, 'AGUNG PRASETYO NUGROHO', 'TJKT', 'XII TJKT 3', '6006', '303', 'AKTIF'),
(1973303, 207585, 'AGUS KHOLIFUDIN', 'TJKT', 'XII TJKT 3', '6006', '303', 'AKTIF'),
(1974303, 207587, 'AHMAD RIPAI', 'TJKT', 'XII TJKT 3', '6006', '303', 'AKTIF'),
(1975303, 207588, 'AJI PRASSETYO', 'TJKT', 'XII TJKT 3', '6006', '303', 'AKTIF'),
(1976303, 207589, 'ALTHAF NUR ASEGAF', 'TJKT', 'XII TJKT 3', '6006', '303', 'AKTIF'),
(1977303, 207590, 'ANANG RAMADHAN', 'TJKT', 'XII TJKT 3', '6006', '303', 'AKTIF'),
(1978303, 207591, 'ANDI FIRMANSYAH', 'TJKT', 'XII TJKT 3', '6006', '303', 'AKTIF'),
(1979303, 207609, 'DEWI RIZKI NILUARDANI', 'TJKT', 'XII TJKT 3', '6006', '303', 'AKTIF'),
(1980303, 207611, 'DIMAS BUDI RIYANTO', 'TJKT', 'XII TJKT 3', '6006', '303', 'AKTIF'),
(1981303, 207613, 'DION MOHAMAD BARUNA', 'TJKT', 'XII TJKT 3', '6006', '303', 'AKTIF'),
(1982303, 207616, 'DZAKY ZAHRAN', 'TJKT', 'XII TJKT 3', '6006', '303', 'AKTIF'),
(1983303, 207617, 'EGA PRATAMA', 'TJKT', 'XII TJKT 3', '6006', '303', 'AKTIF'),
(1984303, 207619, 'EKY FERDIANSYAH', 'TJKT', 'XII TJKT 3', '6006', '303', 'AKTIF'),
(1985303, 207620, 'ERI PUTRA PRATAMA', 'TJKT', 'XII TJKT 3', '6006', '303', 'AKTIF'),
(1986303, 207624, 'FAJAR DWI HARTADI', 'TJKT', 'XII TJKT 3', '6006', '303', 'AKTIF'),
(1987303, 207627, 'FEBI DWI SULISTIADI', 'TJKT', 'XII TJKT 3', '6006', '303', 'AKTIF'),
(1988303, 207631, 'GIANLUIGI FADHIL MUSTAQIM', 'TJKT', 'XII TJKT 3', '6006', '303', 'AKTIF'),
(1989303, 207632, 'GILANG DIAN SAPUTRA', 'TJKT', 'XII TJKT 3', '6006', '303', 'AKTIF'),
(1990303, 207633, 'GIN GIN', 'TJKT', 'XII TJKT 3', '6006', '303', 'AKTIF'),
(1991303, 207635, 'HAQI MAULANA', 'TJKT', 'XII TJKT 3', '6006', '303', 'AKTIF'),
(1992303, 207638, 'HASRIN ABDUL LAJI', 'TJKT', 'XII TJKT 3', '6006', '303', 'AKTIF'),
(1993303, 207640, 'I MADE ANTONI', 'TJKT', 'XII TJKT 3', '6006', '303', 'AKTIF'),
(1994303, 207641, 'IAN SAPUTRA', 'TJKT', 'XII TJKT 3', '6006', '303', 'AKTIF'),
(1995303, 207643, 'JANUAR BAGUS WIBOWO', 'TJKT', 'XII TJKT 3', '6006', '303', 'AKTIF'),
(1996303, 207646, 'KUKUH ANGGER MAHARGYO', 'TJKT', 'XII TJKT 3', '6006', '303', 'AKTIF'),
(1997303, 207647, 'LAKSAMANA PUTRA', 'TJKT', 'XII TJKT 3', '6006', '303', 'AKTIF'),
(1998303, 207654, 'MOH ALDI NIRWANSYAH', 'TJKT', 'XII TJKT 3', '6006', '303', 'AKTIF'),
(1999303, 207652, 'MOHAMAD HARYONO', 'TJKT', 'XII TJKT 3', '6006', '303', 'AKTIF'),
(2000303, 207655, 'MUHAMAD ALBAR A\'LAMSYAH', 'TJKT', 'XII TJKT 3', '6006', '303', 'AKTIF'),
(2001303, 207657, 'MUHAMAD RYAN HARDIANSYAH', 'TJKT', 'XII TJKT 3', '6006', '303', 'AKTIF'),
(2002303, 207649, 'MUHAMAD SABLIK MBIPI', 'TJKT', 'XII TJKT 3', '6006', '303', 'AKTIF'),
(2003303, 207667, 'MUHAMMAD RAFLI', 'TJKT', 'XII TJKT 3', '6006', '303', 'AKTIF'),
(2004303, 207673, 'NENDI', 'TJKT', 'XII TJKT 3', '6006', '303', 'AKTIF'),
(2005303, 207675, 'NOVAL TRI HARYANTO', 'TJKT', 'XII TJKT 3', '6006', '303', 'AKTIF'),
(2006303, 207680, 'RAFAEL MULIA ALFAHDI', 'TJKT', 'XII TJKT 3', '6006', '303', 'AKTIF'),
(2007303, 207681, 'RAGIL PANGESTU', 'TJKT', 'XII TJKT 3', '6006', '303', 'AKTIF'),
(2008303, 207685, 'RENDI SAPUTRA', 'TJKT', 'XII TJKT 3', '6006', '303', 'AKTIF'),
(2009303, 207686, 'RENI NURAENI', 'TJKT', 'XII TJKT 3', '6006', '303', 'AKTIF'),
(2010303, 207701, 'TEGAR', 'TJKT', 'XII TJKT 3', '6006', '303', 'AKTIF'),
(2011303, 207703, 'TRI PUTRA AFRIANSYAH', 'TJKT', 'XII TJKT 3', '6006', '303', 'AKTIF'),
(2012303, 207705, 'WIDDIYA BAGUS ENDANG WINARYO', 'TJKT', 'XII TJKT 3', '6006', '303', 'AKTIF');

-- --------------------------------------------------------

--
-- Table structure for table `spp_siswa`
--

CREATE TABLE `spp_siswa` (
  `id_spp_siswa` int(18) NOT NULL,
  `id_siswa` bigint(255) NOT NULL,
  `kode_bulan` int(18) NOT NULL,
  `bulan` varchar(128) NOT NULL,
  `status` varchar(32) NOT NULL,
  `pembayaran` varchar(128) NOT NULL,
  `cash` int(128) NOT NULL,
  `kjp` int(128) NOT NULL,
  `kjp_cash` int(128) NOT NULL,
  `date` timestamp NOT NULL DEFAULT current_timestamp()
) ENGINE=InnoDB DEFAULT CHARSET=utf8mb4 COLLATE=utf8mb4_general_ci;

--
-- Dumping data for table `spp_siswa`
--

INSERT INTO `spp_siswa` (`id_spp_siswa`, `id_siswa`, `kode_bulan`, `bulan`, `status`, `pembayaran`, `cash`, `kjp`, `kjp_cash`, `date`) VALUES
(11725, 1040303303, 3, 'Oktober', 'LUNAS', 'NON KJP', 375000, 0, 0, '2023-02-04 01:59:42'),
(11911, 1008303303, 11, 'Juni', 'BELUM LUNAS', 'BELUM LUNAS', 0, 0, 0, '2023-02-03 21:37:25'),
(11967, 1035303303, 3, 'Oktober', 'LUNAS', 'NON KJP', 375000, 0, 0, '2023-02-04 01:53:57'),
(12022, 1017303303, 4, 'November', 'LUNAS', 'NON KJP', 375000, 0, 0, '2023-02-03 22:14:38'),
(12488, 1032303303, 7, 'Februar', 'BELUM LUNAS', 'BELUM LUNAS', 0, 0, 0, '2023-02-04 01:51:52'),
(12638, 1035303303, 10, 'Mei', 'BELUM LUNAS', 'BELUM LUNAS', 0, 0, 0, '2023-02-04 01:53:51'),
(12876, 1002303303, 6, 'Januari', 'LUNAS', 'NON KJP', 375000, 0, 0, '2023-02-03 21:30:53'),
(13031, 1014303303, 11, 'Juni', 'BELUM LUNAS', 'BELUM LUNAS', 0, 0, 0, '2023-02-03 22:08:16'),
(13127, 1038303303, 7, 'Februar', 'BELUM LUNAS', 'BELUM LUNAS', 0, 0, 0, '2023-02-04 01:58:06'),
(13909, 1011303303, 1, 'Augustus', 'LUNAS', 'NON KJP', 375000, 0, 0, '2023-02-03 22:03:48'),
(14087, 1037303303, 2, 'September', 'LUNAS', 'NON KJP', 375000, 0, 0, '2023-02-04 01:57:34'),
(14224, 1040303303, 10, 'Mei', 'BELUM LUNAS', 'BELUM LUNAS', 0, 0, 0, '2023-02-04 01:59:33'),
(14614, 1014303303, 3, 'Oktober', 'LUNAS', 'NON KJP', 375000, 0, 0, '2023-02-03 22:08:25'),
(14848, 1003303303, 2, 'September', 'LUNAS', 'NON KJP', 375000, 0, 0, '2023-02-03 21:31:54'),
(14882, 1020303303, 3, 'Oktober', 'LUNAS', 'NON KJP', 375000, 0, 0, '2023-02-03 22:17:19'),
(15102, 1014303303, 9, 'April', 'BELUM LUNAS', 'BELUM LUNAS', 0, 0, 0, '2023-02-03 22:08:16'),
(15249, 1002303303, 8, 'Maret', 'BELUM LUNAS', 'BELUM LUNAS', 0, 0, 0, '2023-02-03 21:30:35'),
(15413, 1004303303, 10, 'Mei', 'BELUM LUNAS', 'BELUM LUNAS', 0, 0, 0, '2023-02-03 21:33:04'),
(15476, 1040303303, 5, 'Desember', 'LUNAS', 'NON KJP', 375000, 0, 0, '2023-02-04 01:59:45'),
(15594, 1002303303, 11, 'Juni', 'BELUM LUNAS', 'BELUM LUNAS', 0, 0, 0, '2023-02-03 21:30:35'),
(16602, 1035303303, 8, 'Maret', 'BELUM LUNAS', 'BELUM LUNAS', 0, 0, 0, '2023-02-04 01:53:51'),
(16999, 1037303303, 11, 'Juni', 'BELUM LUNAS', 'BELUM LUNAS', 0, 0, 0, '2023-02-04 01:57:19'),
(17254, 1032303303, 9, 'April', 'BELUM LUNAS', 'BELUM LUNAS', 0, 0, 0, '2023-02-04 01:51:52'),
(17321, 1027303303, 2, 'September', 'LUNAS', 'NON KJP', 375000, 0, 0, '2023-02-04 01:42:02'),
(17521, 1036303303, 4, 'November', 'LUNAS', 'NON KJP', 375000, 0, 0, '2023-02-04 01:54:42'),
(17550, 1023303303, 7, 'Februar', 'BELUM LUNAS', 'BELUM LUNAS', 0, 0, 0, '2023-02-03 22:25:14'),
(17587, 1030303303, 1, 'Augustus', 'LUNAS', 'NON KJP', 375000, 0, 0, '2023-02-04 01:45:29'),
(17771, 1020303303, 2, 'September', 'LUNAS', 'NON KJP', 375000, 0, 0, '2023-02-03 22:17:17'),
(17783, 1014303303, 1, 'Augustus', 'LUNAS', 'NON KJP', 375000, 0, 0, '2023-02-03 22:08:22'),
(17901, 1024303303, 11, 'Juni', 'BELUM LUNAS', 'BELUM LUNAS', 0, 0, 0, '2023-02-03 22:26:18'),
(18460, 1020303303, 1, 'Augustus', 'LUNAS', 'NON KJP', 375000, 0, 0, '2023-02-03 22:17:16'),
(18640, 1035303303, 2, 'September', 'LUNAS', 'NON KJP', 375000, 0, 0, '2023-02-04 01:53:56'),
(19184, 1016303303, 4, 'November', 'LUNAS', 'NON KJP', 375000, 0, 0, '2023-02-03 22:09:45'),
(19606, 1036303303, 3, 'Oktober', 'LUNAS', 'NON KJP', 375000, 0, 0, '2023-02-04 01:54:41'),
(19616, 1018303303, 2, 'September', 'LUNAS', 'NON KJP', 375000, 0, 0, '2023-02-03 22:13:29'),
(20003, 1025303303, 3, 'Oktober', 'LUNAS', 'NON KJP', 375000, 0, 0, '2023-02-03 22:27:15'),
(20187, 1012303303, 11, 'Juni', 'BELUM LUNAS', 'BELUM LUNAS', 0, 0, 0, '2023-02-03 22:07:29'),
(20208, 1001303303, 6, 'Januari', 'LUNAS', 'NON KJP', 375000, 0, 0, '2023-02-03 21:29:49'),
(20235, 1005303303, 1, 'Augustus', 'LUNAS', 'NON KJP', 375000, 0, 0, '2023-02-03 21:35:29'),
(20305, 1020303303, 6, 'Januari', 'BELUM LUNAS', 'BELUM LUNAS', 0, 0, 0, '2023-02-03 22:17:06'),
(20356, 1019303303, 5, 'Desember', 'LUNAS', 'NON KJP', 375000, 0, 0, '2023-02-03 22:15:22'),
(20948, 1028303303, 8, 'Maret', 'BELUM LUNAS', 'BELUM LUNAS', 0, 0, 0, '2023-02-04 01:43:06'),
(21180, 1004303303, 2, 'September', 'LUNAS', 'NON KJP', 375000, 0, 0, '2023-02-03 21:33:15'),
(21333, 1014303303, 7, 'Februar', 'BELUM LUNAS', 'BELUM LUNAS', 0, 0, 0, '2023-02-03 22:08:16'),
(21365, 1018303303, 11, 'Juni', 'BELUM LUNAS', 'BELUM LUNAS', 0, 0, 0, '2023-02-03 22:13:11'),
(21674, 1011303303, 3, 'Oktober', 'LUNAS', 'NON KJP', 375000, 0, 0, '2023-02-03 22:03:50'),
(21684, 1005303303, 7, 'Februar', 'BELUM LUNAS', 'BELUM LUNAS', 0, 0, 0, '2023-02-03 21:35:27'),
(21692, 1021303303, 7, 'Februar', 'BELUM LUNAS', 'BELUM LUNAS', 0, 0, 0, '2023-02-03 22:21:57'),
(21877, 1034303303, 6, 'Januari', 'BELUM LUNAS', 'BELUM LUNAS', 0, 0, 0, '2023-02-04 01:52:57'),
(22015, 1023303303, 3, 'Oktober', 'LUNAS', 'NON KJP', 375000, 0, 0, '2023-02-03 22:25:23'),
(22097, 1023303303, 4, 'November', 'LUNAS', 'NON KJP', 375000, 0, 0, '2023-02-03 22:25:25'),
(22185, 1040303303, 1, 'Augustus', 'LUNAS', 'NON KJP', 375000, 0, 0, '2023-02-04 01:59:39'),
(22523, 1017303303, 5, 'Desember', 'LUNAS', 'NON KJP', 375000, 0, 0, '2023-02-03 22:14:39'),
(22640, 1025303303, 1, 'Augustus', 'LUNAS', 'NON KJP', 375000, 0, 0, '2023-02-03 22:27:13'),
(22713, 1009303303, 4, 'November', 'LUNAS', 'NON KJP', 375000, 0, 0, '2023-02-03 21:39:05'),
(23094, 1020303303, 8, 'Maret', 'BELUM LUNAS', 'BELUM LUNAS', 0, 0, 0, '2023-02-03 22:17:06'),
(23315, 1039303303, 10, 'Mei', 'BELUM LUNAS', 'BELUM LUNAS', 0, 0, 0, '2023-02-04 01:58:52'),
(23596, 1028303303, 6, 'Januari', 'BELUM LUNAS', 'BELUM LUNAS', 0, 0, 0, '2023-02-04 01:43:06'),
(23717, 1038303303, 9, 'April', 'BELUM LUNAS', 'BELUM LUNAS', 0, 0, 0, '2023-02-04 01:58:06'),
(23742, 1006303303, 1, 'Augustus', 'LUNAS', 'NON KJP', 375000, 0, 0, '2023-02-03 21:36:54'),
(23856, 1001303303, 11, 'Juni', 'BELUM LUNAS', 'BELUM LUNAS', 0, 0, 0, '2023-02-03 21:28:46'),
(23910, 1036303303, 7, 'Februar', 'BELUM LUNAS', 'BELUM LUNAS', 0, 0, 0, '2023-02-04 01:54:29'),
(24069, 1017303303, 1, 'Augustus', 'LUNAS', 'NON KJP', 375000, 0, 0, '2023-02-03 22:14:29'),
(24139, 1017303303, 2, 'September', 'LUNAS', 'NON KJP', 375000, 0, 0, '2023-02-03 22:14:31'),
(24255, 1019303303, 1, 'Augustus', 'LUNAS', 'NON KJP', 375000, 0, 0, '2023-02-03 22:15:18'),
(24297, 1006303303, 9, 'April', 'BELUM LUNAS', 'BELUM LUNAS', 0, 0, 0, '2023-02-03 21:36:48'),
(24426, 1020303303, 5, 'Desember', 'BELUM LUNAS', 'BELUM LUNAS', 0, 0, 0, '2023-02-03 22:17:06'),
(24671, 1004303303, 9, 'April', 'BELUM LUNAS', 'BELUM LUNAS', 0, 0, 0, '2023-02-03 21:33:04'),
(25458, 1016303303, 6, 'Januari', 'BELUM LUNAS', 'BELUM LUNAS', 0, 0, 0, '2023-02-03 22:09:34'),
(25581, 1012303303, 10, 'Mei', 'BELUM LUNAS', 'BELUM LUNAS', 0, 0, 0, '2023-02-03 22:07:29'),
(25804, 1006303303, 5, 'Desember', 'LUNAS', 'NON KJP', 375000, 0, 0, '2023-02-03 21:36:59'),
(25957, 1004303303, 1, 'Augustus', 'LUNAS', 'NON KJP', 375000, 0, 0, '2023-02-03 21:33:13'),
(25973, 1017303303, 11, 'Juni', 'BELUM LUNAS', 'BELUM LUNAS', 0, 0, 0, '2023-02-03 22:14:27'),
(26144, 1036303303, 5, 'Desember', 'LUNAS', 'NON KJP', 375000, 0, 0, '2023-02-04 01:54:44'),
(26261, 1024303303, 6, 'Januari', 'LUNAS', 'NON KJP', 375000, 0, 0, '2023-02-03 22:26:45'),
(26276, 1016303303, 1, 'Augustus', 'LUNAS', 'NON KJP', 375000, 0, 0, '2023-02-03 22:09:42'),
(26304, 1024303303, 7, 'Februar', 'BELUM LUNAS', 'BELUM LUNAS', 0, 0, 0, '2023-02-03 22:26:18'),
(26767, 1002303303, 1, 'Augustus', 'LUNAS', 'NON KJP', 375000, 0, 0, '2023-02-03 21:30:45'),
(26805, 1037303303, 9, 'April', 'BELUM LUNAS', 'BELUM LUNAS', 0, 0, 0, '2023-02-04 01:57:19'),
(26963, 1040303303, 2, 'September', 'LUNAS', 'NON KJP', 375000, 0, 0, '2023-02-04 01:59:40'),
(27023, 1008303303, 6, 'Januari', 'LUNAS', 'NON KJP', 375000, 0, 0, '2023-02-03 21:37:39'),
(27122, 1004303303, 6, 'Januari', 'LUNAS', 'NON KJP', 375000, 0, 0, '2023-02-03 21:33:22'),
(27123, 1034303303, 5, 'Desember', 'BELUM LUNAS', 'BELUM LUNAS', 0, 0, 0, '2023-02-04 01:52:57'),
(27303, 1016303303, 3, 'Oktober', 'LUNAS', 'NON KJP', 375000, 0, 0, '2023-02-03 22:09:43'),
(27719, 1031303303, 4, 'November', 'LUNAS', 'NON KJP', 375000, 0, 0, '2023-02-04 01:51:12'),
(27786, 1027303303, 4, 'November', 'LUNAS', 'NON KJP', 375000, 0, 0, '2023-02-04 01:42:06'),
(28420, 1016303303, 2, 'September', 'LUNAS', 'NON KJP', 375000, 0, 0, '2023-02-03 22:09:42'),
(29141, 1032303303, 2, 'September', 'LUNAS', 'NON KJP', 375000, 0, 0, '2023-02-04 01:51:59'),
(29317, 1030303303, 8, 'Maret', 'BELUM LUNAS', 'BELUM LUNAS', 0, 0, 0, '2023-02-04 01:45:22'),
(29350, 1027303303, 7, 'Februar', 'BELUM LUNAS', 'BELUM LUNAS', 0, 0, 0, '2023-02-04 01:41:47'),
(29397, 1005303303, 4, 'November', 'LUNAS', 'NON KJP', 375000, 0, 0, '2023-02-03 21:35:32'),
(30702, 1008303303, 3, 'Oktober', 'LUNAS', 'NON KJP', 375000, 0, 0, '2023-02-03 21:37:32'),
(30734, 1027303303, 6, 'Januari', 'BELUM LUNAS', 'BELUM LUNAS', 0, 0, 0, '2023-02-04 01:41:47'),
(30762, 1031303303, 1, 'Augustus', 'LUNAS', 'NON KJP', 375000, 0, 0, '2023-02-04 01:51:08'),
(30950, 1008303303, 1, 'Augustus', 'LUNAS', 'NON KJP', 375000, 0, 0, '2023-02-03 21:37:29'),
(31520, 1037303303, 5, 'Desember', 'LUNAS', 'NON KJP', 375000, 0, 0, '2023-02-04 01:57:38'),
(31741, 1039303303, 9, 'April', 'BELUM LUNAS', 'BELUM LUNAS', 0, 0, 0, '2023-02-04 01:58:52'),
(31751, 1012303303, 8, 'Maret', 'BELUM LUNAS', 'BELUM LUNAS', 0, 0, 0, '2023-02-03 22:07:29'),
(32218, 1037303303, 1, 'Augustus', 'LUNAS', 'NON KJP', 375000, 0, 0, '2023-02-04 01:57:32'),
(32420, 1034303303, 1, 'Augustus', 'LUNAS', 'NON KJP', 375000, 0, 0, '2023-02-04 01:53:09'),
(32451, 1004303303, 11, 'Juni', 'BELUM LUNAS', 'BELUM LUNAS', 0, 0, 0, '2023-02-03 21:33:04'),
(32512, 1041303303, 4, 'November', 'LUNAS', 'NON KJP', 375000, 0, 0, '2023-02-04 02:00:25'),
(32556, 1009303303, 3, 'Oktober', 'LUNAS', 'NON KJP', 375000, 0, 0, '2023-02-03 21:39:04'),
(32573, 1036303303, 1, 'Augustus', 'LUNAS', 'NON KJP', 375000, 0, 0, '2023-02-04 01:54:39'),
(32728, 1038303303, 1, 'Augustus', 'LUNAS', 'NON KJP', 375000, 0, 0, '2023-02-04 01:58:11'),
(32773, 1038303303, 6, 'Januari', 'LUNAS', 'NON KJP', 375000, 0, 0, '2023-02-04 01:58:18'),
(32913, 1020303303, 11, 'Juni', 'BELUM LUNAS', 'BELUM LUNAS', 0, 0, 0, '2023-02-03 22:17:06'),
(33726, 1016303303, 9, 'April', 'BELUM LUNAS', 'BELUM LUNAS', 0, 0, 0, '2023-02-03 22:09:34'),
(33927, 1014303303, 10, 'Mei', 'BELUM LUNAS', 'BELUM LUNAS', 0, 0, 0, '2023-02-03 22:08:16'),
(34101, 1039303303, 2, 'September', 'LUNAS', 'NON KJP', 375000, 0, 0, '2023-02-04 01:58:57'),
(34694, 1012303303, 5, 'Desember', 'LUNAS', 'NON KJP', 375000, 0, 0, '2023-02-03 22:07:41'),
(34907, 1036303303, 10, 'Mei', 'BELUM LUNAS', 'BELUM LUNAS', 0, 0, 0, '2023-02-04 01:54:29'),
(35217, 1036303303, 8, 'Maret', 'BELUM LUNAS', 'BELUM LUNAS', 0, 0, 0, '2023-02-04 01:54:29'),
(35415, 1038303303, 11, 'Juni', 'BELUM LUNAS', 'BELUM LUNAS', 0, 0, 0, '2023-02-04 01:58:06'),
(35491, 1032303303, 4, 'November', 'LUNAS', 'NON KJP', 375000, 0, 0, '2023-02-04 01:52:01'),
(35583, 1009303303, 9, 'April', 'BELUM LUNAS', 'BELUM LUNAS', 0, 0, 0, '2023-02-03 21:38:59'),
(35585, 1027303303, 3, 'Oktober', 'LUNAS', 'NON KJP', 375000, 0, 0, '2023-02-04 01:42:03'),
(35664, 1002303303, 3, 'Oktober', 'LUNAS', 'NON KJP', 375000, 0, 0, '2023-02-03 21:30:48'),
(35774, 1005303303, 6, 'Januari', 'LUNAS', 'NON KJP', 375000, 0, 0, '2023-02-03 21:35:35'),
(36195, 1040303303, 9, 'April', 'BELUM LUNAS', 'BELUM LUNAS', 0, 0, 0, '2023-02-04 01:59:33'),
(36385, 1038303303, 5, 'Desember', 'LUNAS', 'NON KJP', 375000, 0, 0, '2023-02-04 01:58:16'),
(36857, 1001303303, 7, 'Februar', 'BELUM LUNAS', 'BELUM LUNAS', 0, 0, 0, '2023-02-03 21:28:46'),
(37082, 1019303303, 11, 'Juni', 'BELUM LUNAS', 'BELUM LUNAS', 0, 0, 0, '2023-02-03 22:15:11'),
(37348, 1034303303, 10, 'Mei', 'BELUM LUNAS', 'BELUM LUNAS', 0, 0, 0, '2023-02-04 01:52:57'),
(37381, 1031303303, 3, 'Oktober', 'LUNAS', 'NON KJP', 375000, 0, 0, '2023-02-04 01:51:10'),
(37438, 1017303303, 7, 'Februar', 'BELUM LUNAS', 'BELUM LUNAS', 0, 0, 0, '2023-02-03 22:14:27'),
(38205, 1027303303, 11, 'Juni', 'BELUM LUNAS', 'BELUM LUNAS', 0, 0, 0, '2023-02-04 01:41:47'),
(38240, 1026303303, 7, 'Februar', 'BELUM LUNAS', 'BELUM LUNAS', 0, 0, 0, '2023-02-04 01:39:43'),
(38339, 1025303303, 6, 'Januari', 'LUNAS', 'NON KJP', 375000, 0, 0, '2023-02-03 22:27:19'),
(38993, 1036303303, 2, 'September', 'LUNAS', 'NON KJP', 375000, 0, 0, '2023-02-04 01:54:40'),
(39107, 1025303303, 11, 'Juni', 'BELUM LUNAS', 'BELUM LUNAS', 0, 0, 0, '2023-02-03 22:27:08'),
(39656, 1037303303, 7, 'Februar', 'BELUM LUNAS', 'BELUM LUNAS', 0, 0, 0, '2023-02-04 01:57:19'),
(40307, 1034303303, 3, 'Oktober', 'LUNAS', 'NON KJP', 375000, 0, 0, '2023-02-04 01:53:10'),
(41299, 1018303303, 1, 'Augustus', 'LUNAS', 'NON KJP', 375000, 0, 0, '2023-02-03 22:13:27'),
(41405, 1019303303, 7, 'Februar', 'BELUM LUNAS', 'BELUM LUNAS', 0, 0, 0, '2023-02-03 22:15:11'),
(41594, 1011303303, 11, 'Juni', 'BELUM LUNAS', 'BELUM LUNAS', 0, 0, 0, '2023-02-03 22:03:43'),
(42158, 1028303303, 11, 'Juni', 'BELUM LUNAS', 'BELUM LUNAS', 0, 0, 0, '2023-02-04 01:43:06'),
(42216, 1026303303, 10, 'Mei', 'BELUM LUNAS', 'BELUM LUNAS', 0, 0, 0, '2023-02-04 01:39:43'),
(42757, 1030303303, 11, 'Juni', 'BELUM LUNAS', 'BELUM LUNAS', 0, 0, 0, '2023-02-04 01:45:22'),
(42913, 1012303303, 2, 'September', 'LUNAS', 'NON KJP', 375000, 0, 0, '2023-02-03 22:07:36'),
(43009, 1005303303, 5, 'Desember', 'LUNAS', 'NON KJP', 375000, 0, 0, '2023-02-03 21:35:33'),
(43014, 1008303303, 5, 'Desember', 'LUNAS', 'NON KJP', 375000, 0, 0, '2023-02-03 21:37:37'),
(43051, 1024303303, 1, 'Augustus', 'LUNAS', 'NON KJP', 375000, 0, 0, '2023-02-03 22:26:28'),
(43054, 1003303303, 9, 'April', 'BELUM LUNAS', 'BELUM LUNAS', 0, 0, 0, '2023-02-03 21:31:47'),
(43298, 1030303303, 7, 'Februar', 'BELUM LUNAS', 'BELUM LUNAS', 0, 0, 0, '2023-02-04 01:45:22'),
(43653, 1039303303, 11, 'Juni', 'BELUM LUNAS', 'BELUM LUNAS', 0, 0, 0, '2023-02-04 01:58:52'),
(43902, 1024303303, 2, 'September', 'LUNAS', 'NON KJP', 375000, 0, 0, '2023-02-03 22:26:30'),
(44088, 1041303303, 7, 'Februar', 'BELUM LUNAS', 'BELUM LUNAS', 0, 0, 0, '2023-02-04 02:00:18'),
(44294, 1003303303, 6, 'Januari', 'LUNAS', 'NON KJP', 375000, 0, 0, '2023-02-03 21:32:01'),
(44665, 1026303303, 8, 'Maret', 'BELUM LUNAS', 'BELUM LUNAS', 0, 0, 0, '2023-02-04 01:39:43'),
(44669, 1024303303, 9, 'April', 'BELUM LUNAS', 'BELUM LUNAS', 0, 0, 0, '2023-02-03 22:26:18'),
(44796, 1026303303, 1, 'Augustus', 'LUNAS', 'NON KJP', 375000, 0, 0, '2023-02-04 01:40:07'),
(45361, 1040303303, 11, 'Juni', 'BELUM LUNAS', 'BELUM LUNAS', 0, 0, 0, '2023-02-04 01:59:33'),
(46036, 1026303303, 11, 'Juni', 'BELUM LUNAS', 'BELUM LUNAS', 0, 0, 0, '2023-02-04 01:39:43'),
(46242, 1002303303, 4, 'November', 'LUNAS', 'NON KJP', 375000, 0, 0, '2023-02-03 21:30:49'),
(46293, 1028303303, 10, 'Mei', 'BELUM LUNAS', 'BELUM LUNAS', 0, 0, 0, '2023-02-04 01:43:06'),
(46378, 1032303303, 5, 'Desember', 'LUNAS', 'NON KJP', 375000, 0, 0, '2023-02-04 01:52:06'),
(46833, 1034303303, 8, 'Maret', 'BELUM LUNAS', 'BELUM LUNAS', 0, 0, 0, '2023-02-04 01:52:57'),
(47296, 1001303303, 8, 'Maret', 'BELUM LUNAS', 'BELUM LUNAS', 0, 0, 0, '2023-02-03 21:28:46'),
(47350, 1004303303, 4, 'November', 'LUNAS', 'NON KJP', 375000, 0, 0, '2023-02-03 21:33:18'),
(47483, 1023303303, 10, 'Mei', 'BELUM LUNAS', 'BELUM LUNAS', 0, 0, 0, '2023-02-03 22:25:14'),
(47670, 1041303303, 1, 'Augustus', 'LUNAS', 'NON KJP', 375000, 0, 0, '2023-02-04 02:00:20'),
(47680, 1016303303, 8, 'Maret', 'BELUM LUNAS', 'BELUM LUNAS', 0, 0, 0, '2023-02-03 22:09:34'),
(47802, 1041303303, 5, 'Desember', 'BELUM LUNAS', 'BELUM LUNAS', 0, 0, 0, '2023-02-04 02:00:18'),
(48101, 1021303303, 3, 'Oktober', 'LUNAS', 'NON KJP', 375000, 0, 0, '2023-02-03 22:22:07'),
(48440, 1012303303, 1, 'Augustus', 'LUNAS', 'NON KJP', 375000, 0, 0, '2023-02-03 22:07:35'),
(48536, 1030303303, 6, 'Januari', 'LUNAS', 'NON KJP', 375000, 0, 0, '2023-02-04 01:45:43'),
(48566, 1032303303, 8, 'Maret', 'BELUM LUNAS', 'BELUM LUNAS', 0, 0, 0, '2023-02-04 01:51:52'),
(48787, 1023303303, 9, 'April', 'BELUM LUNAS', 'BELUM LUNAS', 0, 0, 0, '2023-02-03 22:25:14'),
(49446, 1018303303, 6, 'Januari', 'LUNAS', 'NON KJP', 375000, 0, 0, '2023-02-03 22:14:09'),
(49607, 1023303303, 11, 'Juni', 'BELUM LUNAS', 'BELUM LUNAS', 0, 0, 0, '2023-02-03 22:25:14'),
(49693, 1030303303, 5, 'Desember', 'LUNAS', 'NON KJP', 375000, 0, 0, '2023-02-04 01:45:36'),
(49875, 1035303303, 5, 'Desember', 'LUNAS', 'NON KJP', 375000, 0, 0, '2023-02-04 01:54:01'),
(50198, 1025303303, 10, 'Mei', 'BELUM LUNAS', 'BELUM LUNAS', 0, 0, 0, '2023-02-03 22:27:08'),
(50299, 1040303303, 4, 'November', 'LUNAS', 'NON KJP', 375000, 0, 0, '2023-02-04 01:59:44'),
(50360, 1038303303, 2, 'September', 'LUNAS', 'NON KJP', 375000, 0, 0, '2023-02-04 01:58:12'),
(50470, 1031303303, 2, 'September', 'LUNAS', 'NON KJP', 375000, 0, 0, '2023-02-04 01:51:09'),
(50636, 1012303303, 4, 'November', 'LUNAS', 'NON KJP', 375000, 0, 0, '2023-02-03 22:07:39'),
(50712, 1003303303, 4, 'November', 'LUNAS', 'NON KJP', 375000, 0, 0, '2023-02-03 21:31:57'),
(50799, 1035303303, 4, 'November', 'LUNAS', 'NON KJP', 375000, 0, 0, '2023-02-04 01:53:59'),
(51508, 1019303303, 2, 'September', 'LUNAS', 'NON KJP', 375000, 0, 0, '2023-02-03 22:15:19'),
(51592, 1016303303, 11, 'Juni', 'BELUM LUNAS', 'BELUM LUNAS', 0, 0, 0, '2023-02-03 22:09:34'),
(51854, 1023303303, 6, 'Januari', 'LUNAS', 'NON KJP', 375000, 0, 0, '2023-02-03 22:25:37'),
(52027, 1035303303, 6, 'Januari', 'LUNAS', 'NON KJP', 375000, 0, 0, '2023-02-04 01:54:04'),
(52064, 1001303303, 10, 'Mei', 'BELUM LUNAS', 'BELUM LUNAS', 0, 0, 0, '2023-02-03 21:28:46'),
(52639, 1032303303, 6, 'Januari', 'BELUM LUNAS', 'BELUM LUNAS', 0, 0, 0, '2023-02-04 01:51:52'),
(53662, 1021303303, 9, 'April', 'BELUM LUNAS', 'BELUM LUNAS', 0, 0, 0, '2023-02-03 22:21:57'),
(53764, 1003303303, 5, 'Desember', 'LUNAS', 'NON KJP', 375000, 0, 0, '2023-02-03 21:31:59'),
(53864, 1002303303, 2, 'September', 'LUNAS', 'NON KJP', 375000, 0, 0, '2023-02-03 21:30:46'),
(54291, 1009303303, 10, 'Mei', 'BELUM LUNAS', 'BELUM LUNAS', 0, 0, 0, '2023-02-03 21:38:59'),
(54313, 1003303303, 10, 'Mei', 'BELUM LUNAS', 'BELUM LUNAS', 0, 0, 0, '2023-02-03 21:31:47'),
(54505, 1018303303, 8, 'Maret', 'BELUM LUNAS', 'BELUM LUNAS', 0, 0, 0, '2023-02-03 22:13:11'),
(54754, 1032303303, 11, 'Juni', 'BELUM LUNAS', 'BELUM LUNAS', 0, 0, 0, '2023-02-04 01:51:52'),
(55092, 1008303303, 9, 'April', 'BELUM LUNAS', 'BELUM LUNAS', 0, 0, 0, '2023-02-03 21:37:25'),
(55125, 1027303303, 8, 'Maret', 'BELUM LUNAS', 'BELUM LUNAS', 0, 0, 0, '2023-02-04 01:41:47'),
(55137, 1028303303, 9, 'April', 'BELUM LUNAS', 'BELUM LUNAS', 0, 0, 0, '2023-02-04 01:43:06'),
(55241, 1031303303, 11, 'Juni', 'BELUM LUNAS', 'BELUM LUNAS', 0, 0, 0, '2023-02-04 01:49:35'),
(55323, 1009303303, 11, 'Juni', 'BELUM LUNAS', 'BELUM LUNAS', 0, 0, 0, '2023-02-03 21:38:59'),
(55370, 1036303303, 6, 'Januari', 'LUNAS', 'NON KJP', 375000, 0, 0, '2023-02-04 01:54:48'),
(55483, 1021303303, 2, 'September', 'LUNAS', 'NON KJP', 375000, 0, 0, '2023-02-03 22:22:06'),
(55902, 1021303303, 10, 'Mei', 'BELUM LUNAS', 'BELUM LUNAS', 0, 0, 0, '2023-02-03 22:21:57'),
(56031, 1018303303, 7, 'Februar', 'BELUM LUNAS', 'BELUM LUNAS', 0, 0, 0, '2023-02-03 22:13:11'),
(56424, 1041303303, 2, 'September', 'LUNAS', 'NON KJP', 375000, 0, 0, '2023-02-04 02:00:22'),
(56505, 1009303303, 8, 'Maret', 'BELUM LUNAS', 'BELUM LUNAS', 0, 0, 0, '2023-02-03 21:38:59'),
(56740, 1012303303, 7, 'Februar', 'BELUM LUNAS', 'BELUM LUNAS', 0, 0, 0, '2023-02-03 22:07:29'),
(57027, 1011303303, 10, 'Mei', 'BELUM LUNAS', 'BELUM LUNAS', 0, 0, 0, '2023-02-03 22:03:43'),
(58634, 1008303303, 8, 'Maret', 'BELUM LUNAS', 'BELUM LUNAS', 0, 0, 0, '2023-02-03 21:37:25'),
(58961, 1023303303, 5, 'Desember', 'LUNAS', 'NON KJP', 375000, 0, 0, '2023-02-03 22:25:27'),
(58974, 1026303303, 2, 'September', 'LUNAS', 'NON KJP', 375000, 0, 0, '2023-02-04 01:40:08'),
(59104, 1003303303, 1, 'Augustus', 'LUNAS', 'NON KJP', 375000, 0, 0, '2023-02-03 21:31:53'),
(59182, 1032303303, 1, 'Augustus', 'LUNAS', 'NON KJP', 375000, 0, 0, '2023-02-04 01:51:58'),
(59492, 1039303303, 3, 'Oktober', 'LUNAS', 'NON KJP', 375000, 0, 0, '2023-02-04 01:58:58'),
(59942, 1028303303, 1, 'Augustus', 'LUNAS', 'NON KJP', 375000, 0, 0, '2023-02-04 01:43:14'),
(60223, 1020303303, 9, 'April', 'BELUM LUNAS', 'BELUM LUNAS', 0, 0, 0, '2023-02-03 22:17:06'),
(60404, 1041303303, 8, 'Maret', 'BELUM LUNAS', 'BELUM LUNAS', 0, 0, 0, '2023-02-04 02:00:18'),
(60470, 1009303303, 7, 'Februar', 'BELUM LUNAS', 'BELUM LUNAS', 0, 0, 0, '2023-02-03 21:38:59'),
(60491, 1030303303, 4, 'November', 'LUNAS', 'NON KJP', 375000, 0, 0, '2023-02-04 01:45:33'),
(60565, 1028303303, 2, 'September', 'LUNAS', 'NON KJP', 375000, 0, 0, '2023-02-04 01:43:15'),
(61080, 1039303303, 6, 'Januari', 'LUNAS', 'NON KJP', 375000, 0, 0, '2023-02-04 01:59:02'),
(61343, 1014303303, 6, 'Januari', 'LUNAS', 'NON KJP', 375000, 0, 0, '2023-02-03 22:08:28'),
(61482, 1028303303, 7, 'Februar', 'BELUM LUNAS', 'BELUM LUNAS', 0, 0, 0, '2023-02-04 01:43:06'),
(61773, 1030303303, 3, 'Oktober', 'LUNAS', 'NON KJP', 375000, 0, 0, '2023-02-04 01:45:32'),
(61836, 1008303303, 7, 'Februar', 'BELUM LUNAS', 'BELUM LUNAS', 0, 0, 0, '2023-02-03 21:37:25'),
(61838, 1037303303, 10, 'Mei', 'BELUM LUNAS', 'BELUM LUNAS', 0, 0, 0, '2023-02-04 01:57:19'),
(62243, 1006303303, 3, 'Oktober', 'LUNAS', 'NON KJP', 375000, 0, 0, '2023-02-03 21:36:57'),
(62419, 1012303303, 6, 'Januari', 'BELUM LUNAS', 'BELUM LUNAS', 0, 0, 0, '2023-02-03 22:07:29'),
(62483, 1017303303, 9, 'April', 'BELUM LUNAS', 'BELUM LUNAS', 0, 0, 0, '2023-02-03 22:14:27'),
(62493, 1041303303, 10, 'Mei', 'BELUM LUNAS', 'BELUM LUNAS', 0, 0, 0, '2023-02-04 02:00:18'),
(62536, 1026303303, 3, 'Oktober', 'LUNAS', 'NON KJP', 375000, 0, 0, '2023-02-04 01:40:09'),
(63000, 1001303303, 9, 'April', 'BELUM LUNAS', 'BELUM LUNAS', 0, 0, 0, '2023-02-03 21:28:46'),
(63132, 1037303303, 8, 'Maret', 'BELUM LUNAS', 'BELUM LUNAS', 0, 0, 0, '2023-02-04 01:57:19'),
(63435, 1034303303, 2, 'September', 'LUNAS', 'NON KJP', 375000, 0, 0, '2023-02-04 01:53:10'),
(63441, 1037303303, 4, 'November', 'LUNAS', 'NON KJP', 375000, 0, 0, '2023-02-04 01:57:36'),
(63522, 1009303303, 6, 'Januari', 'LUNAS', 'NON KJP', 375000, 0, 0, '2023-02-03 21:39:08'),
(63808, 1025303303, 8, 'Maret', 'BELUM LUNAS', 'BELUM LUNAS', 0, 0, 0, '2023-02-03 22:27:08'),
(63855, 1032303303, 10, 'Mei', 'BELUM LUNAS', 'BELUM LUNAS', 0, 0, 0, '2023-02-04 01:51:52'),
(64271, 1016303303, 7, 'Februar', 'BELUM LUNAS', 'BELUM LUNAS', 0, 0, 0, '2023-02-03 22:09:34'),
(65213, 1001303303, 1, 'Augustus', 'LUNAS', 'NON KJP', 375000, 0, 0, '2023-02-03 21:29:37'),
(65778, 1018303303, 9, 'April', 'BELUM LUNAS', 'BELUM LUNAS', 0, 0, 0, '2023-02-03 22:13:11'),
(66098, 1006303303, 2, 'September', 'LUNAS', 'NON KJP', 375000, 0, 0, '2023-02-03 21:36:55'),
(66219, 1006303303, 6, 'Januari', 'LUNAS', 'NON KJP', 375000, 0, 0, '2023-02-03 21:37:01'),
(66239, 1023303303, 8, 'Maret', 'BELUM LUNAS', 'BELUM LUNAS', 0, 0, 0, '2023-02-03 22:25:14'),
(66593, 1040303303, 6, 'Januari', 'BELUM LUNAS', 'BELUM LUNAS', 0, 0, 0, '2023-02-04 01:59:33'),
(67003, 1003303303, 8, 'Maret', 'BELUM LUNAS', 'BELUM LUNAS', 0, 0, 0, '2023-02-03 21:31:47'),
(67052, 1018303303, 3, 'Oktober', 'LUNAS', 'NON KJP', 375000, 0, 0, '2023-02-03 22:13:30'),
(67670, 1016303303, 5, 'Desember', 'LUNAS', 'NON KJP', 375000, 0, 0, '2023-02-03 22:09:48'),
(67793, 1025303303, 4, 'November', 'LUNAS', 'NON KJP', 375000, 0, 0, '2023-02-03 22:27:16'),
(68656, 1040303303, 7, 'Februar', 'BELUM LUNAS', 'BELUM LUNAS', 0, 0, 0, '2023-02-04 01:59:33'),
(68902, 1021303303, 8, 'Maret', 'BELUM LUNAS', 'BELUM LUNAS', 0, 0, 0, '2023-02-03 22:21:57'),
(69720, 1024303303, 4, 'November', 'LUNAS', 'NON KJP', 375000, 0, 0, '2023-02-03 22:26:33'),
(69821, 1002303303, 9, 'April', 'BELUM LUNAS', 'BELUM LUNAS', 0, 0, 0, '2023-02-03 21:30:35'),
(69945, 1031303303, 7, 'Februar', 'BELUM LUNAS', 'BELUM LUNAS', 0, 0, 0, '2023-02-04 01:49:35'),
(69979, 1006303303, 10, 'Mei', 'BELUM LUNAS', 'BELUM LUNAS', 0, 0, 0, '2023-02-03 21:36:48'),
(69993, 1003303303, 3, 'Oktober', 'LUNAS', 'NON KJP', 375000, 0, 0, '2023-02-03 21:31:55'),
(70331, 1030303303, 10, 'Mei', 'BELUM LUNAS', 'BELUM LUNAS', 0, 0, 0, '2023-02-04 01:45:22'),
(70431, 1024303303, 8, 'Maret', 'BELUM LUNAS', 'BELUM LUNAS', 0, 0, 0, '2023-02-03 22:26:18'),
(70580, 1031303303, 10, 'Mei', 'BELUM LUNAS', 'BELUM LUNAS', 0, 0, 0, '2023-02-04 01:49:35'),
(70790, 1039303303, 7, 'Februar', 'BELUM LUNAS', 'BELUM LUNAS', 0, 0, 0, '2023-02-04 01:58:52'),
(70943, 1018303303, 10, 'Mei', 'BELUM LUNAS', 'BELUM LUNAS', 0, 0, 0, '2023-02-03 22:13:11'),
(71113, 1027303303, 9, 'April', 'BELUM LUNAS', 'BELUM LUNAS', 0, 0, 0, '2023-02-04 01:41:47'),
(71812, 1035303303, 9, 'April', 'BELUM LUNAS', 'BELUM LUNAS', 0, 0, 0, '2023-02-04 01:53:51'),
(72047, 1011303303, 5, 'Desember', 'LUNAS', 'NON KJP', 375000, 0, 0, '2023-02-03 22:03:53'),
(72336, 1011303303, 9, 'April', 'BELUM LUNAS', 'BELUM LUNAS', 0, 0, 0, '2023-02-03 22:03:43'),
(72521, 1019303303, 10, 'Mei', 'BELUM LUNAS', 'BELUM LUNAS', 0, 0, 0, '2023-02-03 22:15:11'),
(72752, 1003303303, 11, 'Juni', 'BELUM LUNAS', 'BELUM LUNAS', 0, 0, 0, '2023-02-03 21:31:47'),
(73009, 1020303303, 10, 'Mei', 'BELUM LUNAS', 'BELUM LUNAS', 0, 0, 0, '2023-02-03 22:17:06'),
(73185, 1009303303, 1, 'Augustus', 'LUNAS', 'NON KJP', 375000, 0, 0, '2023-02-03 21:39:02'),
(73217, 1014303303, 2, 'September', 'LUNAS', 'NON KJP', 375000, 0, 0, '2023-02-03 22:08:23'),
(73956, 1017303303, 6, 'Januari', 'BELUM LUNAS', 'BELUM LUNAS', 0, 0, 0, '2023-02-03 22:14:27'),
(74006, 1041303303, 11, 'Juni', 'BELUM LUNAS', 'BELUM LUNAS', 0, 0, 0, '2023-02-04 02:00:18'),
(74154, 1014303303, 8, 'Maret', 'BELUM LUNAS', 'BELUM LUNAS', 0, 0, 0, '2023-02-03 22:08:16'),
(74281, 1041303303, 9, 'April', 'BELUM LUNAS', 'BELUM LUNAS', 0, 0, 0, '2023-02-04 02:00:18'),
(74582, 1008303303, 4, 'November', 'LUNAS', 'NON KJP', 375000, 0, 0, '2023-02-03 21:37:34'),
(74676, 1014303303, 4, 'November', 'LUNAS', 'NON KJP', 375000, 0, 0, '2023-02-03 22:08:26'),
(74785, 1036303303, 9, 'April', 'BELUM LUNAS', 'BELUM LUNAS', 0, 0, 0, '2023-02-04 01:54:29'),
(74923, 1024303303, 5, 'Desember', 'LUNAS', 'NON KJP', 375000, 0, 0, '2023-02-03 22:26:35'),
(75228, 1037303303, 3, 'Oktober', 'LUNAS', 'NON KJP', 375000, 0, 0, '2023-02-04 01:57:35'),
(75312, 1021303303, 11, 'Juni', 'BELUM LUNAS', 'BELUM LUNAS', 0, 0, 0, '2023-02-03 22:21:57'),
(75424, 1032303303, 3, 'Oktober', 'LUNAS', 'NON KJP', 375000, 0, 0, '2023-02-04 01:52:00'),
(75710, 1036303303, 11, 'Juni', 'BELUM LUNAS', 'BELUM LUNAS', 0, 0, 0, '2023-02-04 01:54:29'),
(75958, 1011303303, 6, 'Januari', 'LUNAS', 'NON KJP', 375000, 0, 0, '2023-02-03 22:03:54'),
(76094, 1017303303, 8, 'Maret', 'BELUM LUNAS', 'BELUM LUNAS', 0, 0, 0, '2023-02-03 22:14:27'),
(76163, 1041303303, 6, 'Januari', 'BELUM LUNAS', 'BELUM LUNAS', 0, 0, 0, '2023-02-04 02:00:18'),
(76335, 1031303303, 9, 'April', 'BELUM LUNAS', 'BELUM LUNAS', 0, 0, 0, '2023-02-04 01:49:35'),
(76379, 1039303303, 5, 'Desember', 'LUNAS', 'NON KJP', 375000, 0, 0, '2023-02-04 01:59:00'),
(76516, 1001303303, 5, 'Desember', 'LUNAS', 'NON KJP', 375000, 0, 0, '2023-02-03 21:29:46'),
(76585, 1002303303, 10, 'Mei', 'BELUM LUNAS', 'BELUM LUNAS', 0, 0, 0, '2023-02-03 21:30:35'),
(77281, 1039303303, 4, 'November', 'LUNAS', 'NON KJP', 375000, 0, 0, '2023-02-04 01:58:59'),
(77996, 1021303303, 1, 'Augustus', 'LUNAS', 'NON KJP', 375000, 0, 0, '2023-02-03 22:22:05'),
(78733, 1041303303, 3, 'Oktober', 'LUNAS', 'NON KJP', 375000, 0, 0, '2023-02-04 02:00:24'),
(79676, 1006303303, 7, 'Februar', 'BELUM LUNAS', 'BELUM LUNAS', 0, 0, 0, '2023-02-03 21:36:48'),
(79825, 1017303303, 3, 'Oktober', 'LUNAS', 'NON KJP', 375000, 0, 0, '2023-02-03 22:14:33'),
(80467, 1018303303, 4, 'November', 'LUNAS', 'NON KJP', 375000, 0, 0, '2023-02-03 22:13:31'),
(80587, 1002303303, 7, 'Februar', 'BELUM LUNAS', 'BELUM LUNAS', 0, 0, 0, '2023-02-03 21:30:35'),
(81128, 1026303303, 4, 'November', 'LUNAS', 'NON KJP', 375000, 0, 0, '2023-02-04 01:40:10'),
(81654, 1004303303, 3, 'Oktober', 'LUNAS', 'NON KJP', 375000, 0, 0, '2023-02-03 21:33:16'),
(82845, 1035303303, 7, 'Februar', 'BELUM LUNAS', 'BELUM LUNAS', 0, 0, 0, '2023-02-04 01:53:51'),
(83487, 1012303303, 9, 'April', 'BELUM LUNAS', 'BELUM LUNAS', 0, 0, 0, '2023-02-03 22:07:29'),
(83612, 1003303303, 7, 'Februar', 'BELUM LUNAS', 'BELUM LUNAS', 0, 0, 0, '2023-02-03 21:31:47'),
(83712, 1019303303, 6, 'Januari', 'BELUM LUNAS', 'BELUM LUNAS', 0, 0, 0, '2023-02-03 22:15:11'),
(83736, 1031303303, 8, 'Maret', 'BELUM LUNAS', 'BELUM LUNAS', 0, 0, 0, '2023-02-04 01:49:35'),
(83812, 1004303303, 7, 'Februar', 'BELUM LUNAS', 'BELUM LUNAS', 0, 0, 0, '2023-02-03 21:33:04'),
(83891, 1038303303, 3, 'Oktober', 'LUNAS', 'NON KJP', 375000, 0, 0, '2023-02-04 01:58:13'),
(83973, 1019303303, 9, 'April', 'BELUM LUNAS', 'BELUM LUNAS', 0, 0, 0, '2023-02-03 22:15:11'),
(84110, 1011303303, 4, 'November', 'LUNAS', 'NON KJP', 375000, 0, 0, '2023-02-03 22:03:52'),
(84154, 1004303303, 8, 'Maret', 'BELUM LUNAS', 'BELUM LUNAS', 0, 0, 0, '2023-02-03 21:33:04'),
(84269, 1004303303, 5, 'Desember', 'LUNAS', 'NON KJP', 375000, 0, 0, '2023-02-03 21:33:20'),
(84486, 1016303303, 10, 'Mei', 'BELUM LUNAS', 'BELUM LUNAS', 0, 0, 0, '2023-02-03 22:09:34'),
(84493, 1006303303, 8, 'Maret', 'BELUM LUNAS', 'BELUM LUNAS', 0, 0, 0, '2023-02-03 21:36:48'),
(84631, 1021303303, 6, 'Januari', 'LUNAS', 'NON KJP', 375000, 0, 0, '2023-02-03 22:22:12'),
(84968, 1011303303, 2, 'September', 'LUNAS', 'NON KJP', 375000, 0, 0, '2023-02-03 22:03:50'),
(85171, 1011303303, 8, 'Maret', 'BELUM LUNAS', 'BELUM LUNAS', 0, 0, 0, '2023-02-03 22:03:43'),
(85697, 1006303303, 11, 'Juni', 'BELUM LUNAS', 'BELUM LUNAS', 0, 0, 0, '2023-02-03 21:36:48'),
(85770, 1002303303, 5, 'Desember', 'LUNAS', 'NON KJP', 375000, 0, 0, '2023-02-03 21:30:50'),
(85811, 1026303303, 5, 'Desember', 'LUNAS', 'NON KJP', 375000, 0, 0, '2023-02-04 01:40:14'),
(85925, 1001303303, 4, 'November', 'LUNAS', 'NON KJP', 375000, 0, 0, '2023-02-03 21:29:43'),
(85986, 1034303303, 4, 'November', 'LUNAS', 'NON KJP', 375000, 0, 0, '2023-02-04 01:53:12'),
(86151, 1027303303, 1, 'Augustus', 'LUNAS', 'NON KJP', 375000, 0, 0, '2023-02-04 01:42:01'),
(86526, 1017303303, 10, 'Mei', 'BELUM LUNAS', 'BELUM LUNAS', 0, 0, 0, '2023-02-03 22:14:27'),
(86745, 1021303303, 5, 'Desember', 'LUNAS', 'NON KJP', 375000, 0, 0, '2023-02-03 22:22:11'),
(86959, 1025303303, 2, 'September', 'LUNAS', 'NON KJP', 375000, 0, 0, '2023-02-03 22:27:14'),
(87150, 1038303303, 10, 'Mei', 'BELUM LUNAS', 'BELUM LUNAS', 0, 0, 0, '2023-02-04 01:58:06'),
(87292, 1034303303, 11, 'Juni', 'BELUM LUNAS', 'BELUM LUNAS', 0, 0, 0, '2023-02-04 01:52:57'),
(87399, 1034303303, 9, 'April', 'BELUM LUNAS', 'BELUM LUNAS', 0, 0, 0, '2023-02-04 01:52:57'),
(87475, 1001303303, 3, 'Oktober', 'LUNAS', 'NON KJP', 375000, 0, 0, '2023-02-03 21:29:42'),
(87485, 1025303303, 9, 'April', 'BELUM LUNAS', 'BELUM LUNAS', 0, 0, 0, '2023-02-03 22:27:08'),
(88023, 1005303303, 11, 'Juni', 'BELUM LUNAS', 'BELUM LUNAS', 0, 0, 0, '2023-02-03 21:35:27'),
(88060, 1026303303, 6, 'Januari', 'LUNAS', 'NON KJP', 375000, 0, 0, '2023-02-04 01:40:15'),
(88145, 1035303303, 1, 'Augustus', 'LUNAS', 'NON KJP', 375000, 0, 0, '2023-02-04 01:53:55'),
(88234, 1014303303, 5, 'Desember', 'LUNAS', 'NON KJP', 375000, 0, 0, '2023-02-03 22:08:27'),
(88502, 1020303303, 4, 'November', 'LUNAS', 'NON KJP', 375000, 0, 0, '2023-02-03 22:17:21'),
(88595, 1005303303, 8, 'Maret', 'BELUM LUNAS', 'BELUM LUNAS', 0, 0, 0, '2023-02-03 21:35:27'),
(88902, 1027303303, 10, 'Mei', 'BELUM LUNAS', 'BELUM LUNAS', 0, 0, 0, '2023-02-04 01:41:47'),
(89056, 1030303303, 9, 'April', 'BELUM LUNAS', 'BELUM LUNAS', 0, 0, 0, '2023-02-04 01:45:22'),
(89289, 1034303303, 7, 'Februar', 'BELUM LUNAS', 'BELUM LUNAS', 0, 0, 0, '2023-02-04 01:52:57'),
(89296, 1009303303, 2, 'September', 'LUNAS', 'NON KJP', 375000, 0, 0, '2023-02-03 21:39:03'),
(89393, 1019303303, 4, 'November', 'LUNAS', 'NON KJP', 375000, 0, 0, '2023-02-03 22:15:21'),
(89600, 1038303303, 8, 'Maret', 'BELUM LUNAS', 'BELUM LUNAS', 0, 0, 0, '2023-02-04 01:58:06'),
(90041, 1028303303, 3, 'Oktober', 'LUNAS', 'NON KJP', 375000, 0, 0, '2023-02-04 01:43:16'),
(90196, 1024303303, 3, 'Oktober', 'LUNAS', 'NON KJP', 375000, 0, 0, '2023-02-03 22:26:31'),
(90256, 1019303303, 3, 'Oktober', 'LUNAS', 'NON KJP', 375000, 0, 0, '2023-02-03 22:15:20'),
(90534, 1018303303, 5, 'Desember', 'LUNAS', 'NON KJP', 375000, 0, 0, '2023-02-03 22:13:35'),
(90577, 1030303303, 2, 'September', 'LUNAS', 'NON KJP', 375000, 0, 0, '2023-02-04 01:45:30'),
(91286, 1028303303, 5, 'Desember', 'LUNAS', 'NON KJP', 375000, 0, 0, '2023-02-04 01:43:20'),
(91448, 1039303303, 8, 'Maret', 'BELUM LUNAS', 'BELUM LUNAS', 0, 0, 0, '2023-02-04 01:58:52'),
(91735, 1005303303, 2, 'September', 'LUNAS', 'NON KJP', 375000, 0, 0, '2023-02-03 21:35:30'),
(91811, 1019303303, 8, 'Maret', 'BELUM LUNAS', 'BELUM LUNAS', 0, 0, 0, '2023-02-03 22:15:11'),
(91963, 1001303303, 2, 'September', 'LUNAS', 'NON KJP', 375000, 0, 0, '2023-02-03 21:29:39'),
(92537, 1040303303, 8, 'Maret', 'BELUM LUNAS', 'BELUM LUNAS', 0, 0, 0, '2023-02-04 01:59:33'),
(92599, 1024303303, 10, 'Mei', 'BELUM LUNAS', 'BELUM LUNAS', 0, 0, 0, '2023-02-03 22:26:18'),
(92881, 1038303303, 4, 'November', 'LUNAS', 'NON KJP', 375000, 0, 0, '2023-02-04 01:58:14'),
(92990, 1037303303, 6, 'Januari', 'LUNAS', 'NON KJP', 375000, 0, 0, '2023-02-04 01:57:42'),
(93220, 1026303303, 9, 'April', 'BELUM LUNAS', 'BELUM LUNAS', 0, 0, 0, '2023-02-04 01:39:43'),
(93811, 1005303303, 9, 'April', 'BELUM LUNAS', 'BELUM LUNAS', 0, 0, 0, '2023-02-03 21:35:27'),
(93848, 1009303303, 5, 'Desember', 'LUNAS', 'NON KJP', 375000, 0, 0, '2023-02-03 21:39:06'),
(94339, 1035303303, 11, 'Juni', 'BELUM LUNAS', 'BELUM LUNAS', 0, 0, 0, '2023-02-04 01:53:51'),
(94570, 1039303303, 1, 'Augustus', 'LUNAS', 'NON KJP', 375000, 0, 0, '2023-02-04 01:58:56'),
(94668, 1006303303, 4, 'November', 'LUNAS', 'NON KJP', 375000, 0, 0, '2023-02-03 21:36:58'),
(95012, 1031303303, 5, 'Desember', 'LUNAS', 'NON KJP', 375000, 0, 0, '2023-02-04 01:51:13'),
(95571, 1005303303, 3, 'Oktober', 'LUNAS', 'NON KJP', 375000, 0, 0, '2023-02-03 21:35:30'),
(95632, 1008303303, 10, 'Mei', 'BELUM LUNAS', 'BELUM LUNAS', 0, 0, 0, '2023-02-03 21:37:25'),
(95849, 1011303303, 7, 'Februar', 'BELUM LUNAS', 'BELUM LUNAS', 0, 0, 0, '2023-02-03 22:03:43'),
(95887, 1021303303, 4, 'November', 'LUNAS', 'NON KJP', 375000, 0, 0, '2023-02-03 22:22:08'),
(96730, 1027303303, 5, 'Desember', 'BELUM LUNAS', 'BELUM LUNAS', 0, 0, 0, '2023-02-04 01:41:47'),
(96744, 1023303303, 1, 'Augustus', 'LUNAS', 'NON KJP', 375000, 0, 0, '2023-02-03 22:25:21'),
(97324, 1008303303, 2, 'September', 'LUNAS', 'NON KJP', 375000, 0, 0, '2023-02-03 21:37:31'),
(97526, 1025303303, 7, 'Februar', 'BELUM LUNAS', 'BELUM LUNAS', 0, 0, 0, '2023-02-03 22:27:08'),
(97555, 1031303303, 6, 'Januari', 'BELUM LUNAS', 'BELUM LUNAS', 0, 0, 0, '2023-02-04 01:49:35'),
(97602, 1012303303, 3, 'Oktober', 'LUNAS', 'NON KJP', 375000, 0, 0, '2023-02-03 22:07:37'),
(97734, 1023303303, 2, 'September', 'LUNAS', 'NON KJP', 375000, 0, 0, '2023-02-03 22:25:22'),
(98816, 1028303303, 4, 'November', 'LUNAS', 'NON KJP', 375000, 0, 0, '2023-02-04 01:43:17'),
(98984, 1005303303, 10, 'Mei', 'BELUM LUNAS', 'BELUM LUNAS', 0, 0, 0, '2023-02-03 21:35:27'),
(99110, 1025303303, 5, 'Desember', 'LUNAS', 'NON KJP', 375000, 0, 0, '2023-02-03 22:27:17'),
(99726, 1020303303, 7, 'Februar', 'BELUM LUNAS', 'BELUM LUNAS', 0, 0, 0, '2023-02-03 22:17:06');

-- --------------------------------------------------------

--
-- Table structure for table `tahun_ajaran`
--

CREATE TABLE `tahun_ajaran` (
  `id_tahun_ajaran` int(16) NOT NULL,
  `tahun_ajaran` varchar(32) NOT NULL,
  `status` varchar(32) NOT NULL
) ENGINE=InnoDB DEFAULT CHARSET=utf8mb4 COLLATE=utf8mb4_general_ci;

--
-- Dumping data for table `tahun_ajaran`
--

INSERT INTO `tahun_ajaran` (`id_tahun_ajaran`, `tahun_ajaran`, `status`) VALUES
(101, '2020/2021', 'TIDAK AKTIF'),
(202, '2021/2022', 'TIDAK AKTIF'),
(303, '2022/2023', 'AKTIF'),
(404, '2023/2024', 'TIDAK AKTIF'),
(505, '2024/2025', 'TIDAK AKTIF'),
(606, '2025/2026', 'TIDAK AKTIF');

--
-- Indexes for dumped tables
--

--
-- Indexes for table `auth`
--
ALTER TABLE `auth`
  ADD PRIMARY KEY (`id`) USING BTREE;

--
-- Indexes for table `group_kelas`
--
ALTER TABLE `group_kelas`
  ADD PRIMARY KEY (`id_groupKelas`);

--
-- Indexes for table `jurusan`
--
ALTER TABLE `jurusan`
  ADD PRIMARY KEY (`id`) USING BTREE;

--
-- Indexes for table `kelas`
--
ALTER TABLE `kelas`
  ADD PRIMARY KEY (`id`) USING BTREE;

--
-- Indexes for table `pembayaran_spp`
--
ALTER TABLE `pembayaran_spp`
  ADD PRIMARY KEY (`id_spp`);

--
-- Indexes for table `setting_pembayaran`
--
ALTER TABLE `setting_pembayaran`
  ADD PRIMARY KEY (`id_setting_pembayaran`);

--
-- Indexes for table `setting_pembayaran_lain`
--
ALTER TABLE `setting_pembayaran_lain`
  ADD PRIMARY KEY (`id_setting_pembayaran_lain`);

--
-- Indexes for table `siswa`
--
ALTER TABLE `siswa`
  ADD PRIMARY KEY (`id_siswa`) USING BTREE;

--
-- Indexes for table `spp_siswa`
--
ALTER TABLE `spp_siswa`
  ADD PRIMARY KEY (`id_spp_siswa`);

--
-- Indexes for table `tahun_ajaran`
--
ALTER TABLE `tahun_ajaran`
  ADD PRIMARY KEY (`id_tahun_ajaran`);

--
-- AUTO_INCREMENT for dumped tables
--

--
-- AUTO_INCREMENT for table `auth`
--
ALTER TABLE `auth`
  MODIFY `id` int(11) NOT NULL AUTO_INCREMENT, AUTO_INCREMENT=304;

--
-- AUTO_INCREMENT for table `jurusan`
--
ALTER TABLE `jurusan`
  MODIFY `id` int(11) NOT NULL AUTO_INCREMENT, AUTO_INCREMENT=506;

--
-- AUTO_INCREMENT for table `kelas`
--
ALTER TABLE `kelas`
  MODIFY `id` int(11) NOT NULL AUTO_INCREMENT, AUTO_INCREMENT=3039925;

--
-- AUTO_INCREMENT for table `pembayaran_spp`
--
ALTER TABLE `pembayaran_spp`
  MODIFY `id_spp` int(16) NOT NULL AUTO_INCREMENT;

--
-- AUTO_INCREMENT for table `setting_pembayaran_lain`
--
ALTER TABLE `setting_pembayaran_lain`
  MODIFY `id_setting_pembayaran_lain` int(16) NOT NULL AUTO_INCREMENT, AUTO_INCREMENT=879797;
COMMIT;

/*!40101 SET CHARACTER_SET_CLIENT=@OLD_CHARACTER_SET_CLIENT */;
/*!40101 SET CHARACTER_SET_RESULTS=@OLD_CHARACTER_SET_RESULTS */;
/*!40101 SET COLLATION_CONNECTION=@OLD_COLLATION_CONNECTION */;
