-- phpMyAdmin SQL Dump
-- version 5.1.3
-- https://www.phpmyadmin.net/
--
-- Host: localhost
-- Generation Time: Jul 03, 2022 at 04:48 PM
-- Server version: 10.4.21-MariaDB
-- PHP Version: 7.4.28

SET SQL_MODE = "NO_AUTO_VALUE_ON_ZERO";
START TRANSACTION;
SET time_zone = "+00:00";


/*!40101 SET @OLD_CHARACTER_SET_CLIENT=@@CHARACTER_SET_CLIENT */;
/*!40101 SET @OLD_CHARACTER_SET_RESULTS=@@CHARACTER_SET_RESULTS */;
/*!40101 SET @OLD_COLLATION_CONNECTION=@@COLLATION_CONNECTION */;
/*!40101 SET NAMES utf8mb4 */;

--
-- Database: `terbaru_spp`
--

-- --------------------------------------------------------

--
-- Table structure for table `auth`
--

CREATE TABLE `auth` (
  `id` int(11) NOT NULL,
  `username` varchar(128) NOT NULL,
  `password` varchar(64) NOT NULL,
  `nama` varchar(256) NOT NULL,
  `level` varchar(16) NOT NULL
) ENGINE=InnoDB DEFAULT CHARSET=utf8mb4 ROW_FORMAT=DYNAMIC;

--
-- Dumping data for table `auth`
--

INSERT INTO `auth` (`id`, `username`, `password`, `nama`, `level`) VALUES
(202, 'adminTU', '397cabe506e1a2ac39de41f24affc2c1', 'ADMINISTRATOR TATA USAHA', 'admin'),
(303, 'TUadmin', '90370fba20c4e0bb215a867a8c1e2fff', 'ADMINISTRATOR TATA USAHA 2', 'admin2');

-- --------------------------------------------------------

--
-- Table structure for table `group_kelas`
--

CREATE TABLE `group_kelas` (
  `id_groupKelas` int(16) NOT NULL,
  `nama_group` varchar(32) NOT NULL
) ENGINE=InnoDB DEFAULT CHARSET=utf8mb4;

--
-- Dumping data for table `group_kelas`
--

INSERT INTO `group_kelas` (`id_groupKelas`, `nama_group`) VALUES
(1001, 'X BM'),
(2002, 'X TKJ'),
(3003, 'XI BM'),
(4004, 'XI TKJ'),
(5005, 'XII BM'),
(6006, 'XII TKJ');

-- --------------------------------------------------------

--
-- Table structure for table `jurusan`
--

CREATE TABLE `jurusan` (
  `id` int(11) NOT NULL,
  `kode` varchar(8) NOT NULL,
  `jurusan` varchar(128) NOT NULL
) ENGINE=InnoDB DEFAULT CHARSET=utf8mb4 ROW_FORMAT=DYNAMIC;

--
-- Dumping data for table `jurusan`
--

INSERT INTO `jurusan` (`id`, `kode`, `jurusan`) VALUES
(101, 'AKL', 'AKUTANSI DAN KEUANGAN LEMBAGA'),
(202, 'BDP', 'BISNIS DARING DAN PEMASARAN'),
(303, 'OTKP', 'OTOMATISASI DAN TATA KELOLA PERKANTORAN'),
(404, 'TKJ', 'TEKNIK KOMPUTER DAN JARINGAN'),
(505, 'MM', 'MULTIMEDIA');

-- --------------------------------------------------------

--
-- Table structure for table `kelas`
--

CREATE TABLE `kelas` (
  `id` int(11) NOT NULL,
  `kode` varchar(8) NOT NULL,
  `kelas` varchar(128) NOT NULL,
  `id_tahun_ajaran` int(16) NOT NULL
) ENGINE=InnoDB DEFAULT CHARSET=utf8mb4 ROW_FORMAT=DYNAMIC;

--
-- Dumping data for table `kelas`
--

INSERT INTO `kelas` (`id`, `kode`, `kelas`, `id_tahun_ajaran`) VALUES
(1001520, 'AKL', 'X AKL 1', 101),
(1002382, 'AKL', 'X AKL 2', 101),
(1003282, 'BDP', 'X BDP 1', 101),
(1004737, 'BDP', 'X BDP 2', 101),
(1005348, 'OTKP', 'X OTKP 1', 101),
(1006846, 'OTKP', 'X OTKP 2', 101),
(1007627, 'TKJ', 'X TKJ 1', 101),
(1008602, 'TKJ', 'X TKJ 2', 101),
(1009189, 'TKJ', 'X TKJ 3', 101),
(1010805, 'AKL', 'XI AKL 1', 101),
(1011905, 'AKL', 'XI AKL 2', 101),
(1012396, 'BDP', 'XI BDP 1', 101),
(1013157, 'BDP', 'XI BDP 2', 101),
(1014691, 'OTKP', 'XI OTKP 1', 101),
(1015808, 'OTKP', 'XI OTKP 2', 101),
(1016934, 'TKJ', 'XI TKJ 1', 101),
(1017641, 'TKJ', 'XI TKJ 2', 101),
(1018307, 'TKJ', 'XI TKJ 3', 101),
(1019725, 'AKL', 'XII AKL 1', 101),
(1020286, 'AKL', 'XII AKL 2', 101),
(1021281, 'BDP', 'XII BDP 1', 101),
(1022954, 'BDP', 'XII BDP 2', 101),
(1023249, 'OTKP', 'XII OTKP 1', 101),
(1024545, 'OTKP', 'XII OTKP 2', 101),
(1025447, 'TKJ', 'XII TKJ 1', 101),
(1026779, 'TKJ', 'XII TKJ 2', 101),
(1027111, 'TKJ', 'XII TKJ 3', 101),
(2002531, 'AKL', 'X AKL 1', 202),
(2003973, 'AKL', 'X AKL 2', 202),
(2004629, 'BDP', 'X BDP 1', 202),
(2005641, 'OTKP', 'X OTKP 1', 202),
(2006284, 'OTKP', 'X OTKP 2', 202),
(2007982, 'TKJ', 'X TKJ 1', 202),
(2008874, 'TKJ', 'X TKJ 2', 202),
(2009657, 'TKJ', 'X TKJ 3', 202),
(2010714, 'AKL', 'XI AKL 1', 202),
(2011822, 'AKL', 'XI AKL 2', 202),
(2012891, 'BDP', 'XI BDP 1', 202),
(2013872, 'BDP', 'XI BDP 2', 202),
(2014732, 'OTKP', 'XI OTKP 1', 202),
(2015323, 'OTKP', 'XI OTKP 2', 202),
(2016903, 'TKJ', 'XI TKJ 1', 202),
(2017942, 'TKJ', 'XI TKJ 2', 202),
(2018897, 'TKJ', 'XI TKJ 3', 202),
(2019362, 'AKL', 'XII AKL 1', 202),
(2020176, 'AKL', 'XII AKL 2', 202),
(2021970, 'BDP', 'XII BDP 1', 202),
(2022257, 'BDP', 'XII BDP 2', 202),
(2023991, 'OTKP', 'XII OTKP 1', 202),
(2024974, 'OTKP', 'XII OTKP 2', 202),
(2025238, 'TKJ', 'XII TKJ 1', 202),
(2026164, 'TKJ', 'XII TKJ 2', 202),
(2027903, 'TKJ', 'XII TKJ 3', 202);

-- --------------------------------------------------------

--
-- Table structure for table `pembayaran_spp`
--

CREATE TABLE `pembayaran_spp` (
  `id_spp` int(16) NOT NULL,
  `id_siswa` int(16) NOT NULL,
  `id_kelas` int(16) NOT NULL,
  `bulan` varchar(32) NOT NULL,
  `nominal` int(32) DEFAULT NULL,
  `bayar_perbulan` varchar(32) NOT NULL,
  `tahun_ajaran` varchar(16) NOT NULL,
  `timestamp` timestamp NOT NULL DEFAULT current_timestamp() ON UPDATE current_timestamp()
) ENGINE=InnoDB DEFAULT CHARSET=utf8mb4;

-- --------------------------------------------------------

--
-- Table structure for table `setting_pembayaran`
--

CREATE TABLE `setting_pembayaran` (
  `id_setting_pembayaran` int(16) NOT NULL,
  `nama_pembayaran` varchar(128) NOT NULL,
  `id_groupKelas` int(16) NOT NULL,
  `id_tahun_ajaran` int(16) NOT NULL,
  `jenis_pembayaran` varchar(128) NOT NULL,
  `nominal` int(128) NOT NULL,
  `date` date NOT NULL DEFAULT current_timestamp()
) ENGINE=InnoDB DEFAULT CHARSET=utf8mb4;

--
-- Dumping data for table `setting_pembayaran`
--

INSERT INTO `setting_pembayaran` (`id_setting_pembayaran`, `nama_pembayaran`, `id_groupKelas`, `id_tahun_ajaran`, `jenis_pembayaran`, `nominal`, `date`) VALUES
(526120, 'pembayaran spp', 2002, 202, 'Pembayaran SPP', 450000, '2022-07-03'),
(768384, 'Pembayaran SPP', 1001, 202, 'Pembayaran SPP', 400000, '2022-07-03');

-- --------------------------------------------------------

--
-- Table structure for table `siswa`
--

CREATE TABLE `siswa` (
  `id_siswa` int(18) NOT NULL,
  `nis` int(32) NOT NULL,
  `nama_siswa` varchar(256) NOT NULL,
  `jurusan` varchar(16) NOT NULL,
  `kelas` varchar(18) NOT NULL,
  `group_kelas` varchar(16) NOT NULL,
  `tahun_ajaran` varchar(32) NOT NULL
) ENGINE=InnoDB DEFAULT CHARSET=utf8mb4 ROW_FORMAT=DYNAMIC;

--
-- Dumping data for table `siswa`
--

INSERT INTO `siswa` (`id_siswa`, `nis`, `nama_siswa`, `jurusan`, `kelas`, `group_kelas`, `tahun_ajaran`) VALUES
(1001202, 218068, 'Aditya Nurul Fikri', 'AKL', 'X AKL 1', '1001', '202'),
(1002202, 218072, 'ALIYA INDRIYANI PUTRI', 'AKL', 'X AKL 1', '1001', '202'),
(1003202, 218073, 'ALYA NASYWA KHAERANI', 'AKL', 'X AKL 1', '1001', '202'),
(1004202, 218074, 'AMRAN DANY', 'AKL', 'X AKL 1', '1001', '202'),
(1005202, 218077, 'BAGUS ARIEF SAPUTRA', 'AKL', 'X AKL 1', '1001', '202'),
(1006202, 218078, 'Caterine Natalia Teja', 'AKL', 'X AKL 1', '1001', '202'),
(1007202, 218080, 'CICI HERDIANTI', 'AKL', 'X AKL 1', '1001', '202'),
(1008202, 218223, 'DAVID UMAR HAMZAH', 'AKL', 'X AKL 1', '1001', '202'),
(1009202, 218081, 'DHEASY NOVITA KUSUMA YETI', 'AKL', 'X AKL 1', '1001', '202'),
(1010202, 218085, 'INDI NOVI TRIANI', 'AKL', 'X AKL 1', '1001', '202'),
(1011202, 218087, 'INTAN HESTIYANA', 'AKL', 'X AKL 1', '1001', '202'),
(1012202, 218090, 'MARCEL EDHI SUTIKNA', 'AKL', 'X AKL 1', '1001', '202'),
(1013202, 218092, 'NABILAH INTAN NURAINI', 'AKL', 'X AKL 1', '1001', '202'),
(1014202, 218093, 'NAILATUSY ARIBAH TASIMA', 'AKL', 'X AKL 1', '1001', '202'),
(1015202, 218095, 'NATASYA ANANDA SANTOSO', 'AKL', 'X AKL 1', '1001', '202'),
(1016202, 218099, 'NAZWA AULIA SALSABILLA', 'AKL', 'X AKL 1', '1001', '202'),
(1017202, 218100, 'NIDA KHOIRURRAHMAH', 'AKL', 'X AKL 1', '1001', '202'),
(1018202, 218103, 'RAMANDA OKTAVIANI', 'AKL', 'X AKL 1', '1001', '202'),
(1019202, 218104, 'RAMDZAN MULIAWAN TRAH SAPUTRA', 'AKL', 'X AKL 1', '1001', '202'),
(1020202, 218106, 'SADIAH', 'AKL', 'X AKL 1', '1001', '202'),
(1021202, 218110, 'SHEREN FEBRIANI', 'AKL', 'X AKL 1', '1001', '202'),
(1022202, 218111, 'STEVANI PUTRI WIJAYA', 'AKL', 'X AKL 1', '1001', '202'),
(1023202, 218112, 'TIARA PUSPITA SARI', 'AKL', 'X AKL 1', '1001', '202'),
(1024202, 218113, 'VANI HARIYANTI', 'AKL', 'X AKL 1', '1001', '202'),
(1025202, 218069, 'ADITYA PRATAMA', 'AKL', 'X AKL 2', '1001', '202'),
(1026202, 218070, 'ADUTA BAYHAQI', 'AKL', 'X AKL 2', '1001', '202'),
(1027202, 218071, 'AHMAD RIDWAN', 'AKL', 'X AKL 2', '1001', '202'),
(1028202, 218075, 'ANIN DWI RAHMAWATI', 'AKL', 'X AKL 2', '1001', '202'),
(1029202, 218076, 'AULIA DZURUN NAFIS', 'AKL', 'X AKL 2', '1001', '202'),
(1030202, 218079, 'Cherryl Deandya Khalishah', 'AKL', 'X AKL 2', '1001', '202'),
(1031202, 218229, 'DEWI PURNAMA SARI', 'AKL', 'X AKL 2', '1001', '202'),
(1032202, 218082, 'DWI PRAMBANDARI', 'AKL', 'X AKL 2', '1001', '202'),
(1033202, 218083, 'ERIKA ILMANISA', 'AKL', 'X AKL 2', '1001', '202'),
(1034202, 218086, 'INEU SANTIKA', 'AKL', 'X AKL 2', '1001', '202'),
(1035202, 218088, 'INTAN MAHARANI', 'AKL', 'X AKL 2', '1001', '202'),
(1036202, 218089, 'IRWANSYAH', 'AKL', 'X AKL 2', '1001', '202'),
(1037202, 218091, 'MUHAMMAD YUSUF FADLAN', 'AKL', 'X AKL 2', '1001', '202'),
(1038202, 218094, 'NANDA AULYA ARIYANDI', 'AKL', 'X AKL 2', '1001', '202'),
(1039202, 218096, 'NATASYA PELITA RAMADHANI', 'AKL', 'X AKL 2', '1001', '202'),
(1040202, 218097, 'NAURAH SASMITA PUTRI', 'AKL', 'X AKL 2', '1001', '202'),
(1041202, 218098, 'NAYLA PUTRI RAHARI', 'AKL', 'X AKL 2', '1001', '202'),
(1042202, 218101, 'NISA UL HASANAH', 'AKL', 'X AKL 2', '1001', '202'),
(1043202, 218102, 'ORYSA SATIVA', 'AKL', 'X AKL 2', '1001', '202'),
(1044202, 218225, 'RIVAL WAHYUDIN', 'AKL', 'X AKL 2', '1001', '202'),
(1045202, 218105, 'RIZKY DWI KARNADI', 'AKL', 'X AKL 2', '1001', '202'),
(1046202, 218107, 'SARAH AULIYA', 'AKL', 'X AKL 2', '1001', '202'),
(1047202, 218108, 'SATRIA PUTRA', 'AKL', 'X AKL 2', '1001', '202'),
(1048202, 218109, 'SELO GIRI ADJI PANGESTU', 'AKL', 'X AKL 2', '1001', '202'),
(1049202, 218114, 'WULAN SUCI PUSPITASARI', 'AKL', 'X AKL 2', '1001', '202'),
(1050202, 218115, 'WULAN TARI', 'AKL', 'X AKL 2', '1001', '202'),
(1051202, 218182, 'AKBAR SADEWA', 'BDP', 'X BDP 1', '1001', '202'),
(1052202, 218185, 'ARDIONA ATTA SAPUTRA', 'BDP', 'X BDP 1', '1001', '202'),
(1053202, 218188, 'BRILLIANT MUHAMMAD PRANAYA', 'BDP', 'X BDP 1', '1001', '202'),
(1054202, 218189, 'CHINDY WULAN SARI ', 'BDP', 'X BDP 1', '1001', '202'),
(1055202, 218190, 'DAYDAEL RAHMAT PRIHARTONO', 'BDP', 'X BDP 1', '1001', '202'),
(1056202, 218191, 'DEVINNA CHRISTIANAH', 'BDP', 'X BDP 1', '1001', '202'),
(1057202, 218193, 'DIKI MUZALFA', 'BDP', 'X BDP 1', '1001', '202'),
(1058202, 218196, 'FIONA FASTAG FARA', 'BDP', 'X BDP 1', '1001', '202'),
(1059202, 218197, 'GURUH PRIYANDONO', 'BDP', 'X BDP 1', '1001', '202'),
(1060202, 218200, 'KEISYA DWI AMELIA', 'BDP', 'X BDP 1', '1001', '202'),
(1061202, 218202, 'MARCELLINO ADI PRATAMA', 'BDP', 'X BDP 1', '1001', '202'),
(1062202, 218203, 'MIFTAHUL SAPUTRA', 'BDP', 'X BDP 1', '1001', '202'),
(1063202, 218205, 'Muhamad Riansyah', 'BDP', 'X BDP 1', '1001', '202'),
(1064202, 218206, 'MUHAMAD ROZAK', 'BDP', 'X BDP 1', '1001', '202'),
(1065202, 218208, 'MUHAMMAD DAFFA ANSORI', 'BDP', 'X BDP 1', '1001', '202'),
(1066202, 218215, 'SELVIA ELVINA DARAPUSPITA', 'BDP', 'X BDP 1', '1001', '202'),
(1067202, 218217, 'SHANDY PUTRA IRWANSYAH', 'BDP', 'X BDP 1', '1001', '202'),
(1068202, 218218, 'SHOHAIH AGYL SAPUTRA', 'BDP', 'X BDP 1', '1001', '202'),
(1069202, 218221, 'TISYA OCTAVIA RAMADHANI', 'BDP', 'X BDP 1', '1001', '202'),
(1070202, 218222, 'YOEDI', 'BDP', 'X BDP 1', '1001', '202'),
(1071202, 218183, 'ANDHIKA DIAN SAPUTRA', 'BDP', 'X BDP 1', '1001', '202'),
(1072202, 218184, 'ANDRE YULIANTO', 'BDP', 'X BDP 1', '1001', '202'),
(1073202, 218186, 'AULIA ANDINI', 'BDP', 'X BDP 1', '1001', '202'),
(1074202, 218187, 'Bahrudin Siroth', 'BDP', 'X BDP 1', '1001', '202'),
(1075202, 218192, 'DIANA FEBRIASTUTI', 'BDP', 'X BDP 1', '1001', '202'),
(1076202, 218194, 'DINI AULIA', 'BDP', 'X BDP 1', '1001', '202'),
(1077202, 218195, 'FAKHRIY PUTRA MAULANA', 'BDP', 'X BDP 1', '1001', '202'),
(1078202, 218198, 'HAFISTH IKHSAN MAULANA', 'BDP', 'X BDP 1', '1001', '202'),
(1079202, 218199, 'JUNEDI', 'BDP', 'X BDP 1', '1001', '202'),
(1080202, 218201, 'M. SYAH HABIANTO', 'BDP', 'X BDP 1', '1001', '202'),
(1081202, 218204, 'Muhamad Raka Hadi Sanjaya', 'BDP', 'X BDP 1', '1001', '202'),
(1082202, 218207, 'MUHAMMAD DAFFA', 'BDP', 'X BDP 1', '1001', '202'),
(1083202, 218209, 'NUR KHOLIS HENDAR', 'BDP', 'X BDP 1', '1001', '202'),
(1084202, 218210, 'PENDI NUR SETIYAWAN', 'BDP', 'X BDP 1', '1001', '202'),
(1085202, 218211, 'RAMA ADLI ALFIAN', 'BDP', 'X BDP 1', '1001', '202'),
(1086202, 218212, 'RIZKI ANANDA PRASETIA', 'BDP', 'X BDP 1', '1001', '202'),
(1087202, 218214, 'SAHRULDIN', 'BDP', 'X BDP 1', '1001', '202'),
(1088202, 218213, 'Savira Zahra', 'BDP', 'X BDP 1', '1001', '202'),
(1089202, 218216, 'SELVY AYU DAVISTA', 'BDP', 'X BDP 1', '1001', '202'),
(1090202, 218219, 'SIDIK DWI MUNAHZAR', 'BDP', 'X BDP 1', '1001', '202'),
(1091202, 218220, 'SYIFATUL HASANAH', 'BDP', 'X BDP 1', '1001', '202'),
(1092202, 218117, 'ADELIA ANGRAINI ZAHRA', 'OTKP', 'X OTKP 1', '1001', '202'),
(1093202, 218119, 'AGNES PASKA TAMBUNAN', 'OTKP', 'X OTKP 1', '1001', '202'),
(1094202, 218120, 'ALIVIA SUCI RAMADHANI', 'OTKP', 'X OTKP 1', '1001', '202'),
(1095202, 218122, 'Amanda Putri Sitio', 'OTKP', 'X OTKP 1', '1001', '202'),
(1096202, 218123, 'AMANDA YULIA PERMATA SARI', 'OTKP', 'X OTKP 1', '1001', '202'),
(1097202, 218126, 'ANISA DINI AYU AGUSTIN', 'OTKP', 'X OTKP 1', '1001', '202'),
(1098202, 218128, 'ARTIKASARI', 'OTKP', 'X OTKP 1', '1001', '202'),
(1099202, 218130, 'AWALIA PUTRI', 'OTKP', 'X OTKP 1', '1001', '202'),
(1100202, 218133, 'DELLY PUSPITA SARI', 'OTKP', 'X OTKP 1', '1001', '202'),
(1101202, 218134, 'DEWI SHINTA WIJAYA', 'OTKP', 'X OTKP 1', '1001', '202'),
(1102202, 218136, 'DIFA AISYAH PUTRI', 'OTKP', 'X OTKP 1', '1001', '202'),
(1103202, 218137, 'ELSA APRILIA SAFITRI', 'OTKP', 'X OTKP 1', '1001', '202'),
(1104202, 218138, 'FANNY DWI MUNAENI', 'OTKP', 'X OTKP 1', '1001', '202'),
(1105202, 218141, 'Frida Siwi Maysawati', 'OTKP', 'X OTKP 1', '1001', '202'),
(1106202, 218142, 'HARTANTI WIJAYA', 'OTKP', 'X OTKP 1', '1001', '202'),
(1107202, 218144, 'Jesica Trisia Putri', 'OTKP', 'X OTKP 1', '1001', '202'),
(1108202, 218145, 'KALISA NABILA', 'OTKP', 'X OTKP 1', '1001', '202'),
(1109202, 218147, 'LAILAH NURJANAH', 'OTKP', 'X OTKP 1', '1001', '202'),
(1110202, 218148, 'MARSELLINA', 'OTKP', 'X OTKP 1', '1001', '202'),
(1111202, 218149, 'MEI RIYANTI', 'OTKP', 'X OTKP 1', '1001', '202'),
(1112202, 218150, 'NABILA MUKHTAR', 'OTKP', 'X OTKP 1', '1001', '202'),
(1113202, 218154, 'NAGITA ZAHARANI', 'OTKP', 'X OTKP 1', '1001', '202'),
(1114202, 218155, 'Najwa Indah Lestari', 'OTKP', 'X OTKP 1', '1001', '202'),
(1115202, 218157, 'NATASYA ALAWIYAH', 'OTKP', 'X OTKP 1', '1001', '202'),
(1116202, 218163, 'NURUL ZHAHRANI', 'OTKP', 'X OTKP 1', '1001', '202'),
(1117202, 218167, 'RISTY INDRIANI PUTRI', 'OTKP', 'X OTKP 1', '1001', '202'),
(1118202, 218169, 'SALSA ZULFA HISANAH', 'OTKP', 'X OTKP 1', '1001', '202'),
(1119202, 218170, 'SEFHIA MAHARANI', 'OTKP', 'X OTKP 1', '1001', '202'),
(1120202, 218171, 'SILVIANA NUGRAHA', 'OTKP', 'X OTKP 1', '1001', '202'),
(1121202, 218172, 'SILVIE', 'OTKP', 'X OTKP 1', '1001', '202'),
(1122202, 218174, 'SITI TWANTI', 'OTKP', 'X OTKP 1', '1001', '202'),
(1123202, 218175, 'SOFHIANA PUTRI SUTRISNO', 'OTKP', 'X OTKP 1', '1001', '202'),
(1124202, 218179, 'VIVIAN CORNELIA SETIAWAN', 'OTKP', 'X OTKP 1', '1001', '202'),
(1125202, 218118, 'ADELIA ZAHRA KHIRANA', 'OTKP', 'X OTKP 2', '1001', '202'),
(1126202, 218121, 'AMANDA NURMALA', 'OTKP', 'X OTKP 2', '1001', '202'),
(1127202, 218125, 'ANIS SYAHIIDAH MEILANI', 'OTKP', 'X OTKP 2', '1001', '202'),
(1128202, 218127, 'ANISSA', 'OTKP', 'X OTKP 2', '1001', '202'),
(1129202, 218129, 'ASHA SHARA APRIANA', 'OTKP', 'X OTKP 2', '1001', '202'),
(1130202, 218131, 'AZ ZAHRA ZIDNI NAYSABILLA', 'OTKP', 'X OTKP 2', '1001', '202'),
(1131202, 218132, 'DEA RAHMA ALYA', 'OTKP', 'X OTKP 2', '1001', '202'),
(1132202, 218135, 'DHEA RAHMAWATI', 'OTKP', 'X OTKP 2', '1001', '202'),
(1133202, 218139, 'FIKA DAVILA', 'OTKP', 'X OTKP 2', '1001', '202'),
(1134202, 218140, 'FLORA CINDY AULIA', 'OTKP', 'X OTKP 2', '1001', '202'),
(1135202, 218143, 'IRMA SEPTIANI IRWANSYAH', 'OTKP', 'X OTKP 2', '1001', '202'),
(1136202, 218146, 'KHUSNUL KHOTIMATUL ZAHRA', 'OTKP', 'X OTKP 2', '1001', '202'),
(1137202, 218151, 'NABILA PUTRI SETIAWAN', 'OTKP', 'X OTKP 2', '1001', '202'),
(1138202, 218152, 'NABILA SEPTYANA DEWI', 'OTKP', 'X OTKP 2', '1001', '202'),
(1139202, 218153, 'NABYLA', 'OTKP', 'X OTKP 2', '1001', '202'),
(1140202, 218156, 'NANDITA PUTRI RAMADHANI', 'OTKP', 'X OTKP 2', '1001', '202'),
(1141202, 218158, 'NEZA CHARLITA', 'OTKP', 'X OTKP 2', '1001', '202'),
(1142202, 218159, 'NIMAS NUR YAUMI', 'OTKP', 'X OTKP 2', '1001', '202'),
(1143202, 218160, 'NIRMALASARI', 'OTKP', 'X OTKP 2', '1001', '202'),
(1144202, 218161, 'NOVIA AMANDA', 'OTKP', 'X OTKP 2', '1001', '202'),
(1145202, 218162, 'NURHIKMAH', 'OTKP', 'X OTKP 2', '1001', '202'),
(1146202, 218164, 'PUTRI AYU WULANDARI', 'OTKP', 'X OTKP 2', '1001', '202'),
(1147202, 218165, 'RATNA DILAH', 'OTKP', 'X OTKP 2', '1001', '202'),
(1148202, 218166, 'RINI NURBAITI', 'OTKP', 'X OTKP 2', '1001', '202'),
(1149202, 218168, 'RIYANTI WAFIQ AZIZAH', 'OTKP', 'X OTKP 2', '1001', '202'),
(1150202, 218226, 'SALSABILA NURUL FITRI', 'OTKP', 'X OTKP 2', '1001', '202'),
(1151202, 218173, 'SITI MUTIARA WARDAH', 'OTKP', 'X OTKP 2', '1001', '202'),
(1152202, 218176, 'SYAIRA RANI ASMARI PUTRI', 'OTKP', 'X OTKP 2', '1001', '202'),
(1153202, 218177, 'TASYA MUTALIFAH ', 'OTKP', 'X OTKP 2', '1001', '202'),
(1154202, 218178, 'Tria Kartini Wahyudi', 'OTKP', 'X OTKP 2', '1001', '202'),
(1155202, 218180, 'WINDA AULIA', 'OTKP', 'X OTKP 2', '1001', '202'),
(1156202, 218181, 'WINDA RESTU FALIHA', 'OTKP', 'X OTKP 2', '1001', '202'),
(1157202, 217969, 'ADI PRATAMA', 'TKJ', 'X TKJ 1', '2002', '202'),
(1158202, 217971, 'AGUNG RAMADHAN', 'TKJ', 'X TKJ 1', '2002', '202'),
(1159202, 217972, 'Ahmad Agus Tawakal', 'TKJ', 'X TKJ 1', '2002', '202'),
(1160202, 217976, 'ALBERTINUS SABAM SILAEN', 'TKJ', 'X TKJ 1', '2002', '202'),
(1161202, 217978, 'ALFIAN FEBRIYANTO', 'TKJ', 'X TKJ 1', '2002', '202'),
(1162202, 217979, 'ALFIAN NUR ILHAM', 'TKJ', 'X TKJ 1', '2002', '202'),
(1163202, 217980, 'ALPIN RAMADAN SETIAWAN', 'TKJ', 'X TKJ 1', '2002', '202'),
(1164202, 217994, 'DENTA FITRI NOVIANI', 'TKJ', 'X TKJ 1', '2002', '202'),
(1165202, 218000, 'EGI KURNIA', 'TKJ', 'X TKJ 1', '2002', '202'),
(1166202, 218001, 'EGNER CONSTANTIN', 'TKJ', 'X TKJ 1', '2002', '202'),
(1167202, 218002, 'ERICH JALEMBA JUNIARTA', 'TKJ', 'X TKJ 1', '2002', '202'),
(1168202, 218004, 'FADLY ERLANGGA', 'TKJ', 'X TKJ 1', '2002', '202'),
(1169202, 218007, 'FATHYA AULIA', 'TKJ', 'X TKJ 1', '2002', '202'),
(1170202, 218010, 'FIKHAR HADISAPUTRA', 'TKJ', 'X TKJ 1', '2002', '202'),
(1171202, 218014, 'FRANS LEONARDO HADIWINATA', 'TKJ', 'X TKJ 1', '2002', '202'),
(1172202, 218017, 'GILANG MAULANA AKBAR', 'TKJ', 'X TKJ 1', '2002', '202'),
(1173202, 218019, 'HAFIDZ SYAHPUTRO', 'TKJ', 'X TKJ 1', '2002', '202'),
(1174202, 218025, 'KELVIN OKTA RAMADHAN', 'TKJ', 'X TKJ 1', '2002', '202'),
(1175202, 218027, 'MAULANA IKSAN', 'TKJ', 'X TKJ 1', '2002', '202'),
(1176202, 218028, 'MOHAMAD RIZKI', 'TKJ', 'X TKJ 1', '2002', '202'),
(1177202, 218034, 'MUHAMAD SUBASTIAN', 'TKJ', 'X TKJ 1', '2002', '202'),
(1178202, 218037, 'MUHAMMAD ANGGI SAPUTRA', 'TKJ', 'X TKJ 1', '2002', '202'),
(1179202, 218038, 'MUHAMMAD DAFFI', 'TKJ', 'X TKJ 1', '2002', '202'),
(1180202, 218228, 'Muhammad Nur Arifin', 'TKJ', 'X TKJ 1', '2002', '202'),
(1181202, 218043, 'MUHAMMAD RIZKY AL AKBAR', 'TKJ', 'X TKJ 1', '2002', '202'),
(1182202, 218045, 'NOVAL RAMADAN', 'TKJ', 'X TKJ 1', '2002', '202'),
(1183202, 218047, 'NOVEL SYAHPUTRA HALIM', 'TKJ', 'X TKJ 1', '2002', '202'),
(1184202, 218048, 'PANJI RAHMADI', 'TKJ', 'X TKJ 1', '2002', '202'),
(1185202, 218051, 'RADIS SETIAWAN', 'TKJ', 'X TKJ 1', '2002', '202'),
(1186202, 218052, 'RAFA MAULANA ARDIANSYAH', 'TKJ', 'X TKJ 1', '2002', '202'),
(1187202, 218053, 'RAFLI AGUNG PRAYOGA', 'TKJ', 'X TKJ 1', '2002', '202'),
(1188202, 218062, 'SIGIT NURCAHYONO', 'TKJ', 'X TKJ 1', '2002', '202'),
(1189202, 218065, 'TYO RIYADI SYAPUTRA', 'TKJ', 'X TKJ 1', '2002', '202'),
(1190202, 218066, 'YULIO LUKAS ADRIANO HUTAGAOL', 'TKJ', 'X TKJ 1', '2002', '202'),
(1191202, 218067, 'ZIDAN RIZKY RAMADHAN', 'TKJ', 'X TKJ 1', '2002', '202'),
(1192202, 217968, 'ADE IRSAD ABIDIN', 'TKJ', 'X TKJ 2', '2002', '202'),
(1193202, 217970, 'Afrizal Ardiansyah', 'TKJ', 'X TKJ 2', '2002', '202'),
(1194202, 217975, 'ALBASRAH MOHAMAD SALEH RAGO', 'TKJ', 'X TKJ 2', '2002', '202'),
(1195202, 217977, 'ALDI AWALUDIN', 'TKJ', 'X TKJ 2', '2002', '202'),
(1196202, 217981, 'ANDIKA', 'TKJ', 'X TKJ 2', '2002', '202'),
(1197202, 217984, 'ARDESTA KURNIAWAN', 'TKJ', 'X TKJ 2', '2002', '202'),
(1198202, 217985, 'ARDI DANU ANGGARA', 'TKJ', 'X TKJ 2', '2002', '202'),
(1199202, 217986, 'ARIEL ILHAMI', 'TKJ', 'X TKJ 2', '2002', '202'),
(1200202, 217988, 'BAYU SAPUTRA', 'TKJ', 'X TKJ 2', '2002', '202'),
(1201202, 217990, 'DAMARUDIN', 'TKJ', 'X TKJ 2', '2002', '202'),
(1202202, 217993, 'DEDI MARDIYANSAH', 'TKJ', 'X TKJ 2', '2002', '202'),
(1203202, 217995, 'DEVFRAN ADITYA SUHERNO PUTRA', 'TKJ', 'X TKJ 2', '2002', '202'),
(1204202, 217996, 'DHIMAS KURNIAWAN BASORI', 'TKJ', 'X TKJ 2', '2002', '202'),
(1205202, 217999, 'Diki Ramadan', 'TKJ', 'X TKJ 2', '2002', '202'),
(1206202, 218005, 'FAJAR NUGRAHA', 'TKJ', 'X TKJ 2', '2002', '202'),
(1207202, 218011, 'FIKRI FAHREZA', 'TKJ', 'X TKJ 2', '2002', '202'),
(1208202, 218013, 'FIRMANSYAH', 'TKJ', 'X TKJ 2', '2002', '202'),
(1209202, 218018, 'HABIB SUFYAN FADILLAH', 'TKJ', 'X TKJ 2', '2002', '202'),
(1210202, 218020, 'HAIKAL FIKRI NURWANTO', 'TKJ', 'X TKJ 2', '2002', '202'),
(1211202, 218021, 'I PT.GALIHANDRA REVA ULUM DINATA', 'TKJ', 'X TKJ 2', '2002', '202'),
(1212202, 218022, 'ILHAM RAHMATTULLOH', 'TKJ', 'X TKJ 2', '2002', '202'),
(1213202, 218023, 'INDAH FAAKHIRA SEBASTIAN', 'TKJ', 'X TKJ 2', '2002', '202'),
(1214202, 218024, 'KEFIN HIDAYAT', 'TKJ', 'X TKJ 2', '2002', '202'),
(1215202, 218030, 'MUHAMAD ARDIANSYAH', 'TKJ', 'X TKJ 2', '2002', '202'),
(1216202, 218039, 'MUHAMMAD MAULANA RAMDHANI', 'TKJ', 'X TKJ 2', '2002', '202'),
(1217202, 218040, 'MUHAMMAD NANDA FIRMANSYAH', 'TKJ', 'X TKJ 2', '2002', '202'),
(1218202, 218042, 'MUHAMMAD RIFKI RABBANI', 'TKJ', 'X TKJ 2', '2002', '202'),
(1219202, 218044, 'NADIA NURLITA', 'TKJ', 'X TKJ 2', '2002', '202'),
(1220202, 218049, 'PINDY AUGY SEPTIANU PUTRA', 'TKJ', 'X TKJ 2', '2002', '202'),
(1221202, 218050, 'PITON', 'TKJ', 'X TKJ 2', '2002', '202'),
(1222202, 218055, 'RIFQI AZHAR SAPUTRA', 'TKJ', 'X TKJ 2', '2002', '202'),
(1223202, 218059, 'Rizky Bagaskoro', 'TKJ', 'X TKJ 2', '2002', '202'),
(1224202, 218060, 'ROFIQY MIRYAL AL MURTADHA', 'TKJ', 'X TKJ 2', '2002', '202'),
(1225202, 218061, 'SATRIAWAN TRIE SAPUTRA', 'TKJ', 'X TKJ 2', '2002', '202'),
(1226202, 217973, 'AHMAD SAPUTRA', 'TKJ', 'X TKJ 3', '2002', '202'),
(1227202, 217974, 'AKMAL FEBRYANSYAH', 'TKJ', 'X TKJ 3', '2002', '202'),
(1228202, 217982, 'ANDYKA PUTRA PRASETYA', 'TKJ', 'X TKJ 3', '2002', '202'),
(1229202, 217983, 'Anis Tiarawati', 'TKJ', 'X TKJ 3', '2002', '202'),
(1230202, 217987, 'ARMANDA PUTRA', 'TKJ', 'X TKJ 3', '2002', '202'),
(1231202, 217989, 'CHANDRA ANDIKA', 'TKJ', 'X TKJ 3', '2002', '202'),
(1232202, 217991, 'DAVI TRISNA PRASETYA', 'TKJ', 'X TKJ 3', '2002', '202'),
(1233202, 217992, 'DAVID HERMANSYAH', 'TKJ', 'X TKJ 3', '2002', '202'),
(1234202, 217997, 'Diah Sintia', 'TKJ', 'X TKJ 3', '2002', '202'),
(1235202, 217998, 'DIEGO RAFI GHATHFAAN', 'TKJ', 'X TKJ 3', '2002', '202'),
(1236202, 218003, 'FABRIAN AFRIANSYAH', 'TKJ', 'X TKJ 3', '2002', '202'),
(1237202, 218006, 'FARIJ ASHIDIQI', 'TKJ', 'X TKJ 3', '2002', '202'),
(1238202, 218008, 'FELIX ADIKA', 'TKJ', 'X TKJ 3', '2002', '202'),
(1239202, 218009, 'FICRI CHOIRUL IMAM', 'TKJ', 'X TKJ 3', '2002', '202'),
(1240202, 218012, 'FIRGIE HAFIANSYAH FAHREVI ', 'TKJ', 'X TKJ 3', '2002', '202'),
(1241202, 218015, 'GAFARA EKA FAHRIZA', 'TKJ', 'X TKJ 3', '2002', '202'),
(1242202, 218016, 'GHUFRON KHAIRULLAH', 'TKJ', 'X TKJ 3', '2002', '202'),
(1243202, 218026, 'KHARENAL ARDIANTONY', 'TKJ', 'X TKJ 3', '2002', '202'),
(1244202, 218029, 'MUHAMAD APRIANSYAH', 'TKJ', 'X TKJ 3', '2002', '202'),
(1245202, 218031, 'MUHAMAD CHAIRIEL', 'TKJ', 'X TKJ 3', '2002', '202'),
(1246202, 218032, 'MUHAMAD RIZKY', 'TKJ', 'X TKJ 3', '2002', '202'),
(1247202, 218033, 'Muhamad Rizky Farizah', 'TKJ', 'X TKJ 3', '2002', '202'),
(1248202, 218035, 'MUHAMMAD AFDANY PUTRA WIJAYA', 'TKJ', 'X TKJ 3', '2002', '202'),
(1249202, 218036, 'MUHAMMAD ALFARIZA', 'TKJ', 'X TKJ 3', '2002', '202'),
(1250202, 218041, 'MUHAMMAD REZA BAGUS SAPUTRA', 'TKJ', 'X TKJ 3', '2002', '202'),
(1251202, 218227, 'MUHAMMAD RISKY', 'TKJ', 'X TKJ 3', '2002', '202'),
(1252202, 218046, 'NOVALLINO', 'TKJ', 'X TKJ 3', '2002', '202'),
(1253202, 218054, 'RAFLY RAMADHAN LESMANA', 'TKJ', 'X TKJ 3', '2002', '202'),
(1254202, 218056, 'RIFQI FADILLA DWIKA', 'TKJ', 'X TKJ 3', '2002', '202'),
(1255202, 218057, 'RISVAL ANGGRA RESTA', 'TKJ', 'X TKJ 3', '2002', '202'),
(1256202, 218058, 'Riyo', 'TKJ', 'X TKJ 3', '2002', '202'),
(1257202, 218224, 'SANDY PUTRA', 'TKJ', 'X TKJ 3', '2002', '202'),
(1258202, 218063, 'Syahril Suganda Saputra', 'TKJ', 'X TKJ 3', '2002', '202'),
(1259202, 218064, 'TUBAGUS ABU BAKAR ZEIN', 'TKJ', 'X TKJ 3', '2002', '202'),
(1260202, 207714, 'ANDREAS ADIANTO', 'AKL', 'XI AKL 1', '3003', '202'),
(1261202, 207719, 'AULIA FATIKA SARI', 'AKL', 'XI AKL 1', '3003', '202'),
(1262202, 207720, 'BINTANG RAMADHANI', 'AKL', 'XI AKL 1', '3003', '202'),
(1263202, 207722, 'Choirul Akmal Hidayat', 'AKL', 'XI AKL 1', '3003', '202'),
(1264202, 207723, 'DEA MARCELLANI', 'AKL', 'XI AKL 1', '3003', '202'),
(1265202, 207724, 'DESFIANAPUTRI WIDYARSANTI', 'AKL', 'XI AKL 1', '3003', '202'),
(1266202, 207727, 'DEVIANA FERNANDA ', 'AKL', 'XI AKL 1', '3003', '202'),
(1267202, 207730, 'FADILLAH ROHMAN', 'AKL', 'XI AKL 1', '3003', '202'),
(1268202, 207731, 'FAUZI WIBOWO', 'AKL', 'XI AKL 1', '3003', '202'),
(1269202, 207733, 'FERDIYANSAH', 'AKL', 'XI AKL 1', '3003', '202'),
(1270202, 207735, 'Fitri Nur Indriani', 'AKL', 'XI AKL 1', '3003', '202'),
(1271202, 207736, 'FITRI ZETIRA SALSA', 'AKL', 'XI AKL 1', '3003', '202'),
(1272202, 207738, 'HABIB YAZID FIKRIANSYAH', 'AKL', 'XI AKL 1', '3003', '202'),
(1273202, 207739, 'Hani Astuti', 'AKL', 'XI AKL 1', '3003', '202'),
(1274202, 207740, 'HELEN SETIABUDI', 'AKL', 'XI AKL 1', '3003', '202'),
(1275202, 207741, 'HERLINA SETIAWAN', 'AKL', 'XI AKL 1', '3003', '202'),
(1276202, 207743, 'ILMA AMALIA', 'AKL', 'XI AKL 1', '3003', '202'),
(1277202, 207744, 'IVANA CHANAFI', 'AKL', 'XI AKL 1', '3003', '202'),
(1278202, 207745, 'JOSIANA GARETZA', 'AKL', 'XI AKL 1', '3003', '202'),
(1279202, 207753, 'MAYDA CHANAFI', 'AKL', 'XI AKL 1', '3003', '202'),
(1280202, 207758, 'MUHAMAD RAFI EKA SAPUTRA', 'AKL', 'XI AKL 1', '3003', '202'),
(1281202, 207748, 'MUHAMMAD ARYA DIVA', 'AKL', 'XI AKL 1', '3003', '202'),
(1282202, 207759, 'NABILA APRILIA SANI', 'AKL', 'XI AKL 1', '3003', '202'),
(1283202, 207760, 'NAJWA SABILLA AMRI', 'AKL', 'XI AKL 1', '3003', '202'),
(1284202, 207764, 'NOVIA ADRIANA ELISANTY', 'AKL', 'XI AKL 1', '3003', '202'),
(1285202, 207767, 'RAFA MALIKI ARDIANSYAH', 'AKL', 'XI AKL 1', '3003', '202'),
(1286202, 207768, 'RAHMA SAECAR ROSSA LIANI', 'AKL', 'XI AKL 1', '3003', '202'),
(1287202, 207769, 'RAHMAH', 'AKL', 'XI AKL 1', '3003', '202'),
(1288202, 207770, 'RAKHEL MARYAM', 'AKL', 'XI AKL 1', '3003', '202'),
(1289202, 207771, 'RATU NUR AYUNINGTIAS', 'AKL', 'XI AKL 1', '3003', '202'),
(1290202, 207774, 'REVANI NADYA DESWIT', 'AKL', 'XI AKL 1', '3003', '202'),
(1291202, 207780, 'ROSY GUSRIA NINGRUM', 'AKL', 'XI AKL 1', '3003', '202'),
(1292202, 207784, 'SISKA AULIA WARYANTO', 'AKL', 'XI AKL 1', '3003', '202'),
(1293202, 207785, 'SITI POUJIYAN', 'AKL', 'XI AKL 1', '3003', '202'),
(1294202, 207786, 'Sri Rahayu Wandirah', 'AKL', 'XI AKL 1', '3003', '202'),
(1295202, 207788, 'SURYANI', 'AKL', 'XI AKL 1', '3003', '202'),
(1296202, 207791, 'Vania Putri Wijaya', 'AKL', 'XI AKL 1', '3003', '202'),
(1297202, 207792, 'VIANA PATRICIA ANG', 'AKL', 'XI AKL 1', '3003', '202'),
(1298202, 207793, 'VIKKY PRIMA SUPELI', 'AKL', 'XI AKL 1', '3003', '202'),
(1299202, 207794, 'ZAHRA AMELIA PUTRI', 'AKL', 'XI AKL 1', '3003', '202'),
(1300202, 207796, 'ZAHRAH LUTFI FEBRIANA', 'AKL', 'XI AKL 1', '3003', '202'),
(1301202, 207712, 'Ahmad Faisal Risaldi', 'AKL', 'XI AKL 2', '3003', '202'),
(1302202, 207713, 'AHMAD TRI APIYAN', 'AKL', 'XI AKL 2', '3003', '202'),
(1303202, 207715, 'ANDRI DWI KURNIAWAN', 'AKL', 'XI AKL 2', '3003', '202'),
(1304202, 207716, 'ARDIAN SYAH', 'AKL', 'XI AKL 2', '3003', '202'),
(1305202, 207717, 'ARIA KRISNA JOHAERI', 'AKL', 'XI AKL 2', '3003', '202'),
(1306202, 207721, 'CECE CUMAIDA', 'AKL', 'XI AKL 2', '3003', '202'),
(1307202, 207725, 'DESI WULANDARI', 'AKL', 'XI AKL 2', '3003', '202'),
(1308202, 207726, 'Deva Puspitasari', 'AKL', 'XI AKL 2', '3003', '202'),
(1309202, 207728, 'DIAH PUTRI LESTARI', 'AKL', 'XI AKL 2', '3003', '202'),
(1310202, 207729, 'EKA ROHMAWATI', 'AKL', 'XI AKL 2', '3003', '202'),
(1311202, 207732, 'FELIANI MEI ASTUTI', 'AKL', 'XI AKL 2', '3003', '202'),
(1312202, 207737, 'FITRIANA', 'AKL', 'XI AKL 2', '3003', '202'),
(1313202, 207742, 'IIN RISKAWATI', 'AKL', 'XI AKL 2', '3003', '202'),
(1314202, 207746, 'LISTIAWATI', 'AKL', 'XI AKL 2', '3003', '202'),
(1315202, 207749, 'MANDA AGRISTINA', 'AKL', 'XI AKL 2', '3003', '202'),
(1316202, 207750, 'Marselina', 'AKL', 'XI AKL 2', '3003', '202'),
(1317202, 207751, 'MARSYA OLIVIA FARHAH', 'AKL', 'XI AKL 2', '3003', '202'),
(1318202, 207752, 'MAYA FIRDAUS SARI', 'AKL', 'XI AKL 2', '3003', '202'),
(1319202, 207754, 'MAYSEL FIDELA', 'AKL', 'XI AKL 2', '3003', '202'),
(1320202, 207755, 'MIRA YANTI', 'AKL', 'XI AKL 2', '3003', '202'),
(1321202, 207756, 'Mohamad Aldi Herdiansah', 'AKL', 'XI AKL 2', '3003', '202'),
(1322202, 207757, 'MUHAMAD MIFTAHUL ATHO', 'AKL', 'XI AKL 2', '3003', '202'),
(1323202, 207761, 'NAZWA DWI FADILLAH', 'AKL', 'XI AKL 2', '3003', '202'),
(1324202, 207762, 'NITA AGUSTINA', 'AKL', 'XI AKL 2', '3003', '202'),
(1325202, 207763, 'NIYA LASITA', 'AKL', 'XI AKL 2', '3003', '202'),
(1326202, 207765, 'NUR KHOIRUNISA', 'AKL', 'XI AKL 2', '3003', '202'),
(1327202, 207766, 'PUTRI SELVIANA', 'AKL', 'XI AKL 2', '3003', '202'),
(1328202, 207772, 'Rayhan Muhammad Dafansyah', 'AKL', 'XI AKL 2', '3003', '202'),
(1329202, 207773, 'RENI MUTIA', 'AKL', 'XI AKL 2', '3003', '202'),
(1330202, 207775, 'REZA SHAFIRA WIJAYA', 'AKL', 'XI AKL 2', '3003', '202'),
(1331202, 207776, 'RINI ALFIYANI', 'AKL', 'XI AKL 2', '3003', '202'),
(1332202, 207777, 'RISKA NURUL KHOTIMAH', 'AKL', 'XI AKL 2', '3003', '202'),
(1333202, 207778, 'RISKI SETIAWAN', 'AKL', 'XI AKL 2', '3003', '202'),
(1334202, 207779, 'ROFAH', 'AKL', 'XI AKL 2', '3003', '202'),
(1335202, 207781, 'Ryan Septian', 'AKL', 'XI AKL 2', '3003', '202'),
(1336202, 207782, 'SEPTI AMINATUL CHASANAH', 'AKL', 'XI AKL 2', '3003', '202'),
(1337202, 207787, 'SUCI RIJKIA SARI', 'AKL', 'XI AKL 2', '3003', '202'),
(1338202, 207789, 'SYAVANA EKI FEBRIYANTI', 'AKL', 'XI AKL 2', '3003', '202'),
(1339202, 207790, 'THERESIA BUI HERA', 'AKL', 'XI AKL 2', '3003', '202'),
(1340202, 207795, 'ZAHRA AZIZAH DHAIFULLAH', 'AKL', 'XI AKL 2', '3003', '202'),
(1341202, 207797, 'ZAHRA NUR NABILA', 'AKL', 'XI AKL 2', '3003', '202'),
(1342202, 207887, 'ABDULLAH RIYAD', 'BDP', 'XI BDP 1', '3003', '202'),
(1343202, 207892, 'Anis Karsella', 'BDP', 'XI BDP 1', '3003', '202'),
(1344202, 207894, 'AQIL IRBANI', 'BDP', 'XI BDP 1', '3003', '202'),
(1345202, 207897, 'DAVID ERIK HERMAWAN', 'BDP', 'XI BDP 1', '3003', '202'),
(1346202, 207899, 'DELLA NORMAYANTIKA', 'BDP', 'XI BDP 1', '3003', '202'),
(1347202, 207900, 'DENNIS RAFAEL', 'BDP', 'XI BDP 1', '3003', '202'),
(1348202, 207901, 'DEVIDA AULIA', 'BDP', 'XI BDP 1', '3003', '202'),
(1349202, 207902, 'DEVINA LORENZA KURNIA PUTRY', 'BDP', 'XI BDP 1', '3003', '202'),
(1350202, 207903, 'DINA CAHYANI', 'BDP', 'XI BDP 1', '3003', '202'),
(1351202, 207904, 'ELISA FEBRIYANTI', 'BDP', 'XI BDP 1', '3003', '202'),
(1352202, 207905, 'FADLY MUHAMAD NUGRAHA', 'BDP', 'XI BDP 1', '3003', '202'),
(1353202, 207906, 'Fatmah Ayu', 'BDP', 'XI BDP 1', '3003', '202'),
(1354202, 207907, 'FEBRIAN FRANSIUS', 'BDP', 'XI BDP 1', '3003', '202'),
(1355202, 207909, 'FERIYAN SYAH', 'BDP', 'XI BDP 1', '3003', '202'),
(1356202, 207914, 'IQBAL ILHAM SYAH', 'BDP', 'XI BDP 1', '3003', '202'),
(1357202, 207916, 'KEZIA CAROLINA NONITEMA', 'BDP', 'XI BDP 1', '3003', '202'),
(1358202, 207921, 'Maysia Laurent Yosephin', 'BDP', 'XI BDP 1', '3003', '202'),
(1359202, 207924, 'MUHAMMAD AJI SURAHMAN', 'BDP', 'XI BDP 1', '3003', '202'),
(1360202, 207928, 'MUHAMMAD FIRDAUS', 'BDP', 'XI BDP 1', '3003', '202'),
(1361202, 207929, 'MUHAMMAD NOVAL ADITYA', 'BDP', 'XI BDP 1', '3003', '202'),
(1362202, 207930, 'MUHAMMAD REVALDI', 'BDP', 'XI BDP 1', '3003', '202'),
(1363202, 207931, 'MUSLIM AZIZ ABDILLAH', 'BDP', 'XI BDP 1', '3003', '202'),
(1364202, 207932, 'Nabila Rizky Tirtananda', 'BDP', 'XI BDP 1', '3003', '202'),
(1365202, 207934, 'Nicholas', 'BDP', 'XI BDP 1', '3003', '202'),
(1366202, 207936, 'NUR INTAN AULIA RAHMADINAH', 'BDP', 'XI BDP 1', '3003', '202'),
(1367202, 207938, 'PENDI PRASETYO', 'BDP', 'XI BDP 1', '3003', '202'),
(1368202, 207939, 'PERNANDO SAPUTRA', 'BDP', 'XI BDP 1', '3003', '202'),
(1369202, 207940, 'PINGKAN LAILA OKTAVIANI', 'BDP', 'XI BDP 1', '3003', '202'),
(1370202, 207941, 'Preti Audia', 'BDP', 'XI BDP 1', '3003', '202'),
(1371202, 207942, 'PUTRI', 'BDP', 'XI BDP 1', '3003', '202'),
(1372202, 207944, 'PUTRI ARIYANI', 'BDP', 'XI BDP 1', '3003', '202'),
(1373202, 207943, 'PUTRI AULIA', 'BDP', 'XI BDP 1', '3003', '202'),
(1374202, 207945, 'RAGIL NURIL ANWAR', 'BDP', 'XI BDP 1', '3003', '202'),
(1375202, 207946, 'RAHMA FITRIYANI', 'BDP', 'XI BDP 1', '3003', '202'),
(1376202, 207952, 'Rini Rustrimiati', 'BDP', 'XI BDP 1', '3003', '202'),
(1377202, 207953, 'RIVALDI AFRIAN', 'BDP', 'XI BDP 1', '3003', '202'),
(1378202, 207961, 'TEGUH SOLEH', 'BDP', 'XI BDP 1', '3003', '202'),
(1379202, 207962, 'ULFA NURMAYANTI', 'BDP', 'XI BDP 1', '3003', '202'),
(1380202, 207963, 'Wahyudi', 'BDP', 'XI BDP 1', '3003', '202'),
(1381202, 207965, 'YUSUP SLAMET RAHARJO', 'BDP', 'XI BDP 1', '3003', '202'),
(1382202, 207886, 'ABDUL MUJIB WADI', 'BDP', 'XI BDP 2', '3003', '202'),
(1383202, 207888, 'AHMAD FAIZ RAMDHANI', 'BDP', 'XI BDP 2', '3003', '202'),
(1384202, 207891, 'ANGGI MAULANA', 'BDP', 'XI BDP 2', '3003', '202'),
(1385202, 207893, 'ANNISA RAHMAN', 'BDP', 'XI BDP 2', '3003', '202'),
(1386202, 207895, 'BINTANG WIDIYASTARA ASROFI', 'BDP', 'XI BDP 2', '3003', '202'),
(1387202, 207896, 'BUNGGA ARSITA PUTRI', 'BDP', 'XI BDP 2', '3003', '202'),
(1388202, 207898, 'DEA SABELA PUTRI', 'BDP', 'XI BDP 2', '3003', '202'),
(1389202, 207908, 'FEBRIANSYAH SANJAYA', 'BDP', 'XI BDP 2', '3003', '202'),
(1390202, 207910, 'FIRJATULLAH ANISSA RAHMAN', 'BDP', 'XI BDP 2', '3003', '202'),
(1391202, 207911, 'ILHAM APRILIANSYAH', 'BDP', 'XI BDP 2', '3003', '202'),
(1392202, 207912, 'INDAH AYUNI SARI', 'BDP', 'XI BDP 2', '3003', '202'),
(1393202, 207915, 'IQBAL SURYADI', 'BDP', 'XI BDP 2', '3003', '202'),
(1394202, 207918, 'Ledia Hanifah', 'BDP', 'XI BDP 2', '3003', '202'),
(1395202, 207919, 'LULU NURFAOLA', 'BDP', 'XI BDP 2', '3003', '202'),
(1396202, 207920, 'MARSELA', 'BDP', 'XI BDP 2', '3003', '202'),
(1397202, 207922, 'MOCHAMAD NUR ZAINI', 'BDP', 'XI BDP 2', '3003', '202'),
(1398202, 207925, 'MUHAMAD ARYA APRIYANTO', 'BDP', 'XI BDP 2', '3003', '202'),
(1399202, 207926, 'MUHAMAD DIAS JUNIAWAN', 'BDP', 'XI BDP 2', '3003', '202'),
(1400202, 207927, 'MUHAMMAD FAHRI HERIYANTO', 'BDP', 'XI BDP 2', '3003', '202'),
(1401202, 207933, 'NAJWAH NUR ASYIYAH', 'BDP', 'XI BDP 2', '3003', '202'),
(1402202, 207935, 'NINIS ANNISYA', 'BDP', 'XI BDP 2', '3003', '202'),
(1403202, 207937, 'Patrialis Bayu Putra', 'BDP', 'XI BDP 2', '3003', '202'),
(1404202, 207948, 'Reizhart Afrino Muslim', 'BDP', 'XI BDP 2', '3003', '202'),
(1405202, 207949, 'RENA ANGELITA', 'BDP', 'XI BDP 2', '3003', '202'),
(1406202, 207950, 'REVIN KHUSNADA SAKTI', 'BDP', 'XI BDP 2', '3003', '202'),
(1407202, 207951, 'RIDHO FATARDHO HAMZAH', 'BDP', 'XI BDP 2', '3003', '202'),
(1408202, 207954, 'RIZKY BUDIANTO', 'BDP', 'XI BDP 2', '3003', '202'),
(1409202, 207955, 'SAMSUDIN RADITYA', 'BDP', 'XI BDP 2', '3003', '202'),
(1410202, 207956, 'Septian Budi Riyanto', 'BDP', 'XI BDP 2', '3003', '202'),
(1411202, 207957, 'SILFIANA SARI', 'BDP', 'XI BDP 2', '3003', '202'),
(1412202, 207959, 'SITI NUR HANIFA', 'BDP', 'XI BDP 2', '3003', '202'),
(1413202, 207958, 'Siti Nurfadilah', 'BDP', 'XI BDP 2', '3003', '202'),
(1414202, 207960, 'Syahrul Al Fatah', 'BDP', 'XI BDP 2', '3003', '202'),
(1415202, 207966, 'ZAHRA FITRIA SETIAWAN', 'BDP', 'XI BDP 2', '3003', '202'),
(1416202, 207967, 'ZAZA NUR ANGGRAINI', 'BDP', 'XI BDP 2', '3003', '202'),
(1417202, 207798, 'ALIFA YULISA RAMADHILA', 'OTKP', 'XI OTKP 1', '3003', '202'),
(1418202, 207799, 'ALYA SAFITRI', 'OTKP', 'XI OTKP 1', '3003', '202'),
(1419202, 207800, 'AMANDA EKA MAULANA', 'OTKP', 'XI OTKP 1', '3003', '202'),
(1420202, 207801, 'AMELIA ANANTA PRATIWI', 'OTKP', 'XI OTKP 1', '3003', '202'),
(1421202, 207802, 'AMELIA FERNANDA TANURAHARDJA', 'OTKP', 'XI OTKP 1', '3003', '202'),
(1422202, 207803, 'Amelia Ismawati', 'OTKP', 'XI OTKP 1', '3003', '202'),
(1423202, 207805, 'ANITA MARISKA', 'OTKP', 'XI OTKP 1', '3003', '202'),
(1424202, 207808, 'APSARINA LAJANA', 'OTKP', 'XI OTKP 1', '3003', '202'),
(1425202, 207809, 'ARIELLA ANDINI', 'OTKP', 'XI OTKP 1', '3003', '202'),
(1426202, 207811, 'AYARIKHA ASIYAH INDARDI', 'OTKP', 'XI OTKP 1', '3003', '202'),
(1427202, 207812, 'AYU RAHMA AULIA', 'OTKP', 'XI OTKP 1', '3003', '202'),
(1428202, 207813, 'AYU SEKAR WANGI', 'OTKP', 'XI OTKP 1', '3003', '202'),
(1429202, 207814, 'CALYSTA MAHARANI', 'OTKP', 'XI OTKP 1', '3003', '202'),
(1430202, 207815, 'Cindy Aulia Putri', 'OTKP', 'XI OTKP 1', '3003', '202'),
(1431202, 207818, 'DEA ANANDA', 'OTKP', 'XI OTKP 1', '3003', '202'),
(1432202, 207819, 'DEA MUTIARA', 'OTKP', 'XI OTKP 1', '3003', '202'),
(1433202, 207820, 'DELIA PINKAN RAHMAWATI', 'OTKP', 'XI OTKP 1', '3003', '202'),
(1434202, 207821, 'DEVA OKTAVIANA', 'OTKP', 'XI OTKP 1', '3003', '202'),
(1435202, 207825, 'Elma Novia Safitri', 'OTKP', 'XI OTKP 1', '3003', '202'),
(1436202, 207828, 'FIRA RESTU HERDIANTI', 'OTKP', 'XI OTKP 1', '3003', '202'),
(1437202, 207830, 'FITRIANI MARA', 'OTKP', 'XI OTKP 1', '3003', '202'),
(1438202, 207836, 'JISCAVIA MAERANY', 'OTKP', 'XI OTKP 1', '3003', '202'),
(1439202, 207837, 'JULIANA DWI PRATIWI', 'OTKP', 'XI OTKP 1', '3003', '202'),
(1440202, 207838, 'JUWITA DE FRETES', 'OTKP', 'XI OTKP 1', '3003', '202'),
(1441202, 207840, 'KRISTINA LUSIANA', 'OTKP', 'XI OTKP 1', '3003', '202'),
(1442202, 207843, 'LULU ULI NUHA ALBANTANI', 'OTKP', 'XI OTKP 1', '3003', '202'),
(1443202, 207844, 'MARIA OKTA STYA LINDA', 'OTKP', 'XI OTKP 1', '3003', '202'),
(1444202, 207851, 'NISRINA FITRIA WIDHAH', 'OTKP', 'XI OTKP 1', '3003', '202'),
(1445202, 207855, 'RAHMAWATI', 'OTKP', 'XI OTKP 1', '3003', '202'),
(1446202, 207858, 'SABRINA AMALIA DEVINAYA', 'OTKP', 'XI OTKP 1', '3003', '202'),
(1447202, 207859, 'Salfarani Putri', 'OTKP', 'XI OTKP 1', '3003', '202'),
(1448202, 207861, 'SARI RAHMAWATI', 'OTKP', 'XI OTKP 1', '3003', '202'),
(1449202, 207862, 'SELVIYANTI MUHSIN', 'OTKP', 'XI OTKP 1', '3003', '202'),
(1450202, 207866, 'SITI AFSYOH TRININGTYAS', 'OTKP', 'XI OTKP 1', '3003', '202'),
(1451202, 207865, 'Siti Febrianti', 'OTKP', 'XI OTKP 1', '3003', '202'),
(1452202, 207867, 'SITI LESTARI', 'OTKP', 'XI OTKP 1', '3003', '202'),
(1453202, 207870, 'SUCI SALVA AULIA', 'OTKP', 'XI OTKP 1', '3003', '202'),
(1454202, 207871, 'SUCI WULAN DINI', 'OTKP', 'XI OTKP 1', '3003', '202'),
(1455202, 207875, 'Tiara Rismayanti', 'OTKP', 'XI OTKP 1', '3003', '202'),
(1456202, 207880, 'WIWID DWI RAHMAWATI', 'OTKP', 'XI OTKP 1', '3003', '202'),
(1457202, 207883, 'YOSI GISELA NINGRUM', 'OTKP', 'XI OTKP 1', '3003', '202'),
(1458202, 207884, 'Yuni Oktapiyana', 'OTKP', 'XI OTKP 1', '3003', '202'),
(1459202, 207885, 'ZAHWA NABILA NATASYAWATI', 'OTKP', 'XI OTKP 1', '3003', '202'),
(1460202, 207804, 'ANANDA PUTRI RAMADHANI', 'OTKP', 'XI OTKP 2', '3003', '202'),
(1461202, 207806, 'ANNISA NUR HIDAYAH', 'OTKP', 'XI OTKP 2', '3003', '202'),
(1462202, 207807, 'APRILLIA IRATUR', 'OTKP', 'XI OTKP 2', '3003', '202'),
(1463202, 207810, 'Aulia Rahma', 'OTKP', 'XI OTKP 2', '3003', '202'),
(1464202, 207816, 'CITRA AULIA SARI', 'OTKP', 'XI OTKP 2', '3003', '202'),
(1465202, 207817, 'CLARA BENITA RAVELIA', 'OTKP', 'XI OTKP 2', '3003', '202'),
(1466202, 207823, 'DIANA ROSANA', 'OTKP', 'XI OTKP 2', '3003', '202'),
(1467202, 207824, 'DWI ANNJANY', 'OTKP', 'XI OTKP 2', '3003', '202'),
(1468202, 207826, 'ELVIRA LUCIANA', 'OTKP', 'XI OTKP 2', '3003', '202'),
(1469202, 207827, 'FIFI RESTU HERDIANTI', 'OTKP', 'XI OTKP 2', '3003', '202'),
(1470202, 207829, 'FIRA SAHIRA', 'OTKP', 'XI OTKP 2', '3003', '202'),
(1471202, 207832, 'HENTI AKILA MARWA', 'OTKP', 'XI OTKP 2', '3003', '202'),
(1472202, 207831, 'HEREN ASHARIANTI', 'OTKP', 'XI OTKP 2', '3003', '202'),
(1473202, 207833, 'INDAH YULITA AZIZ', 'OTKP', 'XI OTKP 2', '3003', '202'),
(1474202, 207834, 'Intan Nur Maicha', 'OTKP', 'XI OTKP 2', '3003', '202'),
(1475202, 207835, 'Irna Amelia Safitri', 'OTKP', 'XI OTKP 2', '3003', '202'),
(1476202, 207841, 'KURNIA YULIANA SAPUTRI', 'OTKP', 'XI OTKP 2', '3003', '202'),
(1477202, 207842, 'LINDA SAFITRI', 'OTKP', 'XI OTKP 2', '3003', '202'),
(1478202, 207845, 'NADIA KHADIJA TEWU', 'OTKP', 'XI OTKP 2', '3003', '202'),
(1479202, 207846, 'NAJWA ADELLA RAMADHANI', 'OTKP', 'XI OTKP 2', '3003', '202'),
(1480202, 207847, 'NANDITA SALSABILA', 'OTKP', 'XI OTKP 2', '3003', '202'),
(1481202, 207848, 'Nayla Khairunnisa', 'OTKP', 'XI OTKP 2', '3003', '202'),
(1482202, 207849, 'NAYLA TASYA', 'OTKP', 'XI OTKP 2', '3003', '202'),
(1483202, 207850, 'NAZWA HANIFAH', 'OTKP', 'XI OTKP 2', '3003', '202'),
(1484202, 207852, 'NOVA SAFITRI', 'OTKP', 'XI OTKP 2', '3003', '202'),
(1485202, 207853, 'Ovris Riyani', 'OTKP', 'XI OTKP 2', '3003', '202'),
(1486202, 207854, 'Pipit Nurlaeli Alpitri', 'OTKP', 'XI OTKP 2', '3003', '202'),
(1487202, 207856, 'RIDHA AMALIAH', 'OTKP', 'XI OTKP 2', '3003', '202'),
(1488202, 207857, 'RIZKA NOVIYANTI', 'OTKP', 'XI OTKP 2', '3003', '202'),
(1489202, 207860, 'SANTI MURJANI', 'OTKP', 'XI OTKP 2', '3003', '202'),
(1490202, 207863, 'SEPTIANI RAHAYU', 'OTKP', 'XI OTKP 2', '3003', '202'),
(1491202, 207864, 'SEVILA', 'OTKP', 'XI OTKP 2', '3003', '202'),
(1492202, 207868, 'Siti Maisaroh', 'OTKP', 'XI OTKP 2', '3003', '202'),
(1493202, 207869, 'SITI NUR HABIBAH', 'OTKP', 'XI OTKP 2', '3003', '202'),
(1494202, 207872, 'SYADIAH NUR LATIFAH', 'OTKP', 'XI OTKP 2', '3003', '202'),
(1495202, 207873, 'TASYA AMELIA', 'OTKP', 'XI OTKP 2', '3003', '202'),
(1496202, 207874, 'THIFAL AZIZAH HARTANTI', 'OTKP', 'XI OTKP 2', '3003', '202'),
(1497202, 207876, 'TIAYU', 'OTKP', 'XI OTKP 2', '3003', '202'),
(1498202, 207877, 'ULPAH LEPIYANI', 'OTKP', 'XI OTKP 2', '3003', '202'),
(1499202, 207878, 'VENDA FERNANDA', 'OTKP', 'XI OTKP 2', '3003', '202'),
(1500202, 207879, 'WILDATUL FADILLAH', 'OTKP', 'XI OTKP 2', '3003', '202'),
(1501202, 207881, 'WULAN SRI RAHAYU', 'OTKP', 'XI OTKP 2', '3003', '202'),
(1502202, 207882, 'Yeni Rahmayanti', 'OTKP', 'XI OTKP 2', '3003', '202'),
(1503202, 207579, 'ADAM WAHYYUDI', 'TKJ', 'XI TKJ 1', '4004', '202'),
(1504202, 207586, 'AHMAD DANY', 'TKJ', 'XI TKJ 1', '4004', '202'),
(1505202, 207592, 'ANGGA PRASETYA PUTRA', 'TKJ', 'XI TKJ 1', '4004', '202'),
(1506202, 207593, 'ANGGA YOGA PRATAMA', 'TKJ', 'XI TKJ 1', '4004', '202'),
(1507202, 207594, 'Anggi Alvianto', 'TKJ', 'XI TKJ 1', '4004', '202'),
(1508202, 207595, 'ARDI PRASETIO', 'TKJ', 'XI TKJ 1', '4004', '202'),
(1509202, 207596, 'ARI ARDIANSYAH', 'TKJ', 'XI TKJ 1', '4004', '202'),
(1510202, 207598, 'ARIFIN', 'TKJ', 'XI TKJ 1', '4004', '202'),
(1511202, 207599, 'Aris Bastyar', 'TKJ', 'XI TKJ 1', '4004', '202'),
(1512202, 207600, 'ARYA ZULFIKAR', 'TKJ', 'XI TKJ 1', '4004', '202'),
(1513202, 207601, 'BAYU FIRMANSYAH', 'TKJ', 'XI TKJ 1', '4004', '202'),
(1514202, 207602, 'Bayu Setiawan', 'TKJ', 'XI TKJ 1', '4004', '202'),
(1515202, 207603, 'CAHYA AJI SAPUTRA', 'TKJ', 'XI TKJ 1', '4004', '202'),
(1516202, 207606, 'CORY INTAN AGUSTIN', 'TKJ', 'XI TKJ 1', '4004', '202'),
(1517202, 207615, 'Dzaky Ramadhani', 'TKJ', 'XI TKJ 1', '4004', '202'),
(1518202, 207621, 'ERIK JAJANG KURNIAWAN', 'TKJ', 'XI TKJ 1', '4004', '202'),
(1519202, 207625, 'FAKHRUL DHAFI', 'TKJ', 'XI TKJ 1', '4004', '202'),
(1520202, 207628, 'FERDIAN AHMAD RUDIANTO', 'TKJ', 'XI TKJ 1', '4004', '202'),
(1521202, 207629, 'FERDIAN WIJAYA ALEXANDRA', 'TKJ', 'XI TKJ 1', '4004', '202'),
(1522202, 207636, 'HARIS', 'TKJ', 'XI TKJ 1', '4004', '202'),
(1523202, 207639, 'HERIXS HIDAYAT', 'TKJ', 'XI TKJ 1', '4004', '202'),
(1524202, 207642, 'Immanuel Tamando Maso', 'TKJ', 'XI TKJ 1', '4004', '202'),
(1525202, 207644, 'Justin Valentino Warouw', 'TKJ', 'XI TKJ 1', '4004', '202'),
(1526202, 207645, 'KELVIN AMANDO ERAWAN', 'TKJ', 'XI TKJ 1', '4004', '202'),
(1527202, 207651, 'Mimin Winata', 'TKJ', 'XI TKJ 1', '4004', '202'),
(1528202, 207664, 'MOHAMMAD KHOIRUL YANI', 'TKJ', 'XI TKJ 1', '4004', '202'),
(1529202, 207656, 'MUHAMAD REZA ANDRIAN', 'TKJ', 'XI TKJ 1', '4004', '202'),
(1530202, 207659, 'MUHAMMAD CAVAN HIZAM', 'TKJ', 'XI TKJ 1', '4004', '202'),
(1531202, 207662, 'Muhammad Gusti Razan', 'TKJ', 'XI TKJ 1', '4004', '202'),
(1532202, 207663, 'Muhammad Hasnul Arifin', 'TKJ', 'XI TKJ 1', '4004', '202'),
(1533202, 207669, 'MUHAMMAD SIROJUDDIN GHOZALI', 'TKJ', 'XI TKJ 1', '4004', '202'),
(1534202, 207672, 'NASHRULLOH FIRDAUS', 'TKJ', 'XI TKJ 1', '4004', '202'),
(1535202, 207674, 'NICHOLLA MULQI BARBAROSSA', 'TKJ', 'XI TKJ 1', '4004', '202'),
(1536202, 207678, 'QALAM RAYDATHUL SABANI', 'TKJ', 'XI TKJ 1', '4004', '202'),
(1537202, 207683, 'RAYNOR SANJIA ANDHIKAFATA', 'TKJ', 'XI TKJ 1', '4004', '202'),
(1538202, 207690, 'RIZAL MAULANA', 'TKJ', 'XI TKJ 1', '4004', '202'),
(1539202, 207695, 'SHEVA SEPTANIO', 'TKJ', 'XI TKJ 1', '4004', '202'),
(1540202, 207696, 'SOPIYAN', 'TKJ', 'XI TKJ 1', '4004', '202'),
(1541202, 207697, 'SUGENG DWI WALUYO', 'TKJ', 'XI TKJ 1', '4004', '202'),
(1542202, 207700, 'SYAHRUL HANAVI', 'TKJ', 'XI TKJ 1', '4004', '202'),
(1543202, 207706, 'WILLYANSYAH', 'TKJ', 'XI TKJ 1', '4004', '202'),
(1544202, 207707, 'YOHANES SETIAWAN', 'TKJ', 'XI TKJ 1', '4004', '202'),
(1545202, 207708, 'YUDHA SEPTYAN', 'TKJ', 'XI TKJ 1', '4004', '202'),
(1546202, 207709, 'ZODI PRASTIYO', 'TKJ', 'XI TKJ 1', '4004', '202'),
(1547202, 207578, 'Abdul Rahman', 'TKJ', 'XI TKJ 2', '4004', '202'),
(1548202, 207582, 'AFIF PRASETYO', 'TKJ', 'XI TKJ 2', '4004', '202'),
(1549202, 207583, 'AGUNG MAULANA FEBRIYANTO', 'TKJ', 'XI TKJ 2', '4004', '202'),
(1550202, 207597, 'ARIF', 'TKJ', 'XI TKJ 2', '4004', '202'),
(1551202, 207604, 'CANDRA AGUS NUGROHO', 'TKJ', 'XI TKJ 2', '4004', '202'),
(1552202, 207605, 'CARLOS LEONARDO', 'TKJ', 'XI TKJ 2', '4004', '202'),
(1553202, 207607, 'DENDI ZAKARIA', 'TKJ', 'XI TKJ 2', '4004', '202'),
(1554202, 207608, 'DENDY CAHYOKO', 'TKJ', 'XI TKJ 2', '4004', '202'),
(1555202, 207610, 'DICKY FADILAH', 'TKJ', 'XI TKJ 2', '4004', '202'),
(1556202, 207612, 'DIMAS ADI SAPUTRA', 'TKJ', 'XI TKJ 2', '4004', '202'),
(1557202, 207614, 'DUWI AMAL MAULIDA AKSAN', 'TKJ', 'XI TKJ 2', '4004', '202'),
(1558202, 207622, 'ERWIN OKTAVIANTO', 'TKJ', 'XI TKJ 2', '4004', '202'),
(1559202, 207623, 'FACHRUL RAMADHAN', 'TKJ', 'XI TKJ 2', '4004', '202'),
(1560202, 207630, 'GALIH ADIVA PRATAMA PUTRA', 'TKJ', 'XI TKJ 2', '4004', '202'),
(1561202, 207634, 'HAERUL ANGGA', 'TKJ', 'XI TKJ 2', '4004', '202'),
(1562202, 207637, 'HARRY RIVALDY', 'TKJ', 'XI TKJ 2', '4004', '202'),
(1563202, 207648, 'MOHAMAD RAGIL ADITYA PUTRA', 'TKJ', 'XI TKJ 2', '4004', '202'),
(1564202, 207661, 'MOHAMMAD FARHAN', 'TKJ', 'XI TKJ 2', '4004', '202'),
(1565202, 207653, 'MOHAMMAD HADI WIJAYA', 'TKJ', 'XI TKJ 2', '4004', '202'),
(1566202, 207658, 'MUHAMMAD AFRIZAL', 'TKJ', 'XI TKJ 2', '4004', '202'),
(1567202, 207660, 'MUHAMMAD DARMA ILLAHI', 'TKJ', 'XI TKJ 2', '4004', '202'),
(1568202, 207665, 'MUHAMMAD PIRMANSAH PUTRA RAGIL ', 'TKJ', 'XI TKJ 2', '4004', '202'),
(1569202, 207666, 'Muhammad Rafandi', 'TKJ', 'XI TKJ 2', '4004', '202'),
(1570202, 207668, 'MUHAMMAD RIDWAN', 'TKJ', 'XI TKJ 2', '4004', '202'),
(1571202, 207650, 'Muhammad Vincen Ramadhan', 'TKJ', 'XI TKJ 2', '4004', '202'),
(1572202, 207671, 'Najib Dzannur', 'TKJ', 'XI TKJ 2', '4004', '202'),
(1573202, 207676, 'PERDANA ANDRE SETIAWAN', 'TKJ', 'XI TKJ 2', '4004', '202'),
(1574202, 207677, 'PUTRA SURYA PRATAMA', 'TKJ', 'XI TKJ 2', '4004', '202'),
(1575202, 207679, 'RACHMAN GANIE', 'TKJ', 'XI TKJ 2', '4004', '202'),
(1576202, 207682, 'RAIHAN MUHAMMAD AKBAR', 'TKJ', 'XI TKJ 2', '4004', '202'),
(1577202, 207684, 'Rehandika Bayu Maarif', 'TKJ', 'XI TKJ 2', '4004', '202'),
(1578202, 207687, 'RENO PRIANDANA', 'TKJ', 'XI TKJ 2', '4004', '202'),
(1579202, 207688, 'REVAN OKTAGIAS RAMADHAN', 'TKJ', 'XI TKJ 2', '4004', '202'),
(1580202, 207689, 'RIAN MAULANA', 'TKJ', 'XI TKJ 2', '4004', '202'),
(1581202, 207691, 'ROSITA ARYANINGSIH', 'TKJ', 'XI TKJ 2', '4004', '202'),
(1582202, 207693, 'SAHRUL ALAM', 'TKJ', 'XI TKJ 2', '4004', '202'),
(1583202, 207692, 'SAIPUL ALI', 'TKJ', 'XI TKJ 2', '4004', '202'),
(1584202, 207694, 'Satria Wahyu Ramadhan ', 'TKJ', 'XI TKJ 2', '4004', '202'),
(1585202, 207699, 'SYAHRIEZA BAGUS WIDIYANTO', 'TKJ', 'XI TKJ 2', '4004', '202'),
(1586202, 207702, 'TEGAR CAHYA PUTRA', 'TKJ', 'XI TKJ 2', '4004', '202'),
(1587202, 207704, 'Ulumuddin Adji Pamungkas', 'TKJ', 'XI TKJ 2', '4004', '202'),
(1588202, 207580, 'ADIS MAULANA', 'TKJ', 'XI TKJ 3', '4004', '202'),
(1589202, 207581, 'ADITTIA DWI SAPUTRA', 'TKJ', 'XI TKJ 3', '4004', '202'),
(1590202, 207584, 'AGUNG PRASETYO NUGROHO', 'TKJ', 'XI TKJ 3', '4004', '202'),
(1591202, 207585, 'AGUS KHOLIFUDIN', 'TKJ', 'XI TKJ 3', '4004', '202'),
(1592202, 207587, 'AHMAD RIPAI', 'TKJ', 'XI TKJ 3', '4004', '202'),
(1593202, 207588, 'AJI PRASSETYO', 'TKJ', 'XI TKJ 3', '4004', '202'),
(1594202, 207589, 'ALTHAF NUR ASEGAF', 'TKJ', 'XI TKJ 3', '4004', '202'),
(1595202, 207590, 'ANANG RAMADHAN', 'TKJ', 'XI TKJ 3', '4004', '202'),
(1596202, 207591, 'ANDI FIRMANSYAH', 'TKJ', 'XI TKJ 3', '4004', '202'),
(1597202, 207609, 'Dewi Rizki Niluardani', 'TKJ', 'XI TKJ 3', '4004', '202'),
(1598202, 207611, 'DIMAS BUDI RIYANTO', 'TKJ', 'XI TKJ 3', '4004', '202'),
(1599202, 207613, 'DION MOHAMAD BARUNA', 'TKJ', 'XI TKJ 3', '4004', '202'),
(1600202, 207616, 'DZAKY ZAHRAN', 'TKJ', 'XI TKJ 3', '4004', '202'),
(1601202, 207617, 'EGA PRATAMA', 'TKJ', 'XI TKJ 3', '4004', '202'),
(1602202, 207619, 'EKY FERDIANSYAH', 'TKJ', 'XI TKJ 3', '4004', '202'),
(1603202, 207620, 'ERI PUTRA PRATAMA', 'TKJ', 'XI TKJ 3', '4004', '202'),
(1604202, 207624, 'FAJAR DWI HARTADI', 'TKJ', 'XI TKJ 3', '4004', '202'),
(1605202, 207627, 'FEBI DWI SULISTIADI', 'TKJ', 'XI TKJ 3', '4004', '202'),
(1606202, 207631, 'GIANLUIGI FADHIL MUSTAQIM', 'TKJ', 'XI TKJ 3', '4004', '202'),
(1607202, 207632, 'GILANG DIAN SAPUTRA', 'TKJ', 'XI TKJ 3', '4004', '202'),
(1608202, 207633, 'GIN GIN', 'TKJ', 'XI TKJ 3', '4004', '202'),
(1609202, 207635, 'HAQI MAULANA', 'TKJ', 'XI TKJ 3', '4004', '202'),
(1610202, 207638, 'Hasrin Abdul Laji', 'TKJ', 'XI TKJ 3', '4004', '202'),
(1611202, 207640, 'I MADE ANTONI', 'TKJ', 'XI TKJ 3', '4004', '202'),
(1612202, 207641, 'IAN SAPUTRA', 'TKJ', 'XI TKJ 3', '4004', '202'),
(1613202, 207643, 'JANUAR BAGUS WIBOWO', 'TKJ', 'XI TKJ 3', '4004', '202'),
(1614202, 207646, 'KUKUH ANGGER MAHARGYO', 'TKJ', 'XI TKJ 3', '4004', '202'),
(1615202, 207647, 'LAKSAMANA PUTRA', 'TKJ', 'XI TKJ 3', '4004', '202'),
(1616202, 207654, 'MOH ALDI NIRWANSYAH', 'TKJ', 'XI TKJ 3', '4004', '202'),
(1617202, 207652, 'MOHAMAD HARYONO', 'TKJ', 'XI TKJ 3', '4004', '202'),
(1618202, 207655, 'MUHAMAD ALBAR ALAMSYAH', 'TKJ', 'XI TKJ 3', '4004', '202'),
(1619202, 207657, 'MUHAMAD RYAN HARDIANSYAH', 'TKJ', 'XI TKJ 3', '4004', '202'),
(1620202, 207649, 'MUHAMAD SABLIK MBIPI', 'TKJ', 'XI TKJ 3', '4004', '202'),
(1621202, 207667, 'MUHAMMAD RAFLI', 'TKJ', 'XI TKJ 3', '4004', '202'),
(1622202, 207670, 'Muhammad Tio', 'TKJ', 'XI TKJ 3', '4004', '202'),
(1623202, 207673, 'NENDI', 'TKJ', 'XI TKJ 3', '4004', '202'),
(1624202, 207675, 'NOVAL TRI HARYANTO', 'TKJ', 'XI TKJ 3', '4004', '202'),
(1625202, 207680, 'RAFAEL MULIA ALFAHDI', 'TKJ', 'XI TKJ 3', '4004', '202'),
(1626202, 207681, 'RAGIL PANGESTU', 'TKJ', 'XI TKJ 3', '4004', '202'),
(1627202, 207685, 'RENDI SAPUTRA', 'TKJ', 'XI TKJ 3', '4004', '202'),
(1628202, 207686, 'Reni Nuraeni', 'TKJ', 'XI TKJ 3', '4004', '202'),
(1629202, 207701, 'TEGAR', 'TKJ', 'XI TKJ 3', '4004', '202'),
(1630202, 207703, 'TRI PUTRA AFRIANSYAH', 'TKJ', 'XI TKJ 3', '4004', '202'),
(1631202, 207705, 'WIDDIYA BAGUS ENDANG WINARYO', 'TKJ', 'XI TKJ 3', '4004', '202'),
(1632202, 197336, 'ABDUL WAHID', 'AKL', 'XII AKL 1', '5005', '202'),
(1633202, 197337, 'ACHMAD IRFAN SHOLAHUDDIN', 'AKL', 'XII AKL 1', '5005', '202'),
(1634202, 197338, 'Agus Arbain Mahmud', 'AKL', 'XII AKL 1', '5005', '202'),
(1635202, 197340, 'ANGEL', 'AKL', 'XII AKL 1', '5005', '202'),
(1636202, 197341, 'ANTIKA SARI', 'AKL', 'XII AKL 1', '5005', '202'),
(1637202, 197347, 'DEVI YULIANTI', 'AKL', 'XII AKL 1', '5005', '202'),
(1638202, 197348, 'DEWI NOPITA SARI', 'AKL', 'XII AKL 1', '5005', '202'),
(1639202, 197349, 'DEWI WULAN SARI', 'AKL', 'XII AKL 1', '5005', '202'),
(1640202, 197350, 'Diana Pungky', 'AKL', 'XII AKL 1', '5005', '202'),
(1641202, 197351, 'Diaz Adrian Praja', 'AKL', 'XII AKL 1', '5005', '202'),
(1642202, 197353, 'FITRI RAMADANI', 'AKL', 'XII AKL 1', '5005', '202'),
(1643202, 197354, 'INDRA', 'AKL', 'XII AKL 1', '5005', '202'),
(1644202, 197356, 'JELITA HANDIANI', 'AKL', 'XII AKL 1', '5005', '202'),
(1645202, 197358, 'Khairunisa Apriandini', 'AKL', 'XII AKL 1', '5005', '202'),
(1646202, 197359, 'LAILA AFRIYANTI', 'AKL', 'XII AKL 1', '5005', '202'),
(1647202, 197360, 'LAURA WANDA PUTRI', 'AKL', 'XII AKL 1', '5005', '202'),
(1648202, 197363, 'LISNAWATI', 'AKL', 'XII AKL 1', '5005', '202'),
(1649202, 197366, 'Marni', 'AKL', 'XII AKL 1', '5005', '202'),
(1650202, 197371, 'MICO RAMDANI SYAHRULTIAS', 'AKL', 'XII AKL 1', '5005', '202'),
(1651202, 197372, 'MUHAMMAD ARIF', 'AKL', 'XII AKL 1', '5005', '202'),
(1652202, 197376, 'MUHAMMAD RAFI', 'AKL', 'XII AKL 1', '5005', '202'),
(1653202, 197377, 'MUHAMMAD RIZKY', 'AKL', 'XII AKL 1', '5005', '202'),
(1654202, 197378, 'MUHHAMAD SATRIO', 'AKL', 'XII AKL 1', '5005', '202'),
(1655202, 197381, 'NG EK HOT', 'AKL', 'XII AKL 1', '5005', '202'),
(1656202, 197385, 'OKTAVIA NENGSIH', 'AKL', 'XII AKL 1', '5005', '202'),
(1657202, 197386, 'PEGGY FITRIANI NURDIN', 'AKL', 'XII AKL 1', '5005', '202'),
(1658202, 197387, 'PUTRI FEBRIANI', 'AKL', 'XII AKL 1', '5005', '202'),
(1659202, 197388, 'PUTRI MAISAROH', 'AKL', 'XII AKL 1', '5005', '202'),
(1660202, 197389, 'PUTRI MIRANTI', 'AKL', 'XII AKL 1', '5005', '202'),
(1661202, 197390, 'RICKO ADI SAPUTRA', 'AKL', 'XII AKL 1', '5005', '202'),
(1662202, 197391, 'RIKA TRI UTAMI', 'AKL', 'XII AKL 1', '5005', '202'),
(1663202, 197394, 'SELVYA ARYANTI', 'AKL', 'XII AKL 1', '5005', '202'),
(1664202, 197396, 'SHINTYA AULIA PUTRI NABILA', 'AKL', 'XII AKL 1', '5005', '202'),
(1665202, 197402, 'SITI NURIKA RAHIM', 'AKL', 'XII AKL 1', '5005', '202'),
(1666202, 197403, 'SITI SADIYAH', 'AKL', 'XII AKL 1', '5005', '202'),
(1667202, 197408, 'TRIYANA MUKTI', 'AKL', 'XII AKL 1', '5005', '202'),
(1668202, 197410, 'VENUS SINTYA RAHAYU', 'AKL', 'XII AKL 1', '5005', '202'),
(1669202, 197412, 'WIDYA MAHARANI WISNU PUTRI', 'AKL', 'XII AKL 1', '5005', '202'),
(1670202, 197414, 'YUSUF KURNIA', 'AKL', 'XII AKL 1', '5005', '202'),
(1671202, 197339, 'AKBAR KUSUMA WIJAYA', 'AKL', 'XII AKL 2', '5005', '202'),
(1672202, 197344, 'CHANDRA PUTRA DARMAWAN', 'AKL', 'XII AKL 2', '5005', '202'),
(1673202, 197345, 'DELA AMELIA DWI SAPUTRI', 'AKL', 'XII AKL 2', '5005', '202'),
(1674202, 197352, 'DWI LIA NOVITA', 'AKL', 'XII AKL 2', '5005', '202'),
(1675202, 197355, 'INSANI METASARI', 'AKL', 'XII AKL 2', '5005', '202'),
(1676202, 197361, 'Lina Nofitasari', 'AKL', 'XII AKL 2', '5005', '202'),
(1677202, 197362, 'LINDA CHANIAGO', 'AKL', 'XII AKL 2', '5005', '202'),
(1678202, 197364, 'MAHARANI ANANDA PUTRI FIRDAUS', 'AKL', 'XII AKL 2', '5005', '202'),
(1679202, 197365, 'MARINI NUROHMA', 'AKL', 'XII AKL 2', '5005', '202'),
(1680202, 197368, 'MEGA AFIANI', 'AKL', 'XII AKL 2', '5005', '202'),
(1681202, 197369, 'MELDA', 'AKL', 'XII AKL 2', '5005', '202'),
(1682202, 197370, 'MELVINA FARADILLA', 'AKL', 'XII AKL 2', '5005', '202'),
(1683202, 197373, 'MUHAMAD HASBI ASHIDIQI', 'AKL', 'XII AKL 2', '5005', '202'),
(1684202, 197374, 'MUHAMMAD BAYU SANJAYA', 'AKL', 'XII AKL 2', '5005', '202'),
(1685202, 197375, 'MUHAMMAD FARHAN DWINANTO', 'AKL', 'XII AKL 2', '5005', '202'),
(1686202, 197379, 'NABILATUN ALFIAH', 'AKL', 'XII AKL 2', '5005', '202'),
(1687202, 197380, 'NELA DESTRIANA DEWI', 'AKL', 'XII AKL 2', '5005', '202'),
(1688202, 197382, 'NINA NURCAHYATI', 'AKL', 'XII AKL 2', '5005', '202'),
(1689202, 197383, 'NUR AHMAD KHAIRI', 'AKL', 'XII AKL 2', '5005', '202'),
(1690202, 197384, 'Nur Rohimah', 'AKL', 'XII AKL 2', '5005', '202'),
(1691202, 197392, 'Rinni Maspupah', 'AKL', 'XII AKL 2', '5005', '202'),
(1692202, 197393, 'RISMA KURNIAWATI', 'AKL', 'XII AKL 2', '5005', '202'),
(1693202, 197395, 'Seviana Eka Saputri', 'AKL', 'XII AKL 2', '5005', '202'),
(1694202, 197397, 'Sifa Nur Fauziah', 'AKL', 'XII AKL 2', '5005', '202');
INSERT INTO `siswa` (`id_siswa`, `nis`, `nama_siswa`, `jurusan`, `kelas`, `group_kelas`, `tahun_ajaran`) VALUES
(1695202, 197398, 'SILVI ATNADINATA', 'AKL', 'XII AKL 2', '5005', '202'),
(1696202, 197399, 'SILVIA ANGGREANI', 'AKL', 'XII AKL 2', '5005', '202'),
(1697202, 197400, 'SITI HODIJAH', 'AKL', 'XII AKL 2', '5005', '202'),
(1698202, 197404, 'SOFIATUN NUFUS', 'AKL', 'XII AKL 2', '5005', '202'),
(1699202, 197405, 'SUCI NOVITA SARI', 'AKL', 'XII AKL 2', '5005', '202'),
(1700202, 197406, 'Suwanah', 'AKL', 'XII AKL 2', '5005', '202'),
(1701202, 197409, 'UUN NAFIA', 'AKL', 'XII AKL 2', '5005', '202'),
(1702202, 197411, 'VIVIT NUR INDASARI', 'AKL', 'XII AKL 2', '5005', '202'),
(1703202, 197413, 'WULAN NUR OKTAVIANI', 'AKL', 'XII AKL 2', '5005', '202'),
(1704202, 197415, 'ZERY HERMAWAN', 'AKL', 'XII AKL 2', '5005', '202'),
(1705202, 197416, 'ZILVI BADRI AULIAH', 'AKL', 'XII AKL 2', '5005', '202'),
(1706202, 197498, 'ABDULLAH NURHALIM', 'BDP', 'XII BDP 1', '5005', '202'),
(1707202, 197499, 'ABELIA AGUSTIN', 'BDP', 'XII BDP 1', '5005', '202'),
(1708202, 197503, 'AHMAD DENI', 'BDP', 'XII BDP 1', '5005', '202'),
(1709202, 197507, 'ANANDA BUDI SUSANTO', 'BDP', 'XII BDP 1', '5005', '202'),
(1710202, 197508, 'ARIEL OCTAREZA', 'BDP', 'XII BDP 1', '5005', '202'),
(1711202, 197509, 'ARIN DWI ALIANI', 'BDP', 'XII BDP 1', '5005', '202'),
(1712202, 197510, 'ARYA BAYU NUR ICHSAN', 'BDP', 'XII BDP 1', '5005', '202'),
(1713202, 197513, 'DANDI SAPUTRA', 'BDP', 'XII BDP 1', '5005', '202'),
(1714202, 197514, 'DEVI AVIELE', 'BDP', 'XII BDP 1', '5005', '202'),
(1715202, 197515, 'Devi Melia Utari', 'BDP', 'XII BDP 1', '5005', '202'),
(1716202, 197521, 'FITRI NURMAZIYAH', 'BDP', 'XII BDP 1', '5005', '202'),
(1717202, 197522, 'GUFRON AZIS', 'BDP', 'XII BDP 1', '5005', '202'),
(1718202, 197525, 'IWAN SANTOSO', 'BDP', 'XII BDP 1', '5005', '202'),
(1719202, 197526, 'Jessy Apriliani', 'BDP', 'XII BDP 1', '5005', '202'),
(1720202, 197530, 'M. Putra Erlangga', 'BDP', 'XII BDP 1', '5005', '202'),
(1721202, 197532, 'Marshel Mahendra', 'BDP', 'XII BDP 1', '5005', '202'),
(1722202, 197529, 'Mohammad Ikmal Maulana', 'BDP', 'XII BDP 1', '5005', '202'),
(1723202, 197534, 'MUHAMAD RIZKI', 'BDP', 'XII BDP 1', '5005', '202'),
(1724202, 197536, 'MUHAMMAD EQI SAPUTRA', 'BDP', 'XII BDP 1', '5005', '202'),
(1725202, 197533, 'MUHAMMAD KHAERUL BAHRI', 'BDP', 'XII BDP 1', '5005', '202'),
(1726202, 197542, 'Najwa Nur Kariem', 'BDP', 'XII BDP 1', '5005', '202'),
(1727202, 197543, 'Nilan Iriyanti', 'BDP', 'XII BDP 1', '5005', '202'),
(1728202, 197544, 'Noni Oktaviani', 'BDP', 'XII BDP 1', '5005', '202'),
(1729202, 197546, 'Pratama Zinedine Yazid Zidane', 'BDP', 'XII BDP 1', '5005', '202'),
(1730202, 197547, 'RAIHAN AHMAD ELIA', 'BDP', 'XII BDP 1', '5005', '202'),
(1731202, 197549, 'RAJA DIKA PRAYOGA', 'BDP', 'XII BDP 1', '5005', '202'),
(1732202, 197550, 'RAMSES GOZALI', 'BDP', 'XII BDP 1', '5005', '202'),
(1733202, 197551, 'RANGGA RAYA SAFAAT', 'BDP', 'XII BDP 1', '5005', '202'),
(1734202, 197553, 'REZA FIRMANSJAH', 'BDP', 'XII BDP 1', '5005', '202'),
(1735202, 197559, 'RISMATU ZAHRA', 'BDP', 'XII BDP 1', '5005', '202'),
(1736202, 197569, 'TRIO ANDIKA', 'BDP', 'XII BDP 1', '5005', '202'),
(1737202, 197570, 'Verdi Putra Satria', 'BDP', 'XII BDP 1', '5005', '202'),
(1738202, 197572, 'WULAN CAHYANI', 'BDP', 'XII BDP 1', '5005', '202'),
(1739202, 197574, 'Yoga Dwi Prasetyo', 'BDP', 'XII BDP 1', '5005', '202'),
(1740202, 197576, 'Yunita Adetia Saputri', 'BDP', 'XII BDP 1', '5005', '202'),
(1741202, 197500, 'Achmad Alfie Sadan Widodo', 'BDP', 'XII BDP 2', '5005', '202'),
(1742202, 197501, 'ADI PUTRA', 'BDP', 'XII BDP 2', '5005', '202'),
(1743202, 197504, 'Aliyah Maisuni', 'BDP', 'XII BDP 2', '5005', '202'),
(1744202, 197505, 'ALYA SAFA KAMILA', 'BDP', 'XII BDP 2', '5005', '202'),
(1745202, 197506, 'AMALIA SYAMSIATI ALIFAH', 'BDP', 'XII BDP 2', '5005', '202'),
(1746202, 197512, 'BAGAS SUKMO', 'BDP', 'XII BDP 2', '5005', '202'),
(1747202, 197518, 'FAIZAH PUTRI AULIA', 'BDP', 'XII BDP 2', '5005', '202'),
(1748202, 197519, 'FANDI SAPUTRA', 'BDP', 'XII BDP 2', '5005', '202'),
(1749202, 197520, 'FIORELLA RAISYA ERVANI', 'BDP', 'XII BDP 2', '5005', '202'),
(1750202, 197524, 'INDRA RUKMANA', 'BDP', 'XII BDP 2', '5005', '202'),
(1751202, 197527, 'JULAEHA', 'BDP', 'XII BDP 2', '5005', '202'),
(1752202, 197528, 'Kevin Afizeno', 'BDP', 'XII BDP 2', '5005', '202'),
(1753202, 197531, 'MAHESA GENTA SAKAWAYANA', 'BDP', 'XII BDP 2', '5005', '202'),
(1754202, 197535, 'MUHAMAD WILDAN RAMADHAN', 'BDP', 'XII BDP 2', '5005', '202'),
(1755202, 197537, 'MUHAMMAD FADIL', 'BDP', 'XII BDP 2', '5005', '202'),
(1756202, 197538, 'MUHAMMAD FARHAN MAULANA', 'BDP', 'XII BDP 2', '5005', '202'),
(1757202, 197539, 'MUHAMMAD JIHAR ADIB', 'BDP', 'XII BDP 2', '5005', '202'),
(1758202, 197545, 'Nur Rizkiyah', 'BDP', 'XII BDP 2', '5005', '202'),
(1759202, 197548, 'RAISAH NURUL AMIN', 'BDP', 'XII BDP 2', '5005', '202'),
(1760202, 197552, 'RAYNANDA DEWATA', 'BDP', 'XII BDP 2', '5005', '202'),
(1761202, 197555, 'RIDHO FIRMAN SYACH', 'BDP', 'XII BDP 2', '5005', '202'),
(1762202, 197556, 'Rifky Akbar Abdullah', 'BDP', 'XII BDP 2', '5005', '202'),
(1763202, 197557, 'RISKA', 'BDP', 'XII BDP 2', '5005', '202'),
(1764202, 197558, 'RISKA NURUL FADILAH', 'BDP', 'XII BDP 2', '5005', '202'),
(1765202, 197560, 'Rosa Widiya Amaliah', 'BDP', 'XII BDP 2', '5005', '202'),
(1766202, 197562, 'SAGDA MAHENDRA', 'BDP', 'XII BDP 2', '5005', '202'),
(1767202, 197563, 'SELBY AYU ALZAHRA', 'BDP', 'XII BDP 2', '5005', '202'),
(1768202, 197565, 'Silvia', 'BDP', 'XII BDP 2', '5005', '202'),
(1769202, 197566, 'SITI MAYANGSARI RAHMADANI', 'BDP', 'XII BDP 2', '5005', '202'),
(1770202, 197567, 'SITI NUR NABILLA', 'BDP', 'XII BDP 2', '5005', '202'),
(1771202, 197568, 'TEGAR SAPUTRA', 'BDP', 'XII BDP 2', '5005', '202'),
(1772202, 197407, 'Tommy Yuscandra', 'BDP', 'XII BDP 2', '5005', '202'),
(1773202, 197575, 'YULIANTI', 'BDP', 'XII BDP 2', '5005', '202'),
(1774202, 197577, 'ZAKI AKBAR WIJAYANTO', 'BDP', 'XII BDP 2', '5005', '202'),
(1775202, 197420, 'AMELIA OKTAVIANI', 'OTKP', 'XII OTKP 1', '5005', '202'),
(1776202, 197421, 'AMELIA SHADIYAH', 'OTKP', 'XII OTKP 1', '5005', '202'),
(1777202, 197422, 'ARDELIA SALSABILA', 'OTKP', 'XII OTKP 1', '5005', '202'),
(1778202, 197423, 'ARINI', 'OTKP', 'XII OTKP 1', '5005', '202'),
(1779202, 197424, 'Audi Valentina', 'OTKP', 'XII OTKP 1', '5005', '202'),
(1780202, 197425, 'AYU LESTARI', 'OTKP', 'XII OTKP 1', '5005', '202'),
(1781202, 197428, 'Dara Wardhani', 'OTKP', 'XII OTKP 1', '5005', '202'),
(1782202, 197429, 'DEDE ARUM SARI', 'OTKP', 'XII OTKP 1', '5005', '202'),
(1783202, 197430, 'DEVI NUR AFRILIA', 'OTKP', 'XII OTKP 1', '5005', '202'),
(1784202, 197432, 'DEWITA CAHYANI', 'OTKP', 'XII OTKP 1', '5005', '202'),
(1785202, 197435, 'DIAN PATRIANI', 'OTKP', 'XII OTKP 1', '5005', '202'),
(1786202, 197437, 'DINA NOVITA', 'OTKP', 'XII OTKP 1', '5005', '202'),
(1787202, 197438, 'Dinii Aditia Putri Lubis', 'OTKP', 'XII OTKP 1', '5005', '202'),
(1788202, 197440, 'EKA YULIA SARI', 'OTKP', 'XII OTKP 1', '5005', '202'),
(1789202, 197441, 'Ersanda Aprilia', 'OTKP', 'XII OTKP 1', '5005', '202'),
(1790202, 197442, 'FADIANA', 'OTKP', 'XII OTKP 1', '5005', '202'),
(1791202, 197444, 'ICHA RAHMA NOVITASARI', 'OTKP', 'XII OTKP 1', '5005', '202'),
(1792202, 197445, 'Ismi Syalina Hidayat', 'OTKP', 'XII OTKP 1', '5005', '202'),
(1793202, 197446, 'JESI HAFILLAH', 'OTKP', 'XII OTKP 1', '5005', '202'),
(1794202, 197447, 'JULIA LESTARI', 'OTKP', 'XII OTKP 1', '5005', '202'),
(1795202, 197449, 'KEKE NURKHOLIFAH', 'OTKP', 'XII OTKP 1', '5005', '202'),
(1796202, 197451, 'KOLIF MULYANI', 'OTKP', 'XII OTKP 1', '5005', '202'),
(1797202, 197452, 'LUVIYANTI', 'OTKP', 'XII OTKP 1', '5005', '202'),
(1798202, 197455, 'MARS WINDA AGUSTIN', 'OTKP', 'XII OTKP 1', '5005', '202'),
(1799202, 197456, 'Maulida Azkia', 'OTKP', 'XII OTKP 1', '5005', '202'),
(1800202, 197459, 'Mellida Devitasari', 'OTKP', 'XII OTKP 1', '5005', '202'),
(1801202, 197461, 'NADILA RISCHA HIDAYAT', 'OTKP', 'XII OTKP 1', '5005', '202'),
(1802202, 197464, 'NESSA APRILA ROSA', 'OTKP', 'XII OTKP 1', '5005', '202'),
(1803202, 197468, 'Oktaviana', 'OTKP', 'XII OTKP 1', '5005', '202'),
(1804202, 197469, 'PATRICIA OLIVIA BUBANE', 'OTKP', 'XII OTKP 1', '5005', '202'),
(1805202, 197472, 'Reza Thalia Salsabila', 'OTKP', 'XII OTKP 1', '5005', '202'),
(1806202, 197475, 'RISNA JUENDANG', 'OTKP', 'XII OTKP 1', '5005', '202'),
(1807202, 197477, 'Ros Setiawati', 'OTKP', 'XII OTKP 1', '5005', '202'),
(1808202, 197478, 'Rosyana Nurani', 'OTKP', 'XII OTKP 1', '5005', '202'),
(1809202, 197480, 'SASKIA ALIYA ZAHRA', 'OTKP', 'XII OTKP 1', '5005', '202'),
(1810202, 197482, 'SINTA ARYANA WENDARI', 'OTKP', 'XII OTKP 1', '5005', '202'),
(1811202, 197485, 'Supriyana', 'OTKP', 'XII OTKP 1', '5005', '202'),
(1812202, 197488, 'TIARA HENDITA PUTRI', 'OTKP', 'XII OTKP 1', '5005', '202'),
(1813202, 197491, 'VERONICA PATRICIA', 'OTKP', 'XII OTKP 1', '5005', '202'),
(1814202, 197493, 'WULAN SUCI FITRIANI', 'OTKP', 'XII OTKP 1', '5005', '202'),
(1815202, 197496, 'ZAHRA WAHYU TRIANDINI', 'OTKP', 'XII OTKP 1', '5005', '202'),
(1816202, 197417, 'AISYA YUNIARTI', 'OTKP', 'XII OTKP 2', '5005', '202'),
(1817202, 197418, 'ALMA ELENA RACHMAN', 'OTKP', 'XII OTKP 2', '5005', '202'),
(1818202, 197419, 'AMANDA SALSABILAH SAFITRI', 'OTKP', 'XII OTKP 2', '5005', '202'),
(1819202, 197426, 'BALQIS AULIA WIJAYA', 'OTKP', 'XII OTKP 2', '5005', '202'),
(1820202, 197427, 'Chika Maulida Dewi', 'OTKP', 'XII OTKP 2', '5005', '202'),
(1821202, 197431, 'DEVI RIANTI', 'OTKP', 'XII OTKP 2', '5005', '202'),
(1822202, 197433, 'Diah Ayu Krisna Dwi Putri', 'OTKP', 'XII OTKP 2', '5005', '202'),
(1823202, 197434, 'Dian Aprilliani', 'OTKP', 'XII OTKP 2', '5005', '202'),
(1824202, 197436, 'Dina Agustina', 'OTKP', 'XII OTKP 2', '5005', '202'),
(1825202, 197439, 'DIYAN RAHMAWATI', 'OTKP', 'XII OTKP 2', '5005', '202'),
(1826202, 197443, 'FUJA LISTY YANTI', 'OTKP', 'XII OTKP 2', '5005', '202'),
(1827202, 197448, 'KARINA PUTRI OXTAVIANI', 'OTKP', 'XII OTKP 2', '5005', '202'),
(1828202, 197450, 'KIKI FATIKA SYAHRANI', 'OTKP', 'XII OTKP 2', '5005', '202'),
(1829202, 197453, 'Maharani Syaidina Djulianti', 'OTKP', 'XII OTKP 2', '5005', '202'),
(1830202, 197454, 'MARLINA', 'OTKP', 'XII OTKP 2', '5005', '202'),
(1831202, 197457, 'Meilinda Felisyawati', 'OTKP', 'XII OTKP 2', '5005', '202'),
(1832202, 197458, 'MELINA NUR SAPITRI', 'OTKP', 'XII OTKP 2', '5005', '202'),
(1833202, 197460, 'MUNIAH', 'OTKP', 'XII OTKP 2', '5005', '202'),
(1834202, 197462, 'Nadya Putri', 'OTKP', 'XII OTKP 2', '5005', '202'),
(1835202, 197463, 'Nanda Jasika', 'OTKP', 'XII OTKP 2', '5005', '202'),
(1836202, 197465, 'Nisa Dwi Ramanda', 'OTKP', 'XII OTKP 2', '5005', '202'),
(1837202, 197467, 'NUR ASIDIAH', 'OTKP', 'XII OTKP 2', '5005', '202'),
(1838202, 197470, 'PIRANIH', 'OTKP', 'XII OTKP 2', '5005', '202'),
(1839202, 197471, 'Putri Widhi Astuti', 'OTKP', 'XII OTKP 2', '5005', '202'),
(1840202, 197473, 'RINI MARSITA', 'OTKP', 'XII OTKP 2', '5005', '202'),
(1841202, 197474, 'RISKA KHARISMA', 'OTKP', 'XII OTKP 2', '5005', '202'),
(1842202, 197476, 'RISNA PRIYANTI', 'OTKP', 'XII OTKP 2', '5005', '202'),
(1843202, 197479, 'RUNI RAHAYU', 'OTKP', 'XII OTKP 2', '5005', '202'),
(1844202, 197481, 'SHEVA HANDINI', 'OTKP', 'XII OTKP 2', '5005', '202'),
(1845202, 197483, 'SITI NURHALIZA ARDI', 'OTKP', 'XII OTKP 2', '5005', '202'),
(1846202, 197484, 'SUCI NABILAH KHAERUS', 'OTKP', 'XII OTKP 2', '5005', '202'),
(1847202, 197486, 'TANIA NUR ALFITRIANI', 'OTKP', 'XII OTKP 2', '5005', '202'),
(1848202, 197487, 'TIAH', 'OTKP', 'XII OTKP 2', '5005', '202'),
(1849202, 197489, 'Umairoh', 'OTKP', 'XII OTKP 2', '5005', '202'),
(1850202, 197490, 'VELINDA NUR AZIZAH', 'OTKP', 'XII OTKP 2', '5005', '202'),
(1851202, 197492, 'WAHYU KURNIAWATI', 'OTKP', 'XII OTKP 2', '5005', '202'),
(1852202, 197494, 'WULAN SUNINGSIH', 'OTKP', 'XII OTKP 2', '5005', '202'),
(1853202, 197495, 'YENTI HERAWATI', 'OTKP', 'XII OTKP 2', '5005', '202'),
(1854202, 197497, 'ZHILA SHOFA NAFSIAH', 'OTKP', 'XII OTKP 2', '5005', '202'),
(1855202, 197217, 'ABDURRAHMAN ASNADI', 'TKJ', 'XII TKJ 1', '6006', '202'),
(1856202, 197219, 'ADI NUR', 'TKJ', 'XII TKJ 1', '6006', '202'),
(1857202, 197221, 'Aditya Saputra', 'TKJ', 'XII TKJ 1', '6006', '202'),
(1858202, 197228, 'AIRA ANDI AHMAD', 'TKJ', 'XII TKJ 1', '6006', '202'),
(1859202, 197229, 'Alfadli Merdianta', 'TKJ', 'XII TKJ 1', '6006', '202'),
(1860202, 197238, 'Ariska Witri Astuti', 'TKJ', 'XII TKJ 1', '6006', '202'),
(1861202, 197241, 'DANI DARMAWAN', 'TKJ', 'XII TKJ 1', '6006', '202'),
(1862202, 197242, 'DANIEL PRADITYA', 'TKJ', 'XII TKJ 1', '6006', '202'),
(1863202, 197244, 'DHANNIS FARDINTA', 'TKJ', 'XII TKJ 1', '6006', '202'),
(1864202, 197246, 'DIMAS ADITIYA', 'TKJ', 'XII TKJ 1', '6006', '202'),
(1865202, 197255, 'FARID IHWATUL MUSLIMIN', 'TKJ', 'XII TKJ 1', '6006', '202'),
(1866202, 197256, 'FAUZI', 'TKJ', 'XII TKJ 1', '6006', '202'),
(1867202, 197260, 'Haryanto', 'TKJ', 'XII TKJ 1', '6006', '202'),
(1868202, 197261, 'HERI SETYAWAN', 'TKJ', 'XII TKJ 1', '6006', '202'),
(1869202, 197263, 'IDHAM RAHMAN', 'TKJ', 'XII TKJ 1', '6006', '202'),
(1870202, 197264, 'Idris Fadila', 'TKJ', 'XII TKJ 1', '6006', '202'),
(1871202, 197269, 'M. JAENI SAPUTRA', 'TKJ', 'XII TKJ 1', '6006', '202'),
(1872202, 197273, 'MARTIN', 'TKJ', 'XII TKJ 1', '6006', '202'),
(1873202, 197275, 'MOHAMMAD ARDIANSYAH RIZKI DERMAWAN', 'TKJ', 'XII TKJ 1', '6006', '202'),
(1874202, 197287, 'Muhamad Jazuli Oktafio', 'TKJ', 'XII TKJ 1', '6006', '202'),
(1875202, 197279, 'MUHAMAT REVA RIZKI SAPUTRA', 'TKJ', 'XII TKJ 1', '6006', '202'),
(1876202, 197282, 'Muhammad Agus Triardi', 'TKJ', 'XII TKJ 1', '6006', '202'),
(1877202, 197290, 'Muhammad Rafli', 'TKJ', 'XII TKJ 1', '6006', '202'),
(1878202, 197291, 'MUHAMMAD RUSYDI MURTADHO', 'TKJ', 'XII TKJ 1', '6006', '202'),
(1879202, 197294, 'Nana Maolana', 'TKJ', 'XII TKJ 1', '6006', '202'),
(1880202, 197295, 'Nanda Arga Raditya', 'TKJ', 'XII TKJ 1', '6006', '202'),
(1881202, 197299, 'NUR OKKY BINTANG SAPUTRA', 'TKJ', 'XII TKJ 1', '6006', '202'),
(1882202, 197304, 'RENDI PEBRIANSYAH', 'TKJ', 'XII TKJ 1', '6006', '202'),
(1883202, 197306, 'Rico Prianto', 'TKJ', 'XII TKJ 1', '6006', '202'),
(1884202, 197313, 'RIVALDY IRAWAN', 'TKJ', 'XII TKJ 1', '6006', '202'),
(1885202, 197314, 'Rizki Dwi Hapijar', 'TKJ', 'XII TKJ 1', '6006', '202'),
(1886202, 197315, 'RIZKI HARI NUGROHO', 'TKJ', 'XII TKJ 1', '6006', '202'),
(1887202, 197316, 'ROBBY ANDRIANSYAH', 'TKJ', 'XII TKJ 1', '6006', '202'),
(1888202, 197323, 'TAUFIK LERA', 'TKJ', 'XII TKJ 1', '6006', '202'),
(1889202, 197324, 'TENGKU ARYA SAPUTRA', 'TKJ', 'XII TKJ 1', '6006', '202'),
(1890202, 197332, 'WISNU HANDOKO', 'TKJ', 'XII TKJ 1', '6006', '202'),
(1891202, 197216, 'AANWAR', 'TKJ', 'XII TKJ 2', '6006', '202'),
(1892202, 197218, 'ABDULLAH PATHUR RACHMAN', 'TKJ', 'XII TKJ 2', '6006', '202'),
(1893202, 197220, 'ADITYA DHARMA', 'TKJ', 'XII TKJ 2', '6006', '202'),
(1894202, 197222, 'ADITYA SAPUTRA', 'TKJ', 'XII TKJ 2', '6006', '202'),
(1895202, 197225, 'Agil Mubaroq', 'TKJ', 'XII TKJ 2', '6006', '202'),
(1896202, 197226, 'AHMAD MAULANA', 'TKJ', 'XII TKJ 2', '6006', '202'),
(1897202, 197231, 'ANDI KOSASIH', 'TKJ', 'XII TKJ 2', '6006', '202'),
(1898202, 197233, 'Andriyansah', 'TKJ', 'XII TKJ 2', '6006', '202'),
(1899202, 197240, 'BIMA BAYU SAMUDRA', 'TKJ', 'XII TKJ 2', '6006', '202'),
(1900202, 197248, 'EGAN BAGUS REHANDIKA ALDA RAKHANTA', 'TKJ', 'XII TKJ 2', '6006', '202'),
(1901202, 197249, 'EKA DHANI', 'TKJ', 'XII TKJ 2', '6006', '202'),
(1902202, 197251, 'ENDAH HERNIATI', 'TKJ', 'XII TKJ 2', '6006', '202'),
(1903202, 197252, 'FACHRUL BINTANG IMZAD', 'TKJ', 'XII TKJ 2', '6006', '202'),
(1904202, 197253, 'FAHREZI JANUAR RISKI', 'TKJ', 'XII TKJ 2', '6006', '202'),
(1905202, 197258, 'HAFIZ NUR ARIF', 'TKJ', 'XII TKJ 2', '6006', '202'),
(1906202, 197259, 'Hanan Febri Awanda', 'TKJ', 'XII TKJ 2', '6006', '202'),
(1907202, 197262, 'Ibnu Adam', 'TKJ', 'XII TKJ 2', '6006', '202'),
(1908202, 197268, 'KHAIRAN MAULANA', 'TKJ', 'XII TKJ 2', '6006', '202'),
(1909202, 197270, 'M. RESA FAHLEVIH ADITYA PUTRA', 'TKJ', 'XII TKJ 2', '6006', '202'),
(1910202, 197272, 'M.FREDY ARDIANSYAH', 'TKJ', 'XII TKJ 2', '6006', '202'),
(1911202, 197274, 'MAULANA RAFI PRASETYO', 'TKJ', 'XII TKJ 2', '6006', '202'),
(1912202, 197276, 'Muhamad Ariyanzah', 'TKJ', 'XII TKJ 2', '6006', '202'),
(1913202, 197278, 'MUHAMAD RIDWAN', 'TKJ', 'XII TKJ 2', '6006', '202'),
(1914202, 197284, 'MUHAMMAD FAHREZA DZULHIJJAH', 'TKJ', 'XII TKJ 2', '6006', '202'),
(1915202, 197285, 'MUHAMMAD FERDIANSYAH', 'TKJ', 'XII TKJ 2', '6006', '202'),
(1916202, 197293, 'Muhammad Ilham', 'TKJ', 'XII TKJ 2', '6006', '202'),
(1917202, 197288, 'MUHAMMAD MUKHTI ABIMANYU', 'TKJ', 'XII TKJ 2', '6006', '202'),
(1918202, 197280, 'MUHAMMAD RUHDIN', 'TKJ', 'XII TKJ 2', '6006', '202'),
(1919202, 197292, 'MUHAMMAD UBAIDILLAH', 'TKJ', 'XII TKJ 2', '6006', '202'),
(1920202, 197302, 'RAHMAT HADI WIJAYA', 'TKJ', 'XII TKJ 2', '6006', '202'),
(1921202, 197300, 'RAKA PRABOWO', 'TKJ', 'XII TKJ 2', '6006', '202'),
(1922202, 197301, 'RAMA HERDIANSYAH', 'TKJ', 'XII TKJ 2', '6006', '202'),
(1923202, 197310, 'Rijik Mulana Yusup', 'TKJ', 'XII TKJ 2', '6006', '202'),
(1924202, 197312, 'RIVAL SAPUTRA', 'TKJ', 'XII TKJ 2', '6006', '202'),
(1925202, 197320, 'SEFI SEPTIANA', 'TKJ', 'XII TKJ 2', '6006', '202'),
(1926202, 197321, 'Siti Nur Kholipah', 'TKJ', 'XII TKJ 2', '6006', '202'),
(1927202, 197325, 'TYO SAPUTRA', 'TKJ', 'XII TKJ 2', '6006', '202'),
(1928202, 197223, 'ADITYA SAPUTRA', 'TKJ', 'XII TKJ 3', '6006', '202'),
(1929202, 197224, 'ADNAN BUKHARI', 'TKJ', 'XII TKJ 3', '6006', '202'),
(1930202, 197227, 'AHMAT SOFBRI', 'TKJ', 'XII TKJ 3', '6006', '202'),
(1931202, 197230, 'Amaika Rachman', 'TKJ', 'XII TKJ 3', '6006', '202'),
(1932202, 197232, 'ANDREAN SAPUTRA', 'TKJ', 'XII TKJ 3', '6006', '202'),
(1933202, 197234, 'Apriadi', 'TKJ', 'XII TKJ 3', '6006', '202'),
(1934202, 197236, 'Ardi Muayad', 'TKJ', 'XII TKJ 3', '6006', '202'),
(1935202, 197237, 'ARIF DWI SAPUTRA', 'TKJ', 'XII TKJ 3', '6006', '202'),
(1936202, 197243, 'DESTA RAHMA NOVIANI', 'TKJ', 'XII TKJ 3', '6006', '202'),
(1937202, 197245, 'DIKKY PANGESTU', 'TKJ', 'XII TKJ 3', '6006', '202'),
(1938202, 197247, 'DODI PRAMUJA', 'TKJ', 'XII TKJ 3', '6006', '202'),
(1939202, 197250, 'ELGA BUDI PURNOMO', 'TKJ', 'XII TKJ 3', '6006', '202'),
(1940202, 197257, 'FAUZY GUNAWAN', 'TKJ', 'XII TKJ 3', '6006', '202'),
(1941202, 197265, 'IKLAS GUSTI PANGESTU', 'TKJ', 'XII TKJ 3', '6006', '202'),
(1942202, 197266, 'ILHAM RAMADHAN', 'TKJ', 'XII TKJ 3', '6006', '202'),
(1943202, 197277, 'MUHAMAD IMAM MAHDI', 'TKJ', 'XII TKJ 3', '6006', '202'),
(1944202, 197281, 'MUHAMMAD ADAM SEPTIAWAN', 'TKJ', 'XII TKJ 3', '6006', '202'),
(1945202, 197283, 'MUHAMMAD BINTANG', 'TKJ', 'XII TKJ 3', '6006', '202'),
(1946202, 197286, 'MUHAMMAD FIKRI GINASTIAR', 'TKJ', 'XII TKJ 3', '6006', '202'),
(1947202, 197289, 'MUHAMMAD NUR IKHSAN', 'TKJ', 'XII TKJ 3', '6006', '202'),
(1948202, 197297, 'NIKO SAPUTRA', 'TKJ', 'XII TKJ 3', '6006', '202'),
(1949202, 197298, 'NOVA YULIANTO', 'TKJ', 'XII TKJ 3', '6006', '202'),
(1950202, 197303, 'REGA ALDO NURCAHYONO', 'TKJ', 'XII TKJ 3', '6006', '202'),
(1951202, 197305, 'REZZA ADITYA PRATAMA', 'TKJ', 'XII TKJ 3', '6006', '202'),
(1952202, 197309, 'Rifkyan Syah', 'TKJ', 'XII TKJ 3', '6006', '202'),
(1953202, 197311, 'RISKY ALFIAN', 'TKJ', 'XII TKJ 3', '6006', '202'),
(1954202, 197319, 'SATRIA PAMUNGKAS', 'TKJ', 'XII TKJ 3', '6006', '202'),
(1955202, 197327, 'Virlya Aulia Rohmah', 'TKJ', 'XII TKJ 3', '6006', '202'),
(1956202, 197328, 'Wafa Fauzan Jamil', 'TKJ', 'XII TKJ 3', '6006', '202'),
(1957202, 197329, 'WAHYU', 'TKJ', 'XII TKJ 3', '6006', '202'),
(1958202, 197330, 'WILLIAM WIJAYA PHANG', 'TKJ', 'XII TKJ 3', '6006', '202'),
(1959202, 197331, 'WILLY RAFIANSYAH', 'TKJ', 'XII TKJ 3', '6006', '202'),
(1960202, 197333, 'YANUAR BUDI PRATAMA', 'TKJ', 'XII TKJ 3', '6006', '202'),
(1961202, 197334, 'YORIKO OKTAVIANUS MAMARODIA', 'TKJ', 'XII TKJ 3', '6006', '202'),
(1962202, 197335, 'ZOKROTUN NIDA', 'TKJ', 'XII TKJ 3', '6006', '202');

-- --------------------------------------------------------

--
-- Table structure for table `spp_siswa`
--

CREATE TABLE `spp_siswa` (
  `id_spp_siswa` int(18) NOT NULL,
  `id_siswa` int(64) NOT NULL,
  `kode_bulan` int(18) NOT NULL,
  `bulan` varchar(128) NOT NULL,
  `status` varchar(32) NOT NULL,
  `pembayaran` varchar(128) NOT NULL,
  `kjp` int(64) NOT NULL,
  `kjp_cash` int(68) NOT NULL,
  `date` date NOT NULL DEFAULT current_timestamp()
) ENGINE=InnoDB DEFAULT CHARSET=utf8mb4;

--
-- Dumping data for table `spp_siswa`
--

INSERT INTO `spp_siswa` (`id_spp_siswa`, `id_siswa`, `kode_bulan`, `bulan`, `status`, `pembayaran`, `kjp`, `kjp_cash`, `date`) VALUES
(17550, 1002202202, 1, 'Juli', 'LUNAS', 'NON KJP', 0, 0, '2022-07-03'),
(23409, 1002202202, 2, 'Augustus', 'LUNAS', 'NON KJP', 0, 0, '2022-07-03'),
(27497, 1002202202, 3, 'September', 'LUNAS', 'KJP', 260000, 140000, '2022-07-03'),
(28301, 1002202202, 6, 'Desember', 'BELUM LUNAS', 'BELUM LUNAS', 0, 0, '2022-07-03'),
(66071, 1002202202, 5, 'November', 'BELUM LUNAS', 'BELUM LUNAS', 0, 0, '2022-07-03'),
(76155, 1002202202, 9, 'Maret', 'BELUM LUNAS', 'BELUM LUNAS', 0, 0, '2022-07-03'),
(78026, 1002202202, 10, 'April', 'BELUM LUNAS', 'BELUM LUNAS', 0, 0, '2022-07-03'),
(90420, 1002202202, 4, 'Oktober', 'BELUM LUNAS', 'BELUM LUNAS', 0, 0, '2022-07-03'),
(91141, 1002202202, 8, 'Februar', 'BELUM LUNAS', 'BELUM LUNAS', 0, 0, '2022-07-03'),
(95236, 1002202202, 11, 'Mei', 'BELUM LUNAS', 'BELUM LUNAS', 0, 0, '2022-07-03'),
(97201, 1002202202, 7, 'Januari', 'BELUM LUNAS', 'BELUM LUNAS', 0, 0, '2022-07-03');

-- --------------------------------------------------------

--
-- Table structure for table `tahun_ajaran`
--

CREATE TABLE `tahun_ajaran` (
  `id_tahun_ajaran` int(16) NOT NULL,
  `tahun_ajaran` varchar(32) NOT NULL,
  `status` varchar(32) NOT NULL
) ENGINE=InnoDB DEFAULT CHARSET=utf8mb4;

--
-- Dumping data for table `tahun_ajaran`
--

INSERT INTO `tahun_ajaran` (`id_tahun_ajaran`, `tahun_ajaran`, `status`) VALUES
(101, '2020/2021', 'TIDAK AKTIF'),
(202, '2021/2022', 'AKTIF'),
(303, '2022/2023', 'TIDAK AKTIF'),
(404, '2023/2024', 'TIDAK AKTIF'),
(505, '2024/2025', 'TIDAK AKTIF'),
(606, '2025/2026', 'TIDAK AKTIF');

--
-- Indexes for dumped tables
--

--
-- Indexes for table `auth`
--
ALTER TABLE `auth`
  ADD PRIMARY KEY (`id`) USING BTREE;

--
-- Indexes for table `group_kelas`
--
ALTER TABLE `group_kelas`
  ADD PRIMARY KEY (`id_groupKelas`);

--
-- Indexes for table `jurusan`
--
ALTER TABLE `jurusan`
  ADD PRIMARY KEY (`id`) USING BTREE;

--
-- Indexes for table `kelas`
--
ALTER TABLE `kelas`
  ADD PRIMARY KEY (`id`) USING BTREE;

--
-- Indexes for table `pembayaran_spp`
--
ALTER TABLE `pembayaran_spp`
  ADD PRIMARY KEY (`id_spp`);

--
-- Indexes for table `setting_pembayaran`
--
ALTER TABLE `setting_pembayaran`
  ADD PRIMARY KEY (`id_setting_pembayaran`);

--
-- Indexes for table `siswa`
--
ALTER TABLE `siswa`
  ADD PRIMARY KEY (`id_siswa`) USING BTREE;

--
-- Indexes for table `spp_siswa`
--
ALTER TABLE `spp_siswa`
  ADD PRIMARY KEY (`id_spp_siswa`);

--
-- Indexes for table `tahun_ajaran`
--
ALTER TABLE `tahun_ajaran`
  ADD PRIMARY KEY (`id_tahun_ajaran`);

--
-- AUTO_INCREMENT for dumped tables
--

--
-- AUTO_INCREMENT for table `auth`
--
ALTER TABLE `auth`
  MODIFY `id` int(11) NOT NULL AUTO_INCREMENT, AUTO_INCREMENT=304;

--
-- AUTO_INCREMENT for table `jurusan`
--
ALTER TABLE `jurusan`
  MODIFY `id` int(11) NOT NULL AUTO_INCREMENT, AUTO_INCREMENT=506;

--
-- AUTO_INCREMENT for table `kelas`
--
ALTER TABLE `kelas`
  MODIFY `id` int(11) NOT NULL AUTO_INCREMENT, AUTO_INCREMENT=2027904;

--
-- AUTO_INCREMENT for table `pembayaran_spp`
--
ALTER TABLE `pembayaran_spp`
  MODIFY `id_spp` int(16) NOT NULL AUTO_INCREMENT;
COMMIT;

/*!40101 SET CHARACTER_SET_CLIENT=@OLD_CHARACTER_SET_CLIENT */;
/*!40101 SET CHARACTER_SET_RESULTS=@OLD_CHARACTER_SET_RESULTS */;
/*!40101 SET COLLATION_CONNECTION=@OLD_COLLATION_CONNECTION */;
