-- phpMyAdmin SQL Dump
-- version 5.1.3
-- https://www.phpmyadmin.net/
--
-- Host: 127.0.0.1
-- Generation Time: May 10, 2022 at 10:52 AM
-- Server version: 10.4.24-MariaDB
-- PHP Version: 7.4.28

SET SQL_MODE = "NO_AUTO_VALUE_ON_ZERO";
START TRANSACTION;
SET time_zone = "+00:00";


/*!40101 SET @OLD_CHARACTER_SET_CLIENT=@@CHARACTER_SET_CLIENT */;
/*!40101 SET @OLD_CHARACTER_SET_RESULTS=@@CHARACTER_SET_RESULTS */;
/*!40101 SET @OLD_COLLATION_CONNECTION=@@COLLATION_CONNECTION */;
/*!40101 SET NAMES utf8mb4 */;

--
-- Database: `terbaru_spp`
--

-- --------------------------------------------------------

--
-- Table structure for table `auth`
--

CREATE TABLE `auth` (
  `id` int(11) NOT NULL,
  `username` varchar(128) NOT NULL,
  `password` varchar(64) NOT NULL,
  `nama` varchar(256) NOT NULL,
  `level` varchar(16) NOT NULL
) ENGINE=InnoDB DEFAULT CHARSET=utf8mb4 ROW_FORMAT=DYNAMIC;

--
-- Dumping data for table `auth`
--

INSERT INTO `auth` (`id`, `username`, `password`, `nama`, `level`) VALUES
(202, 'adminTU', '397cabe506e1a2ac39de41f24affc2c1', 'ADMINISTRATOR TATA USAHA', 'admin'),
(303, 'TUadmin', '90370fba20c4e0bb215a867a8c1e2fff', 'ADMINISTRATOR TATA USAHA 2', 'admin2');

-- --------------------------------------------------------

--
-- Table structure for table `group_kelas`
--

CREATE TABLE `group_kelas` (
  `id_groupKelas` int(16) NOT NULL,
  `nama_group` varchar(32) NOT NULL
) ENGINE=InnoDB DEFAULT CHARSET=utf8mb4;

--
-- Dumping data for table `group_kelas`
--

INSERT INTO `group_kelas` (`id_groupKelas`, `nama_group`) VALUES
(1001, 'X BM'),
(2002, 'X TKJ'),
(3003, 'XI BM'),
(4004, 'XI TKJ'),
(5005, 'XII BM'),
(6006, 'XII TKJ');

-- --------------------------------------------------------

--
-- Table structure for table `jurusan`
--

CREATE TABLE `jurusan` (
  `id` int(11) NOT NULL,
  `kode` varchar(8) NOT NULL,
  `jurusan` varchar(128) NOT NULL
) ENGINE=InnoDB DEFAULT CHARSET=utf8mb4 ROW_FORMAT=DYNAMIC;

--
-- Dumping data for table `jurusan`
--

INSERT INTO `jurusan` (`id`, `kode`, `jurusan`) VALUES
(101, 'AKL', 'AKUTANSI DAN KEUANGAN LEMBAGA'),
(202, 'BDP', 'BISNIS DARING DAN PEMASARAN'),
(303, 'OTKP', 'OTOMATISASI DAN TATA KELOLA PERKANTORAN'),
(404, 'TKJ', 'TEKNIK KOMPUTER DAN JARINGAN'),
(505, 'MM', 'MULTIMEDIA');

-- --------------------------------------------------------

--
-- Table structure for table `kelas`
--

CREATE TABLE `kelas` (
  `id` int(11) NOT NULL,
  `kode` varchar(8) NOT NULL,
  `kelas` varchar(128) NOT NULL,
  `id_tahun_ajaran` int(16) NOT NULL
) ENGINE=InnoDB DEFAULT CHARSET=utf8mb4 ROW_FORMAT=DYNAMIC;

--
-- Dumping data for table `kelas`
--

INSERT INTO `kelas` (`id`, `kode`, `kelas`, `id_tahun_ajaran`) VALUES
(1001520, 'AKL', 'X AKL 1', 101),
(1002382, 'AKL', 'X AKL 2', 101),
(1003282, 'BDP', 'X BDP 1', 101),
(1004737, 'BDP', 'X BDP 2', 101),
(1005348, 'OTKP', 'X OTKP 1', 101),
(1006846, 'OTKP', 'X OTKP 2', 101),
(1007627, 'TKJ', 'X TKJ 1', 101),
(1008602, 'TKJ', 'X TKJ 2', 101),
(1009189, 'TKJ', 'X TKJ 3', 101),
(1010805, 'AKL', 'XI AKL 1', 101),
(1011905, 'AKL', 'XI AKL 2', 101),
(1012396, 'BDP', 'XI BDP 1', 101),
(1013157, 'BDP', 'XI BDP 2', 101),
(1014691, 'OTKP', 'XI OTKP 1', 101),
(1015808, 'OTKP', 'XI OTKP 2', 101),
(1016934, 'TKJ', 'XI TKJ 1', 101),
(1017641, 'TKJ', 'XI TKJ 2', 101),
(1018307, 'TKJ', 'XI TKJ 3', 101),
(1019725, 'AKL', 'XII AKL 1', 101),
(1020286, 'AKL', 'XII AKL 2', 101),
(1021281, 'BDP', 'XII BDP 1', 101),
(1022954, 'BDP', 'XII BDP 2', 101),
(1023249, 'OTKP', 'XII OTKP 1', 101),
(1024545, 'OTKP', 'XII OTKP 2', 101),
(1025447, 'TKJ', 'XII TKJ 1', 101),
(1026779, 'TKJ', 'XII TKJ 2', 101),
(1027111, 'TKJ', 'XII TKJ 3', 101),
(2002531, 'AKL', 'X AKL 1', 202),
(2003973, 'AKL', 'X AKL 2', 202),
(2004629, 'BDP', 'X BDP 1', 202),
(2005641, 'OTKP', 'X OTKP 1', 202),
(2006284, 'OTKP', 'X OTKP 2', 202),
(2007982, 'TKJ', 'X TKJ 1', 202),
(2008874, 'TKJ', 'X TKJ 2', 202),
(2009657, 'TKJ', 'X TKJ 3', 202),
(2010714, 'AKL', 'XI AKL 1', 202),
(2011822, 'AKL', 'XI AKL 2', 202),
(2012891, 'BDP', 'XI BDP 1', 202),
(2013872, 'BDP', 'XI BDP 2', 202),
(2014732, 'OTKP', 'XI OTKP 1', 202),
(2015323, 'OTKP', 'XI OTKP 2', 202),
(2016903, 'TKJ', 'XI TKJ 1', 202),
(2017942, 'TKJ', 'XI TKJ 2', 202),
(2018897, 'TKJ', 'XI TKJ 3', 202),
(2019362, 'AKL', 'XII AKL 1', 202),
(2020176, 'AKL', 'XII AKL 2', 202),
(2021970, 'BDP', 'XII BDP 1', 202),
(2022257, 'BDP', 'XII BDP 2', 202),
(2023991, 'OTKP', 'XII OTKP 1', 202),
(2024974, 'OTKP', 'XII OTKP 2', 202),
(2025238, 'TKJ', 'XII TKJ 1', 202),
(2026164, 'TKJ', 'XII TKJ 2', 202),
(2027903, 'TKJ', 'XII TKJ 3', 202);

-- --------------------------------------------------------

--
-- Table structure for table `pembayaran_spp`
--

CREATE TABLE `pembayaran_spp` (
  `id_spp` int(16) NOT NULL,
  `id_siswa` int(16) NOT NULL,
  `id_kelas` int(16) NOT NULL,
  `bulan` varchar(32) NOT NULL,
  `nominal` int(32) DEFAULT NULL,
  `bayar_perbulan` varchar(32) NOT NULL,
  `tahun_ajaran` varchar(16) NOT NULL,
  `timestamp` timestamp NOT NULL DEFAULT current_timestamp() ON UPDATE current_timestamp()
) ENGINE=InnoDB DEFAULT CHARSET=utf8mb4;

-- --------------------------------------------------------

--
-- Table structure for table `setting_pembayaran`
--

CREATE TABLE `setting_pembayaran` (
  `id_setting_pembayaran` int(16) NOT NULL,
  `nama_pembayaran` varchar(128) NOT NULL,
  `id_groupKelas` int(16) NOT NULL,
  `id_tahun_ajaran` int(16) NOT NULL,
  `jenis_pembayaran` varchar(128) NOT NULL,
  `nominal` int(128) NOT NULL,
  `date` date NOT NULL DEFAULT current_timestamp()
) ENGINE=InnoDB DEFAULT CHARSET=utf8mb4;

--
-- Dumping data for table `setting_pembayaran`
--

INSERT INTO `setting_pembayaran` (`id_setting_pembayaran`, `nama_pembayaran`, `id_groupKelas`, `id_tahun_ajaran`, `jenis_pembayaran`, `nominal`, `date`) VALUES
(209515, 'PEMBAYARAN BULANAN', 2002, 202, 'Pembayaran SPP', 475000, '2022-05-07'),
(236546, 'ULANGAN TENGAH SEMESTER GANJIL', 2002, 202, 'Pembayaran Administrasi Lain', 50000, '2022-05-07'),
(724682, 'ULANGAN TENGAH SEMESTER GANJIL', 1001, 202, 'Pembayaran Administrasi Lain', 50000, '2022-05-07');

-- --------------------------------------------------------

--
-- Table structure for table `siswa`
--

CREATE TABLE `siswa` (
  `id_siswa` int(18) NOT NULL,
  `nis` int(32) NOT NULL,
  `nama_siswa` varchar(256) NOT NULL,
  `jurusan` varchar(16) NOT NULL,
  `kelas` varchar(18) NOT NULL,
  `group_kelas` varchar(16) NOT NULL,
  `tahun_ajaran` varchar(32) NOT NULL
) ENGINE=InnoDB DEFAULT CHARSET=utf8mb4 ROW_FORMAT=DYNAMIC;

--
-- Dumping data for table `siswa`
--

INSERT INTO `siswa` (`id_siswa`, `nis`, `nama_siswa`, `jurusan`, `kelas`, `group_kelas`, `tahun_ajaran`) VALUES
(1001479, 207714, 'ANDREAS ADIANTO', 'AKL', 'X AKL 1', '1001', '101'),
(1002374, 207719, 'AULIA FATIKA SARI', 'AKL', 'X AKL 1', '1001', '101'),
(1003849, 207720, 'BINTANG RAMADHANI', 'AKL', 'X AKL 1', '1001', '101'),
(1004557, 207722, 'Choirul Akmal Hidayat', 'AKL', 'X AKL 1', '1001', '101'),
(1005741, 207723, 'DEA MARCELLANI', 'AKL', 'X AKL 1', '1001', '101'),
(1006494, 207724, 'DESFIANAPUTRI WIDYARSANTI', 'AKL', 'X AKL 1', '1001', '101'),
(1007165, 207727, 'DEVIANA FERNANDA ', 'AKL', 'X AKL 1', '1001', '101'),
(1008950, 207730, 'FADILLAH ROHMAN', 'AKL', 'X AKL 1', '1001', '101'),
(1009830, 207731, 'FAUZI WIBOWO', 'AKL', 'X AKL 1', '1001', '101'),
(1010721, 207733, 'FERDIYANSAH', 'AKL', 'X AKL 1', '1001', '101'),
(1011721, 207734, 'FIRMAN PRAYOGA', 'AKL', 'X AKL 1', '1001', '101'),
(1012940, 207735, 'Fitri Nur Indriani', 'AKL', 'X AKL 1', '1001', '101'),
(1013827, 207736, 'FITRI ZETIRA SALSA', 'AKL', 'X AKL 1', '1001', '101'),
(1014741, 207738, 'HABIB YAZID FIKRIANSYAH', 'AKL', 'X AKL 1', '1001', '101'),
(1015216, 207739, 'Hani Astuti', 'AKL', 'X AKL 1', '1001', '101'),
(1016859, 207740, 'HELEN SETIABUDI', 'AKL', 'X AKL 1', '1001', '101'),
(1017755, 207741, 'HERLINA SETIAWAN', 'AKL', 'X AKL 1', '1001', '101'),
(1018491, 207743, 'ILMA AMALIA', 'AKL', 'X AKL 1', '1001', '101'),
(1019599, 207744, 'IVANA CHANAFI', 'AKL', 'X AKL 1', '1001', '101'),
(1020494, 207745, 'JOSIANA GARETZA', 'AKL', 'X AKL 1', '1001', '101'),
(1021648, 207753, 'MAYDA CHANAFI', 'AKL', 'X AKL 1', '1001', '101'),
(1022205, 207758, 'MUHAMAD RAFI EKA SAPUTRA', 'AKL', 'X AKL 1', '1001', '101'),
(1023814, 207748, 'MUHAMMAD ARYA DIVA', 'AKL', 'X AKL 1', '1001', '101'),
(1024750, 207759, 'NABILA APRILIA SANI', 'AKL', 'X AKL 1', '1001', '101'),
(1025202, 207760, 'NAJWA SABILLA AMRI', 'AKL', 'X AKL 1', '1001', '101'),
(1026916, 207764, 'NOVIA ADRIANA ELISANTY', 'AKL', 'X AKL 1', '1001', '101'),
(1027210, 207767, 'RAFA MALIKI ARDIANSYAH', 'AKL', 'X AKL 1', '1001', '101'),
(1028146, 207768, 'RAHMA SAECAR ROSSA LIANI', 'AKL', 'X AKL 1', '1001', '101'),
(1029406, 207769, 'RAHMAH', 'AKL', 'X AKL 1', '1001', '101'),
(1030895, 207770, 'RAKHEL MARYAM', 'AKL', 'X AKL 1', '1001', '101'),
(1031442, 207771, 'RATU NUR AYUNINGTIAS', 'AKL', 'X AKL 1', '1001', '101'),
(1032504, 207774, 'REVANI NADYA DESWIT', 'AKL', 'X AKL 1', '1001', '101'),
(1033376, 207780, 'ROSY GUSRIA NINGRUM', 'AKL', 'X AKL 1', '1001', '101'),
(1034410, 207783, 'SEVIRA CAHYA NINGRUM', 'AKL', 'X AKL 1', '1001', '101'),
(1035772, 207784, 'SISKA AULIA WARYANTO', 'AKL', 'X AKL 1', '1001', '101'),
(1036568, 207785, 'SITI POUJIYAN', 'AKL', 'X AKL 1', '1001', '101'),
(1037164, 207786, 'Sri Rahayu Wandirah', 'AKL', 'X AKL 1', '1001', '101'),
(1038657, 207788, 'SURYANI', 'AKL', 'X AKL 1', '1001', '101'),
(1039766, 207791, 'Vania Putri Wijaya', 'AKL', 'X AKL 1', '1001', '101'),
(1040557, 207792, 'VIANA PATRICIA ANG', 'AKL', 'X AKL 1', '1001', '101'),
(1041859, 207793, 'VIKKY PRIMA SUPELI', 'AKL', 'X AKL 1', '1001', '101'),
(1042655, 207794, 'ZAHRA AMELIA PUTRI', 'AKL', 'X AKL 1', '1001', '101'),
(1043991, 207796, 'ZAHRAH LUTFI FEBRIANA', 'AKL', 'X AKL 1', '1001', '101'),
(1044761, 207711, 'AGISTI AMELIA', 'AKL', 'X AKL 2', '1001', '101'),
(1045221, 207712, 'Ahmad Faizal Risaldi', 'AKL', 'X AKL 2', '1001', '101'),
(1046664, 207713, 'AHMAD TRI APIYAN', 'AKL', 'X AKL 2', '1001', '101'),
(1047287, 207715, 'ANDRI DWI KURNIAWAN', 'AKL', 'X AKL 2', '1001', '101'),
(1048982, 207716, 'ARDIAN SYAH', 'AKL', 'X AKL 2', '1001', '101'),
(1049783, 207717, 'ARIA KRISNA JOHAERI', 'AKL', 'X AKL 2', '1001', '101'),
(1050999, 207718, 'Aryani Chairunnisa', 'AKL', 'X AKL 2', '1001', '101'),
(1051380, 207721, 'CECE CUMAIDA', 'AKL', 'X AKL 2', '1001', '101'),
(1052977, 207725, 'DESI WULANDARI', 'AKL', 'X AKL 2', '1001', '101'),
(1053226, 207726, 'Deva Pupita Sari', 'AKL', 'X AKL 2', '1001', '101'),
(1054718, 207728, 'DIAH PUTRI LESTARI', 'AKL', 'X AKL 2', '1001', '101'),
(1055258, 207729, 'EKA ROHMAWATI', 'AKL', 'X AKL 2', '1001', '101'),
(1056174, 207732, 'FELIANI MEI ASTUTI', 'AKL', 'X AKL 2', '1001', '101'),
(1057930, 207737, 'FITRIANA', 'AKL', 'X AKL 2', '1001', '101'),
(1058993, 207742, 'IIN RISKAWATI', 'AKL', 'X AKL 2', '1001', '101'),
(1059991, 207746, 'LISTIAWATI', 'AKL', 'X AKL 2', '1001', '101'),
(1060354, 207747, 'LUKY FAUZI', 'AKL', 'X AKL 2', '1001', '101'),
(1061543, 207749, 'MANDA AGRISTINA', 'AKL', 'X AKL 2', '1001', '101'),
(1062754, 207750, 'Marselina', 'AKL', 'X AKL 2', '1001', '101'),
(1063908, 207751, 'MARSYA OLIVIA FARHAH', 'AKL', 'X AKL 2', '1001', '101'),
(1064848, 207752, 'MAYA FIRDAUS SARI', 'AKL', 'X AKL 2', '1001', '101'),
(1065764, 207754, 'MAYSEL FIDELA', 'AKL', 'X AKL 2', '1001', '101'),
(1066520, 207755, 'MIRA YANTI', 'AKL', 'X AKL 2', '1001', '101'),
(1067331, 207756, 'Mohamad Aldi Herdiansah', 'AKL', 'X AKL 2', '1001', '101'),
(1068426, 207757, 'MUHAMAD MIFTAHUL ATHO', 'AKL', 'X AKL 2', '1001', '101'),
(1069436, 207761, 'NAZWA DWI FADILLAH', 'AKL', 'X AKL 2', '1001', '101'),
(1070997, 207762, 'NITA AGUSTINA', 'AKL', 'X AKL 2', '1001', '101'),
(1071946, 207763, 'NIYA LASITA', 'AKL', 'X AKL 2', '1001', '101'),
(1072911, 207765, 'NUR KHOIRUNISA', 'AKL', 'X AKL 2', '1001', '101'),
(1073214, 207766, 'PUTRI SELVIANA', 'AKL', 'X AKL 2', '1001', '101'),
(1074591, 207772, 'Rayhan Muhammad Dafansyah', 'AKL', 'X AKL 2', '1001', '101'),
(1075884, 207773, 'RENI MUTIA', 'AKL', 'X AKL 2', '1001', '101'),
(1076525, 207775, 'REZA SHAFIRA WIJAYA', 'AKL', 'X AKL 2', '1001', '101'),
(1077378, 207776, 'RINI ALFIYANI', 'AKL', 'X AKL 2', '1001', '101'),
(1078930, 207777, 'RISKA NURUL KHOTIMAH', 'AKL', 'X AKL 2', '1001', '101'),
(1079686, 207778, 'RISKI SETIAWAN', 'AKL', 'X AKL 2', '1001', '101'),
(1080216, 207779, 'ROFAH', 'AKL', 'X AKL 2', '1001', '101'),
(1081437, 207781, 'Ryan Septian', 'AKL', 'X AKL 2', '1001', '101'),
(1082746, 207782, 'SEPTI AMINATUL CHASANAH', 'AKL', 'X AKL 2', '1001', '101'),
(1083681, 207787, 'SUCI RIJKIA SARI', 'AKL', 'X AKL 2', '1001', '101'),
(1084508, 207789, 'SYAVANA EKI FEBRIYANTI', 'AKL', 'X AKL 2', '1001', '101'),
(1085574, 207790, 'THERESIA BUI HERA', 'AKL', 'X AKL 2', '1001', '101'),
(1086585, 207795, 'ZAHRA AZIZAH DHAIFULLAH', 'AKL', 'X AKL 2', '1001', '101'),
(1087998, 207797, 'ZAHRA NUR NABILA', 'AKL', 'X AKL 2', '1001', '101'),
(1088126, 207887, 'ABDULLAH RIYAD', 'BDP', 'X BDP 1', '1001', '101'),
(1089718, 207892, 'Anis Karsella', 'BDP', 'X BDP 1', '1001', '101'),
(1090177, 207894, 'AQIL IRBANI', 'BDP', 'X BDP 1', '1001', '101'),
(1091274, 207897, 'DAVID ERIK HERMAWAN', 'BDP', 'X BDP 1', '1001', '101'),
(1092468, 207899, 'DELLA NORMAYANTIKA', 'BDP', 'X BDP 1', '1001', '101'),
(1093847, 207900, 'DENNIS RAFAEL', 'BDP', 'X BDP 1', '1001', '101'),
(1094398, 207901, 'DEVIDA AULIA', 'BDP', 'X BDP 1', '1001', '101'),
(1095864, 207902, 'DEVINA LORENZA KURNIA PUTRY', 'BDP', 'X BDP 1', '1001', '101'),
(1096209, 207903, 'DINA CAHYANI', 'BDP', 'X BDP 1', '1001', '101'),
(1097409, 207904, 'ELISA FEBRIYANTI', 'BDP', 'X BDP 1', '1001', '101'),
(1098397, 207905, 'FADLY MUHAMAD NUGRAHA', 'BDP', 'X BDP 1', '1001', '101'),
(1099717, 207906, 'Fatmah Ayu', 'BDP', 'X BDP 1', '1001', '101'),
(1100450, 207907, 'FEBRIAN FRANSIUS', 'BDP', 'X BDP 1', '1001', '101'),
(1101812, 207909, 'FERIYAN SYAH', 'BDP', 'X BDP 1', '1001', '101'),
(1102236, 207914, 'IQBAL ILHAM SYAH', 'BDP', 'X BDP 1', '1001', '101'),
(1103930, 207916, 'KEZIA CAROLINA NONITEMA', 'BDP', 'X BDP 1', '1001', '101'),
(1104287, 207921, 'Maysia Laurent Yosephin', 'BDP', 'X BDP 1', '1001', '101'),
(1105445, 207924, 'MUHAMMAD AJI SURAHMAN', 'BDP', 'X BDP 1', '1001', '101'),
(1106610, 207928, 'MUHAMMAD FIRDAUS', 'BDP', 'X BDP 1', '1001', '101'),
(1107259, 207929, 'MUHAMMAD NOVAL ADITYA', 'BDP', 'X BDP 1', '1001', '101'),
(1108208, 207930, 'MUHAMMAD REVALDI', 'BDP', 'X BDP 1', '1001', '101'),
(1109333, 207931, 'MUSLIM AZIZ ABDILLAH', 'BDP', 'X BDP 1', '1001', '101'),
(1110441, 207932, 'Nabila Rizky Tirtananda', 'BDP', 'X BDP 1', '1001', '101'),
(1111901, 207934, 'Nicholas', 'BDP', 'X BDP 1', '1001', '101'),
(1112207, 207936, 'NUR INTAN AULIA RAHMADINAH', 'BDP', 'X BDP 1', '1001', '101'),
(1113527, 207938, 'PENDI PRASETYO', 'BDP', 'X BDP 1', '1001', '101'),
(1114512, 207939, 'PERNANDO SAPUTRA', 'BDP', 'X BDP 1', '1001', '101'),
(1115669, 207940, 'PINGKAN LAILA OKTAVIANI ', 'BDP', 'X BDP 1', '1001', '101'),
(1116173, 207941, 'Preti Audia', 'BDP', 'X BDP 1', '1001', '101'),
(1117476, 207942, 'PUTRI', 'BDP', 'X BDP 1', '1001', '101'),
(1118243, 207944, 'PUTRI ARIYANI', 'BDP', 'X BDP 1', '1001', '101'),
(1119861, 207943, 'PUTRI AULIA', 'BDP', 'X BDP 1', '1001', '101'),
(1120925, 207945, 'RAGIL NURIL ANWAR', 'BDP', 'X BDP 1', '1001', '101'),
(1121574, 207946, 'RAHMA FITRIYANI', 'BDP', 'X BDP 1', '1001', '101'),
(1122776, 207952, 'Rini Rustrimiati', 'BDP', 'X BDP 1', '1001', '101'),
(1123595, 207953, 'RIVALDI AFRIAN', 'BDP', 'X BDP 1', '1001', '101'),
(1124270, 207961, 'TEGUH SOLEH', 'BDP', 'X BDP 1', '1001', '101'),
(1125590, 207962, 'ULFA NURMAYANTI', 'BDP', 'X BDP 1', '1001', '101'),
(1126112, 207963, 'Wahyudi', 'BDP', 'X BDP 1', '1001', '101'),
(1127991, 207965, 'YUSUP SLAMET RAHARJO', 'BDP', 'X BDP 1', '1001', '101'),
(1128968, 207886, 'ABDUL MUJIB WADI', 'BDP', 'X BDP 1', '1001', '101'),
(1129672, 207888, 'AHMAD FAIZ RAMDHANI', 'BDP', 'X BDP 1', '1001', '101'),
(1130247, 207891, 'ANGGI MAULANA', 'BDP', 'X BDP 1', '1001', '101'),
(1131672, 207893, 'ANNISA RAHMAN', 'BDP', 'X BDP 1', '1001', '101'),
(1132627, 207895, 'BINTANG WIDIYASTARA ASROFI', 'BDP', 'X BDP 1', '1001', '101'),
(1133866, 207896, 'BUNGGA ARSITA PUTRI', 'BDP', 'X BDP 1', '1001', '101'),
(1134604, 207898, 'DEA SABELA PUTRI', 'BDP', 'X BDP 1', '1001', '101'),
(1135183, 207908, 'FEBRIANSYAH SANJAYA', 'BDP', 'X BDP 1', '1001', '101'),
(1136603, 207910, 'FIRJATULLAH ANISSA RAHMAN', 'BDP', 'X BDP 1', '1001', '101'),
(1137263, 207911, 'ILHAM APRILIANSYAH', 'BDP', 'X BDP 1', '1001', '101'),
(1138331, 207912, 'INDAH AYUNI SARI', 'BDP', 'X BDP 1', '1001', '101'),
(1139961, 207915, 'IQBAL SURYADI', 'BDP', 'X BDP 1', '1001', '101'),
(1140120, 207917, 'KHOLIFATUL RIZKIANA', 'BDP', 'X BDP 1', '1001', '101'),
(1141874, 207918, 'Ledia Hanifah', 'BDP', 'X BDP 1', '1001', '101'),
(1142296, 207919, 'LULU NURFAOLA', 'BDP', 'X BDP 1', '1001', '101'),
(1143179, 207920, 'MARSELA', 'BDP', 'X BDP 1', '1001', '101'),
(1144864, 207922, 'MOCHAMAD NUR ZAINI', 'BDP', 'X BDP 1', '1001', '101'),
(1145278, 207923, 'Muhamad Amar Khadavi', 'BDP', 'X BDP 1', '1001', '101'),
(1146254, 207925, 'MUHAMAD ARYA APRIYANTO', 'BDP', 'X BDP 1', '1001', '101'),
(1147886, 207926, 'MUHAMAD DIAS JUNIAWAN', 'BDP', 'X BDP 1', '1001', '101'),
(1148860, 207927, 'Muhammad Fahri Heriyanto', 'BDP', 'X BDP 1', '1001', '101'),
(1149393, 207933, 'NAJWAH NUR ASYIYAH', 'BDP', 'X BDP 1', '1001', '101'),
(1150733, 207935, 'NINIS ANNISYA', 'BDP', 'X BDP 1', '1001', '101'),
(1151892, 207937, 'Patrialis Bayu Putra', 'BDP', 'X BDP 1', '1001', '101'),
(1152369, 207947, 'RAMADHANTI', 'BDP', 'X BDP 1', '1001', '101'),
(1153791, 207948, 'Reizhart Afrino Muslim', 'BDP', 'X BDP 1', '1001', '101'),
(1154283, 207949, 'RENA ANGELITA', 'BDP', 'X BDP 1', '1001', '101'),
(1155760, 207950, 'REVIN KHUSNADA SAKTI', 'BDP', 'X BDP 1', '1001', '101'),
(1156346, 207951, 'RIDHO FATARDHO HAMZAH', 'BDP', 'X BDP 1', '1001', '101'),
(1157721, 207954, 'RIZKY BUDIANTO', 'BDP', 'X BDP 1', '1001', '101'),
(1158199, 207955, 'SAMSUDIN RADITYA', 'BDP', 'X BDP 1', '1001', '101'),
(1159906, 207956, 'Septian Budi Riyanto', 'BDP', 'X BDP 1', '1001', '101'),
(1160977, 207957, 'SILFIANA SARI', 'BDP', 'X BDP 1', '1001', '101'),
(1161982, 207959, 'SITI NUR HANIFA', 'BDP', 'X BDP 1', '1001', '101'),
(1162948, 207958, 'Siti Nurfadilah', 'BDP', 'X BDP 1', '1001', '101'),
(1163205, 207960, 'Syahrul Al Fatah', 'BDP', 'X BDP 1', '1001', '101'),
(1164310, 207964, 'WINDYANA HANDAYANI ', 'BDP', 'X BDP 1', '1001', '101'),
(1165735, 207966, 'ZAHRA FITRIA SETIAWAN', 'BDP', 'X BDP 1', '1001', '101'),
(1166328, 207967, 'ZAZA NUR ANGGRAINI', 'BDP', 'X BDP 1', '1001', '101'),
(1167160, 207798, 'ALIFA YULISA RAMADHILA', 'OTKP', 'X OTKP 1', '1001', '101'),
(1168455, 207799, 'ALYA SAFITRI', 'OTKP', 'X OTKP 1', '1001', '101'),
(1169867, 207800, 'AMANDA EKA MAULANA', 'OTKP', 'X OTKP 1', '1001', '101'),
(1170406, 207801, 'AMELIA ANANTA PRATIWI', 'OTKP', 'X OTKP 1', '1001', '101'),
(1171510, 207802, 'AMELIA FERNANDA TANURAHARDJA', 'OTKP', 'X OTKP 1', '1001', '101'),
(1172844, 207803, 'Amelia Ismawati', 'OTKP', 'X OTKP 1', '1001', '101'),
(1173675, 207805, 'ANITA MARISKA', 'OTKP', 'X OTKP 1', '1001', '101'),
(1174222, 207808, 'APSARINA LAJANA', 'OTKP', 'X OTKP 1', '1001', '101'),
(1175741, 207809, 'ARIELLA ANDINI', 'OTKP', 'X OTKP 1', '1001', '101'),
(1176502, 207811, 'AYARIKHA ASIYAH INDARDI', 'OTKP', 'X OTKP 1', '1001', '101'),
(1177572, 207812, 'AYU RAHMA AULIA', 'OTKP', 'X OTKP 1', '1001', '101'),
(1178207, 207813, 'AYU SEKAR WANGI', 'OTKP', 'X OTKP 1', '1001', '101'),
(1179377, 207814, 'CALYSTA MAHARANI', 'OTKP', 'X OTKP 1', '1001', '101'),
(1180517, 207815, 'Cindy Aulia Putri', 'OTKP', 'X OTKP 1', '1001', '101'),
(1181201, 207818, 'DEA ANANDA', 'OTKP', 'X OTKP 1', '1001', '101'),
(1182197, 207819, 'DEA MUTIARA', 'OTKP', 'X OTKP 1', '1001', '101'),
(1183870, 207820, 'DELIA PINKAN RAHMAWATI', 'OTKP', 'X OTKP 1', '1001', '101'),
(1184181, 207821, 'DEVA OKTAVIANA', 'OTKP', 'X OTKP 1', '1001', '101'),
(1185881, 207825, 'Elma Novia S', 'OTKP', 'X OTKP 1', '1001', '101'),
(1186489, 207828, 'FIRA RESTU HERDIANTI', 'OTKP', 'X OTKP 1', '1001', '101'),
(1187644, 207830, 'FITRIANI MARA', 'OTKP', 'X OTKP 1', '1001', '101'),
(1188705, 207836, 'JISCAVIA MAERANY', 'OTKP', 'X OTKP 1', '1001', '101'),
(1189207, 207837, 'JULIANA DWI PRATIWI', 'OTKP', 'X OTKP 1', '1001', '101'),
(1190444, 207838, 'JUWITA DE FRETES', 'OTKP', 'X OTKP 1', '1001', '101'),
(1191732, 207839, 'KHUSNUL MEY YANA PUTRI', 'OTKP', 'X OTKP 1', '1001', '101'),
(1192234, 207840, 'KRISTINA LUSIANA', 'OTKP', 'X OTKP 1', '1001', '101'),
(1193137, 207843, 'LULU ULI NUHA ALBANTANI', 'OTKP', 'X OTKP 1', '1001', '101'),
(1194644, 207844, 'MARIA OKTA STYA LINDA', 'OTKP', 'X OTKP 1', '1001', '101'),
(1195192, 207851, 'NISRINA FITRIA WIDHAH', 'OTKP', 'X OTKP 1', '1001', '101'),
(1196224, 207855, 'RAHMAWATI', 'OTKP', 'X OTKP 1', '1001', '101'),
(1197959, 207858, 'SABRINA AMALIA DEVINAYA', 'OTKP', 'X OTKP 1', '1001', '101'),
(1198849, 207859, 'Salfarani Putri', 'OTKP', 'X OTKP 1', '1001', '101'),
(1199178, 207861, 'SARI RAHMAWATI', 'OTKP', 'X OTKP 1', '1001', '101'),
(1200427, 207862, 'SELVIYANTI MUHSIN', 'OTKP', 'X OTKP 1', '1001', '101'),
(1201356, 207866, 'SITI AFSYOH TRININGTYAS', 'OTKP', 'X OTKP 1', '1001', '101'),
(1202774, 207865, 'Siti Febrianti', 'OTKP', 'X OTKP 1', '1001', '101'),
(1203396, 207867, 'SITI LESTARI', 'OTKP', 'X OTKP 1', '1001', '101'),
(1204688, 207870, 'SUCI SALVA AULIA', 'OTKP', 'X OTKP 1', '1001', '101'),
(1205312, 207871, 'SUCI WULAN DINI', 'OTKP', 'X OTKP 1', '1001', '101'),
(1206261, 207875, 'Tiara Rismayanti', 'OTKP', 'X OTKP 1', '1001', '101'),
(1207240, 207880, 'WIWID DWI RAHMAWATI', 'OTKP', 'X OTKP 1', '1001', '101'),
(1208137, 207883, 'YOSI GISELA NINGRUM', 'OTKP', 'X OTKP 1', '1001', '101'),
(1209987, 207884, 'Yuni Oktapiyana', 'OTKP', 'X OTKP 1', '1001', '101'),
(1210317, 207885, 'ZAHWA NABILA NATASYAWATI', 'OTKP', 'X OTKP 1', '1001', '101'),
(1211437, 207804, 'ANANDA PUTRI RAMADHANI', 'OTKP', 'X OTKP 2', '1001', '101'),
(1212664, 207806, 'ANNISA NUR HIDAYAH', 'OTKP', 'X OTKP 2', '1001', '101'),
(1213144, 207807, 'APRILLIA IRATUR', 'OTKP', 'X OTKP 2', '1001', '101'),
(1214691, 207810, 'Aulia Rahma', 'OTKP', 'X OTKP 2', '1001', '101'),
(1215685, 207816, 'CITRA AULIA SARI', 'OTKP', 'X OTKP 2', '1001', '101'),
(1216461, 207817, 'CLARA BENITA RAVELIA', 'OTKP', 'X OTKP 2', '1001', '101'),
(1217909, 207822, 'DESNITA PUTRI CANIAGO', 'OTKP', 'X OTKP 2', '1001', '101'),
(1218568, 207823, 'DIANA ROSANA', 'OTKP', 'X OTKP 2', '1001', '101'),
(1219794, 207824, 'DWI ANNJANY', 'OTKP', 'X OTKP 2', '1001', '101'),
(1220981, 207826, 'ELVIRA LUCIANA', 'OTKP', 'X OTKP 2', '1001', '101'),
(1221628, 207827, 'FIFI RESTU HERDIANTI', 'OTKP', 'X OTKP 2', '1001', '101'),
(1222328, 207829, 'FIRA SAHIRA', 'OTKP', 'X OTKP 2', '1001', '101'),
(1223766, 207832, 'HENTI AKILA MARWA', 'OTKP', 'X OTKP 2', '1001', '101'),
(1224597, 207831, 'HEREN ASHARIANTI', 'OTKP', 'X OTKP 2', '1001', '101'),
(1225115, 207833, 'INDAH YULITA AZIZ', 'OTKP', 'X OTKP 2', '1001', '101'),
(1226366, 207834, 'Intan Nur Maicha', 'OTKP', 'X OTKP 2', '1001', '101'),
(1227954, 207835, 'Irna Amelia Safitri', 'OTKP', 'X OTKP 2', '1001', '101'),
(1228903, 207841, 'KURNIA YULIANA SAPUTRI', 'OTKP', 'X OTKP 2', '1001', '101'),
(1229119, 207842, 'LINDA SAFITRI', 'OTKP', 'X OTKP 2', '1001', '101'),
(1230440, 207845, 'NADIA KHADIJA TEWU', 'OTKP', 'X OTKP 2', '1001', '101'),
(1231167, 207846, 'NAJWA ADELLA RAMADHANI', 'OTKP', 'X OTKP 2', '1001', '101'),
(1232236, 207847, 'NANDITA SALSABILA', 'OTKP', 'X OTKP 2', '1001', '101'),
(1233513, 207848, 'Nayla Khairunnisa', 'OTKP', 'X OTKP 2', '1001', '101'),
(1234285, 207849, 'NAYLA TASYA', 'OTKP', 'X OTKP 2', '1001', '101'),
(1235334, 207850, 'NAZWA HANIFAH', 'OTKP', 'X OTKP 2', '1001', '101'),
(1236764, 207852, 'NOVA SAFITRI', 'OTKP', 'X OTKP 2', '1001', '101'),
(1237529, 207853, 'Ovris Riyani', 'OTKP', 'X OTKP 2', '1001', '101'),
(1238685, 207854, 'Pipit Nurlaeli Alpitri', 'OTKP', 'X OTKP 2', '1001', '101'),
(1239908, 207856, 'RIDHA AMALIAH', 'OTKP', 'X OTKP 2', '1001', '101'),
(1240778, 207857, 'RIZKA NOVIYANTI', 'OTKP', 'X OTKP 2', '1001', '101'),
(1241906, 207860, 'SANTI MURJANI', 'OTKP', 'X OTKP 2', '1001', '101'),
(1242769, 207863, 'SEPTIANI RAHAYU', 'OTKP', 'X OTKP 2', '1001', '101'),
(1243123, 207864, 'SEVILA', 'OTKP', 'X OTKP 2', '1001', '101'),
(1244630, 207868, 'Siti Maisaroh', 'OTKP', 'X OTKP 2', '1001', '101'),
(1245192, 207869, 'SITI NUR HABIBAH', 'OTKP', 'X OTKP 2', '1001', '101'),
(1246645, 207872, 'SYADIAH NUR LATIFAH', 'OTKP', 'X OTKP 2', '1001', '101'),
(1247720, 207873, 'TASYA AMELIA', 'OTKP', 'X OTKP 2', '1001', '101'),
(1248829, 207874, 'THIFAL AZIZAH HARTANTI', 'OTKP', 'X OTKP 2', '1001', '101'),
(1249491, 207876, 'TIAYU', 'OTKP', 'X OTKP 2', '1001', '101'),
(1250634, 207877, 'ULPAH LEPIYANI', 'OTKP', 'X OTKP 2', '1001', '101'),
(1251264, 207878, 'VENDA FERNANDA', 'OTKP', 'X OTKP 2', '1001', '101'),
(1252870, 207879, 'WILDATUL FADILLAH', 'OTKP', 'X OTKP 2', '1001', '101'),
(1253433, 207881, 'WULAN SRI RAHAYU', 'OTKP', 'X OTKP 2', '1001', '101'),
(1254166, 207882, 'Yeni Rahmayanti', 'OTKP', 'X OTKP 2', '1001', '101'),
(1255413, 207579, 'ADAM WAHYYUDI', 'TKJ', 'X TKJ 1', '2002', '101'),
(1256423, 207586, 'AHMAD DANY', 'TKJ', 'X TKJ 1', '2002', '101'),
(1257476, 207592, 'ANGGA PRASETYA PUTRA', 'TKJ', 'X TKJ 1', '2002', '101'),
(1258694, 207593, 'ANGGA YOGA PRATAMA', 'TKJ', 'X TKJ 1', '2002', '101'),
(1259456, 207594, 'Anggi Alvianto', 'TKJ', 'X TKJ 1', '2002', '101'),
(1260739, 207595, 'ARDI PRASETIO', 'TKJ', 'X TKJ 1', '2002', '101'),
(1261925, 207596, 'ARI ARDIANSYAH', 'TKJ', 'X TKJ 1', '2002', '101'),
(1262917, 207598, 'ARIFIN', 'TKJ', 'X TKJ 1', '2002', '101'),
(1263270, 207599, 'Aris Bastyar', 'TKJ', 'X TKJ 1', '2002', '101'),
(1264670, 207600, 'ARYA ZULFIKAR', 'TKJ', 'X TKJ 1', '2002', '101'),
(1265432, 207601, 'BAYU FIRMANSYAH', 'TKJ', 'X TKJ 1', '2002', '101'),
(1266822, 207602, 'Bayu Setiawan', 'TKJ', 'X TKJ 1', '2002', '101'),
(1267912, 207603, 'CAHYA AJI SAPUTRA', 'TKJ', 'X TKJ 1', '2002', '101'),
(1268184, 207606, 'CORY INTAN AGUSTIN', 'TKJ', 'X TKJ 1', '2002', '101'),
(1269758, 207615, 'Dzaky Ramadhani', 'TKJ', 'X TKJ 1', '2002', '101'),
(1270303, 207621, 'ERIK JAJANG KURNIAWAN', 'TKJ', 'X TKJ 1', '2002', '101'),
(1271643, 207625, 'FAKHRUL DHAFI', 'TKJ', 'X TKJ 1', '2002', '101'),
(1272548, 207628, 'FERDIAN AHMAD RUDIANTO', 'TKJ', 'X TKJ 1', '2002', '101'),
(1273289, 207629, 'FERDIAN WIJAYA ALEXANDRA', 'TKJ', 'X TKJ 1', '2002', '101'),
(1274314, 207636, 'HARIS', 'TKJ', 'X TKJ 1', '2002', '101'),
(1275367, 207639, 'HERIXS HIDAYAT', 'TKJ', 'X TKJ 1', '2002', '101'),
(1276195, 207642, 'Immanuel Tamando Maso', 'TKJ', 'X TKJ 1', '2002', '101'),
(1277827, 207644, 'Justin Valentino Warouw', 'TKJ', 'X TKJ 1', '2002', '101'),
(1278138, 207645, 'KELVIN AMANDO ERAWAN', 'TKJ', 'X TKJ 1', '2002', '101'),
(1279249, 207651, 'Mimin Winata', 'TKJ', 'X TKJ 1', '2002', '101'),
(1280229, 207664, 'MOHAMMAD KHOIRUL YANI', 'TKJ', 'X TKJ 1', '2002', '101'),
(1281836, 207656, 'MUHAMAD REZA ANDRIAN', 'TKJ', 'X TKJ 1', '2002', '101'),
(1282397, 207659, 'MUHAMMAD CAVAN HIZAM', 'TKJ', 'X TKJ 1', '2002', '101'),
(1283246, 207662, 'Muhammad Gusti Razan', 'TKJ', 'X TKJ 1', '2002', '101'),
(1284402, 207663, 'Muhammad Hasnul Arifin', 'TKJ', 'X TKJ 1', '2002', '101'),
(1285724, 207669, 'MUHAMMAD SIROJUDDIN GHOZALI', 'TKJ', 'X TKJ 1', '2002', '101'),
(1286660, 207672, 'NASHRULLOH FIRDAUS', 'TKJ', 'X TKJ 1', '2002', '101'),
(1287220, 207674, 'NICHOLLA MULQI BARBAROSSA', 'TKJ', 'X TKJ 1', '2002', '101'),
(1288787, 207678, 'QALAM RAYDATHUL SABANI', 'TKJ', 'X TKJ 1', '2002', '101'),
(1289590, 207683, 'RAYNOR SANJIA ANDHIKAFATA', 'TKJ', 'X TKJ 1', '2002', '101'),
(1290644, 207690, 'RIZAL MAULANA', 'TKJ', 'X TKJ 1', '2002', '101'),
(1291979, 207695, 'SHEVA SEPTANIO', 'TKJ', 'X TKJ 1', '2002', '101'),
(1292981, 207696, 'SOPIYAN', 'TKJ', 'X TKJ 1', '2002', '101'),
(1293991, 207697, 'SUGENG DWI WALUYO', 'TKJ', 'X TKJ 1', '2002', '101'),
(1294168, 207700, 'SYAHRUL HANAVI', 'TKJ', 'X TKJ 1', '2002', '101'),
(1295547, 207706, 'WILLYANSYAH', 'TKJ', 'X TKJ 1', '2002', '101'),
(1296523, 207707, 'YOHANES SETIAWAN', 'TKJ', 'X TKJ 1', '2002', '101'),
(1297861, 207708, 'YUDHA SEPTYAN', 'TKJ', 'X TKJ 1', '2002', '101'),
(1298384, 207709, 'ZODI PRASTIYO', 'TKJ', 'X TKJ 1', '2002', '101'),
(1299833, 207578, 'Abdul Rahman', 'TKJ', 'X TKJ 2', '2002', '101'),
(1300974, 207582, 'AFIF PRASETYO', 'TKJ', 'X TKJ 2', '2002', '101'),
(1301955, 207583, 'AGUNG MAULANA FEBRIYANTO', 'TKJ', 'X TKJ 2', '2002', '101'),
(1302378, 207597, 'ARIF', 'TKJ', 'X TKJ 2', '2002', '101'),
(1303959, 207604, 'CANDRA AGUS NUGROHO', 'TKJ', 'X TKJ 2', '2002', '101'),
(1304399, 207605, 'CARLOS LEONARDO', 'TKJ', 'X TKJ 2', '2002', '101'),
(1305876, 207607, 'DENDI ZAKARIA', 'TKJ', 'X TKJ 2', '2002', '101'),
(1306725, 207608, 'DENDY CAHYOKO', 'TKJ', 'X TKJ 2', '2002', '101'),
(1307544, 207610, 'DICKY FADILAH', 'TKJ', 'X TKJ 2', '2002', '101'),
(1308948, 207612, 'DIMAS ADI SAPUTRA', 'TKJ', 'X TKJ 2', '2002', '101'),
(1309984, 207614, 'DUWI AMAL MAULIDA AKSAN', 'TKJ', 'X TKJ 2', '2002', '101'),
(1310197, 207622, 'ERWIN OKTAVIANTO', 'TKJ', 'X TKJ 2', '2002', '101'),
(1311654, 207623, 'FACHRUL RAMADHAN', 'TKJ', 'X TKJ 2', '2002', '101'),
(1312882, 207626, 'FAUZI ABDUL AZIZ', 'TKJ', 'X TKJ 2', '2002', '101'),
(1313122, 207630, 'GALIH ADIVA PRATAMA PUTRA', 'TKJ', 'X TKJ 2', '2002', '101'),
(1314322, 207634, 'HAERUL ANGGA', 'TKJ', 'X TKJ 2', '2002', '101'),
(1315895, 207637, 'HARRY RIVALDY', 'TKJ', 'X TKJ 2', '2002', '101'),
(1316247, 207648, 'MOHAMAD RAGIL ADITYA PUTRA', 'TKJ', 'X TKJ 2', '2002', '101'),
(1317400, 207661, 'MOHAMMAD FARHAN', 'TKJ', 'X TKJ 2', '2002', '101'),
(1318240, 207653, 'MOHAMMAD HADI WIJAYA', 'TKJ', 'X TKJ 2', '2002', '101'),
(1319526, 207658, 'MUHAMMAD AFRIZAL', 'TKJ', 'X TKJ 2', '2002', '101'),
(1320377, 207660, 'MUHAMMAD DARMA ILLAHI', 'TKJ', 'X TKJ 2', '2002', '101'),
(1321741, 207665, 'MUHAMMAD PIRMANSAH PUTRA RAGIL ', 'TKJ', 'X TKJ 2', '2002', '101'),
(1322136, 207666, 'Muhammad Rafandi', 'TKJ', 'X TKJ 2', '2002', '101'),
(1323817, 207668, 'MUHAMMAD RIDWAN', 'TKJ', 'X TKJ 2', '2002', '101'),
(1324804, 207650, 'Muhammad Vincen Ramadhan', 'TKJ', 'X TKJ 2', '2002', '101'),
(1325320, 207671, 'Najib Dzannur', 'TKJ', 'X TKJ 2', '2002', '101'),
(1326967, 207676, 'PERDANA ANDRE SETIAWAN', 'TKJ', 'X TKJ 2', '2002', '101'),
(1327384, 207677, 'PUTRA SURYA PRATAMA', 'TKJ', 'X TKJ 2', '2002', '101'),
(1328695, 207679, 'RACHMAN GANIE', 'TKJ', 'X TKJ 2', '2002', '101'),
(1329502, 207682, 'RAIHAN MUHAMMAD AKBAR', 'TKJ', 'X TKJ 2', '2002', '101'),
(1330393, 207684, 'Rehandika Bayu Maarif', 'TKJ', 'X TKJ 2', '2002', '101'),
(1331754, 207687, 'RENO PRIANDANA', 'TKJ', 'X TKJ 2', '2002', '101'),
(1332184, 207688, 'REVAN OKTAGIAS RAMADHAN', 'TKJ', 'X TKJ 2', '2002', '101'),
(1333975, 207689, 'RIAN MAULANA', 'TKJ', 'X TKJ 2', '2002', '101'),
(1334946, 207691, 'ROSITA ARYANINGSIH', 'TKJ', 'X TKJ 2', '2002', '101'),
(1335145, 207693, 'SAHRUL ALAM', 'TKJ', 'X TKJ 2', '2002', '101'),
(1336191, 207692, 'SAIPUL ALI', 'TKJ', 'X TKJ 2', '2002', '101'),
(1337425, 207694, 'Satria Wahyu Ramadhan ', 'TKJ', 'X TKJ 2', '2002', '101'),
(1338407, 207698, 'SUTINAH', 'TKJ', 'X TKJ 2', '2002', '101'),
(1339203, 207699, 'SYAHRIEZA BAGUS WIDIYANTO', 'TKJ', 'X TKJ 2', '2002', '101'),
(1340451, 207702, 'TEGAR CAHYA PUTRA', 'TKJ', 'X TKJ 2', '2002', '101'),
(1341699, 207704, 'Ulumuddin Adji Pamungkas', 'TKJ', 'X TKJ 2', '2002', '101'),
(1342173, 207580, 'ADIS MAULANA', 'TKJ', 'X TKJ 3', '2002', '101'),
(1343355, 207581, 'ADITTIA DWI SAPUTRA', 'TKJ', 'X TKJ 3', '2002', '101'),
(1344818, 207584, 'AGUNG PRASETYO NUGROHO', 'TKJ', 'X TKJ 3', '2002', '101'),
(1345791, 207585, 'AGUS KHOLIFUDIN', 'TKJ', 'X TKJ 3', '2002', '101'),
(1346173, 207587, 'AHMAD RIPAI', 'TKJ', 'X TKJ 3', '2002', '101'),
(1347342, 207588, 'AJI PRASSETYO', 'TKJ', 'X TKJ 3', '2002', '101'),
(1348228, 207589, 'ALTHAF NUR ASEGAF', 'TKJ', 'X TKJ 3', '2002', '101'),
(1349334, 207590, 'ANANG RAMADHAN', 'TKJ', 'X TKJ 3', '2002', '101'),
(1350680, 207591, 'ANDI FIRMANSYAH', 'TKJ', 'X TKJ 3', '2002', '101'),
(1351436, 207609, 'Dewi Rizki Niluardani', 'TKJ', 'X TKJ 3', '2002', '101'),
(1352325, 207611, 'DIMAS BUDI RIYANTO', 'TKJ', 'X TKJ 3', '2002', '101'),
(1353476, 207613, 'DION MOHAMAD BARUNA', 'TKJ', 'X TKJ 3', '2002', '101'),
(1354215, 207616, 'DZAKY ZAHRAN', 'TKJ', 'X TKJ 3', '2002', '101'),
(1355267, 207617, 'EGA PRATAMA', 'TKJ', 'X TKJ 3', '2002', '101'),
(1356309, 207619, 'EKY FERDIANSYAH', 'TKJ', 'X TKJ 3', '2002', '101'),
(1357142, 207620, 'ERI PUTRA PRATAMA', 'TKJ', 'X TKJ 3', '2002', '101'),
(1358895, 207624, 'FAJAR DWI HARTADI', 'TKJ', 'X TKJ 3', '2002', '101'),
(1359224, 207627, 'FEBI DWI SULISTIADI', 'TKJ', 'X TKJ 3', '2002', '101'),
(1360319, 207631, 'GIANLUIGI FADHIL MUSTAQIM', 'TKJ', 'X TKJ 3', '2002', '101'),
(1361506, 207632, 'GILANG DIAN SAPUTRA', 'TKJ', 'X TKJ 3', '2002', '101'),
(1362136, 207633, 'GIN GIN', 'TKJ', 'X TKJ 3', '2002', '101'),
(1363436, 207635, 'HAQI MAULANA', 'TKJ', 'X TKJ 3', '2002', '101'),
(1364342, 207638, 'Hasrin Abdul Laji', 'TKJ', 'X TKJ 3', '2002', '101'),
(1365596, 207640, 'I MADE ANTONI', 'TKJ', 'X TKJ 3', '2002', '101'),
(1366680, 207641, 'IAN SAPUTRA', 'TKJ', 'X TKJ 3', '2002', '101'),
(1367912, 207643, 'JANUAR BAGUS WIBOWO', 'TKJ', 'X TKJ 3', '2002', '101'),
(1368599, 207646, 'KUKUH ANGGER MAHARGYO', 'TKJ', 'X TKJ 3', '2002', '101'),
(1369955, 207647, 'LAKSAMANA PUTRA', 'TKJ', 'X TKJ 3', '2002', '101'),
(1370944, 207654, 'MOH ALDI NIRWANSYAH', 'TKJ', 'X TKJ 3', '2002', '101'),
(1371801, 207652, 'MOHAMAD HARYONO', 'TKJ', 'X TKJ 3', '2002', '101'),
(1372702, 207655, 'MUHAMAD ALBAR ALAMSYAH', 'TKJ', 'X TKJ 3', '2002', '101'),
(1373662, 207657, 'MUHAMAD RYAN HARDIANSYAH', 'TKJ', 'X TKJ 3', '2002', '101'),
(1374223, 207649, 'MUHAMAD SABLIK MBIPI', 'TKJ', 'X TKJ 3', '2002', '101'),
(1375524, 207667, 'MUHAMMAD RAFLI', 'TKJ', 'X TKJ 3', '2002', '101'),
(1376237, 207670, 'Muhammad Tio', 'TKJ', 'X TKJ 3', '2002', '101'),
(1377654, 207673, 'NENDI', 'TKJ', 'X TKJ 3', '2002', '101'),
(1378853, 207675, 'NOVAL TRI HARYANTO', 'TKJ', 'X TKJ 3', '2002', '101'),
(1379286, 207680, 'RAFAEL MULIA ALFAHDI', 'TKJ', 'X TKJ 3', '2002', '101'),
(1380161, 207681, 'RAGIL PANGESTU', 'TKJ', 'X TKJ 3', '2002', '101'),
(1381788, 207685, 'RENDI SAPUTRA', 'TKJ', 'X TKJ 3', '2002', '101'),
(1382642, 207686, 'Reni Nuraeni', 'TKJ', 'X TKJ 3', '2002', '101'),
(1383467, 207701, 'TEGAR', 'TKJ', 'X TKJ 3', '2002', '101'),
(1384493, 207703, 'TRI PUTRA AFRIANSYAH', 'TKJ', 'X TKJ 3', '2002', '101'),
(1385459, 207705, 'WIDDIYA BAGUS ENDANG WINARYO', 'TKJ', 'X TKJ 3', '2002', '101'),
(1386878, 197336, 'ABDUL WAHID', 'AKL', 'XI AKL 1', '3003', '101'),
(1387608, 197337, 'ACHMAD IRFAN SHOLAHUDDIN', 'AKL', 'XI AKL 1', '3003', '101'),
(1388783, 197338, 'Agus Arbain Mahmud', 'AKL', 'XI AKL 1', '3003', '101'),
(1389693, 197340, 'ANGEL', 'AKL', 'XI AKL 1', '3003', '101'),
(1390628, 197341, 'ANTIKA SARI', 'AKL', 'XI AKL 1', '3003', '101'),
(1391676, 197343, 'Aulia Fitri', 'AKL', 'XI AKL 1', '3003', '101'),
(1392323, 197347, 'DEVI YULIANTI', 'AKL', 'XI AKL 1', '3003', '101'),
(1393720, 197348, 'DEWI NOPITA SARI', 'AKL', 'XI AKL 1', '3003', '101'),
(1394452, 197349, 'DEWI WULAN SARI', 'AKL', 'XI AKL 1', '3003', '101'),
(1395484, 197350, 'Diana Pungky', 'AKL', 'XI AKL 1', '3003', '101'),
(1396426, 197351, 'Diaz Adrian Praja', 'AKL', 'XI AKL 1', '3003', '101'),
(1397452, 197353, 'FITRI RAMADANI', 'AKL', 'XI AKL 1', '3003', '101'),
(1398774, 197354, 'INDRA', 'AKL', 'XI AKL 1', '3003', '101'),
(1399233, 197356, 'JELITA HANDIANI', 'AKL', 'XI AKL 1', '3003', '101'),
(1400729, 197358, 'Khairunisa Apriandini', 'AKL', 'XI AKL 1', '3003', '101'),
(1401307, 197359, 'LAILA AFRIYANTI', 'AKL', 'XI AKL 1', '3003', '101'),
(1402709, 197360, 'LAURA WANDA PUTRI', 'AKL', 'XI AKL 1', '3003', '101'),
(1403433, 197363, 'LISNAWATI', 'AKL', 'XI AKL 1', '3003', '101'),
(1404403, 197366, 'Marni', 'AKL', 'XI AKL 1', '3003', '101'),
(1405296, 197371, 'MICO RAMDANI SYAHRULTIAS', 'AKL', 'XI AKL 1', '3003', '101'),
(1406592, 197372, 'MUHAMMAD ARIF', 'AKL', 'XI AKL 1', '3003', '101'),
(1407586, 197376, 'MUHAMMAD RAFI', 'AKL', 'XI AKL 1', '3003', '101'),
(1408292, 197377, 'MUHAMMAD RIZKY', 'AKL', 'XI AKL 1', '3003', '101'),
(1409976, 197378, 'MUHHAMAD SATRIO', 'AKL', 'XI AKL 1', '3003', '101'),
(1410420, 197381, 'NG EK HOT', 'AKL', 'XI AKL 1', '3003', '101'),
(1411743, 197385, 'OKTAVIA NENGSIH', 'AKL', 'XI AKL 1', '3003', '101'),
(1412918, 197386, 'PEGGY FITRIANI NURDIN', 'AKL', 'XI AKL 1', '3003', '101'),
(1413983, 197387, 'PUTRI FEBRIANI', 'AKL', 'XI AKL 1', '3003', '101'),
(1414446, 197388, 'PUTRI MAISAROH', 'AKL', 'XI AKL 1', '3003', '101'),
(1415681, 197389, 'PUTRI MIRANTI', 'AKL', 'XI AKL 1', '3003', '101'),
(1416441, 197390, 'RICKO ADI SAPUTRA', 'AKL', 'XI AKL 1', '3003', '101'),
(1417279, 197391, 'RIKA TRI UTAMI', 'AKL', 'XI AKL 1', '3003', '101'),
(1418472, 197394, 'SELVYA ARYANTI', 'AKL', 'XI AKL 1', '3003', '101'),
(1419365, 197396, 'SHINTYA AULIA PUTRI NABILA', 'AKL', 'XI AKL 1', '3003', '101'),
(1420868, 197401, 'SITI NAZWATUN NISA', 'AKL', 'XI AKL 1', '3003', '101'),
(1421462, 197402, 'SITI NURIKA RAHIM', 'AKL', 'XI AKL 1', '3003', '101'),
(1422498, 197403, 'SITI SADIYAH', 'AKL', 'XI AKL 1', '3003', '101'),
(1423790, 197408, 'TRIYANA MUKTI', 'AKL', 'XI AKL 1', '3003', '101'),
(1424657, 197410, 'VENUS SINTYA RAHAYU', 'AKL', 'XI AKL 1', '3003', '101'),
(1425804, 197412, 'WIDYA MAHARANI WISNU PUTRI', 'AKL', 'XI AKL 1', '3003', '101'),
(1426624, 197414, 'YUSUF KURNIA', 'AKL', 'XI AKL 1', '3003', '101'),
(1427992, 197339, 'AKBAR KUSUMA WIJAYA', 'AKL', 'XI AKL 2', '3003', '101'),
(1428947, 197344, 'CHANDRA PUTRA DARMAWAN', 'AKL', 'XI AKL 2', '3003', '101'),
(1429532, 197345, 'DELA AMELIA DWI SAPUTRI', 'AKL', 'XI AKL 2', '3003', '101'),
(1430890, 197352, 'DWI LIA NOVITA', 'AKL', 'XI AKL 2', '3003', '101'),
(1431408, 197355, 'INSANI METASARI', 'AKL', 'XI AKL 2', '3003', '101'),
(1432560, 197361, 'Lina Nofitasari', 'AKL', 'XI AKL 2', '3003', '101'),
(1433938, 197362, 'LINDA CHANIAGO', 'AKL', 'XI AKL 2', '3003', '101'),
(1434956, 197364, 'MAHARANI ANANDA PUTRI FIRDAUS', 'AKL', 'XI AKL 2', '3003', '101'),
(1435735, 197365, 'MARINI NUROHMA', 'AKL', 'XI AKL 2', '3003', '101'),
(1436700, 197368, 'MEGA AFIANI', 'AKL', 'XI AKL 2', '3003', '101'),
(1437352, 197369, 'MELDA', 'AKL', 'XI AKL 2', '3003', '101'),
(1438362, 197370, 'MELVINA FARADILLA', 'AKL', 'XI AKL 2', '3003', '101'),
(1439312, 197373, 'MUHAMAD HASBI ASHIDIQI', 'AKL', 'XI AKL 2', '3003', '101'),
(1440399, 197374, 'MUHAMMAD BAYU SANJAYA', 'AKL', 'XI AKL 2', '3003', '101'),
(1441239, 197375, 'MUHAMMAD FARHAN DWINANTO', 'AKL', 'XI AKL 2', '3003', '101'),
(1442982, 197379, 'NABILATUN ALFIAH', 'AKL', 'XI AKL 2', '3003', '101'),
(1443256, 197380, 'NELA DESTRIANA DEWI', 'AKL', 'XI AKL 2', '3003', '101'),
(1444735, 197382, 'NINA NURCAHYATI', 'AKL', 'XI AKL 2', '3003', '101'),
(1445392, 197383, 'NUR AHMAD KHAIRI', 'AKL', 'XI AKL 2', '3003', '101'),
(1446344, 197384, 'Nur Rohimah', 'AKL', 'XI AKL 2', '3003', '101'),
(1447369, 197392, 'Rinni Maspupah', 'AKL', 'XI AKL 2', '3003', '101'),
(1448414, 197393, 'RISMA KURNIAWATI', 'AKL', 'XI AKL 2', '3003', '101'),
(1449790, 197395, 'Seviana Eka Saputri', 'AKL', 'XI AKL 2', '3003', '101'),
(1450229, 197397, 'Sifa Nur Fauziah', 'AKL', 'XI AKL 2', '3003', '101'),
(1451509, 197398, 'SILVI ATNADINATA', 'AKL', 'XI AKL 2', '3003', '101'),
(1452774, 197399, 'SILVIA ANGGREANI', 'AKL', 'XI AKL 2', '3003', '101'),
(1453853, 197400, 'SITI HODIJAH', 'AKL', 'XI AKL 2', '3003', '101'),
(1454870, 197404, 'SOFIATUN NUFUS', 'AKL', 'XI AKL 2', '3003', '101'),
(1455273, 197405, 'SUCI NOVITA SARI', 'AKL', 'XI AKL 2', '3003', '101'),
(1456449, 197406, 'Suwanah', 'AKL', 'XI AKL 2', '3003', '101'),
(1457686, 197409, 'UUN NAFIA', 'AKL', 'XI AKL 2', '3003', '101'),
(1458683, 197411, 'VIVIT NUR INDASARI', 'AKL', 'XI AKL 2', '3003', '101'),
(1459567, 197413, 'WULAN NUR OKTAVIANI', 'AKL', 'XI AKL 2', '3003', '101'),
(1460658, 197415, 'ZERY HERMAWAN', 'AKL', 'XI AKL 2', '3003', '101'),
(1461605, 197416, 'ZILVI BADRI AULIAH', 'AKL', 'XI AKL 2', '3003', '101'),
(1462191, 197498, 'ABDULLAH NURHALIM', 'BDP', 'XI BDP 1', '3003', '101'),
(1463650, 197499, 'ABELIA AGUSTIN', 'BDP', 'XI BDP 1', '3003', '101'),
(1464722, 197503, 'AHMAD DENI', 'BDP', 'XI BDP 1', '3003', '101'),
(1465473, 197507, 'ANANDA BUDI SUSANTO', 'BDP', 'XI BDP 1', '3003', '101'),
(1466905, 197508, 'ARIEL OCTAREZA', 'BDP', 'XI BDP 1', '3003', '101'),
(1467616, 197509, 'ARIN DWI ALIANI', 'BDP', 'XI BDP 1', '3003', '101'),
(1468220, 197510, 'ARYA BAYU NUR ICHSAN', 'BDP', 'XI BDP 1', '3003', '101'),
(1469759, 197513, 'DANDI SAPUTRA', 'BDP', 'XI BDP 1', '3003', '101'),
(1470674, 197514, 'DEVI AVIELE', 'BDP', 'XI BDP 1', '3003', '101'),
(1471163, 197515, 'Devi Melia Utari', 'BDP', 'XI BDP 1', '3003', '101'),
(1472157, 197521, 'FITRI NURMAZIYAH', 'BDP', 'XI BDP 1', '3003', '101'),
(1473747, 197522, 'GUFRON AZIS', 'BDP', 'XI BDP 1', '3003', '101'),
(1474592, 197525, 'IWAN SANTOSO', 'BDP', 'XI BDP 1', '3003', '101'),
(1475624, 197526, 'Jessy Apriliani', 'BDP', 'XI BDP 1', '3003', '101'),
(1476152, 197530, 'M. Putra Erlangga', 'BDP', 'XI BDP 1', '3003', '101'),
(1477636, 197532, 'Marshel Mahendra', 'BDP', 'XI BDP 1', '3003', '101'),
(1478670, 197529, 'Mohammad Ikmal Maulana', 'BDP', 'XI BDP 1', '3003', '101'),
(1479974, 197534, 'MUHAMAD RIZKI', 'BDP', 'XI BDP 1', '3003', '101'),
(1480806, 197536, 'MUHAMMAD EQI SAPUTRA', 'BDP', 'XI BDP 1', '3003', '101'),
(1481339, 197533, 'MUHAMMAD KHAERUL BAHRI', 'BDP', 'XI BDP 1', '3003', '101'),
(1482849, 197542, 'Najwa Nur Kariem', 'BDP', 'XI BDP 1', '3003', '101'),
(1483111, 197543, 'Nilan Iriyanti', 'BDP', 'XI BDP 1', '3003', '101'),
(1484416, 197544, 'Noni Oktaviani', 'BDP', 'XI BDP 1', '3003', '101'),
(1485861, 197546, 'Pratama Zinedine Yazid Zidane', 'BDP', 'XI BDP 1', '3003', '101'),
(1486534, 197547, 'RAIHAN AHMAD ELIA', 'BDP', 'XI BDP 1', '3003', '101'),
(1487537, 197549, 'RAJA DIKA PRAYOGA', 'BDP', 'XI BDP 1', '3003', '101'),
(1488299, 197550, 'RAMSES GOZALI', 'BDP', 'XI BDP 1', '3003', '101'),
(1489895, 197551, 'RANGGA RAYA SAFAAT', 'BDP', 'XI BDP 1', '3003', '101'),
(1490974, 197553, 'REZA FIRMANSJAH', 'BDP', 'XI BDP 1', '3003', '101'),
(1491914, 197554, 'RIAN IRAWAN', 'BDP', 'XI BDP 1', '3003', '101'),
(1492564, 197559, 'RISMATU ZAHRA', 'BDP', 'XI BDP 1', '3003', '101'),
(1493942, 197569, 'TRIO ANDIKA', 'BDP', 'XI BDP 1', '3003', '101'),
(1494997, 197570, 'Verdi Putra Satria', 'BDP', 'XI BDP 1', '3003', '101'),
(1495900, 197572, 'WULAN CAHYANI', 'BDP', 'XI BDP 1', '3003', '101'),
(1496854, 197574, 'Yoga Dwi Prasetyo', 'BDP', 'XI BDP 1', '3003', '101'),
(1497875, 197576, 'Yunita Adetia Saputri', 'BDP', 'XI BDP 1', '3003', '101'),
(1498585, 197500, 'Achmad Alfie Sadan Widodo', 'BDP', 'XI BDP 2', '3003', '101'),
(1499489, 197501, 'ADI PUTRA', 'BDP', 'XI BDP 2', '3003', '101'),
(1500188, 197504, 'Aliyah Maisuni', 'BDP', 'XI BDP 2', '3003', '101'),
(1501518, 197505, 'ALYA SAFA KAMILA', 'BDP', 'XI BDP 2', '3003', '101'),
(1502645, 197506, 'AMALIA SYAMSIATI ALIFAH', 'BDP', 'XI BDP 2', '3003', '101'),
(1503680, 197511, 'Ayu Andriani', 'BDP', 'XI BDP 2', '3003', '101'),
(1504903, 197512, 'BAGAS SUKMO', 'BDP', 'XI BDP 2', '3003', '101'),
(1505440, 197518, 'FAIZAH PUTRI AULIA', 'BDP', 'XI BDP 2', '3003', '101'),
(1506249, 197519, 'FANDI SAPUTRA', 'BDP', 'XI BDP 2', '3003', '101'),
(1507784, 197520, 'FIORELLA RAISYA ERVANI', 'BDP', 'XI BDP 2', '3003', '101'),
(1508595, 197523, 'Habil Pratama', 'BDP', 'XI BDP 2', '3003', '101'),
(1509278, 197524, 'INDRA RUKMANA', 'BDP', 'XI BDP 2', '3003', '101'),
(1510975, 197527, 'JULAEHA', 'BDP', 'XI BDP 2', '3003', '101'),
(1511403, 197528, 'Kevin Afizeno', 'BDP', 'XI BDP 2', '3003', '101'),
(1512492, 197531, 'MAHESA GENTA SAKAWAYANA', 'BDP', 'XI BDP 2', '3003', '101'),
(1513953, 197535, 'MUHAMAD WILDAN RAMADHAN', 'BDP', 'XI BDP 2', '3003', '101'),
(1514702, 197537, 'MUHAMMAD FADIL', 'BDP', 'XI BDP 2', '3003', '101'),
(1515125, 197538, 'MUHAMMAD FARHAN MAULANA', 'BDP', 'XI BDP 2', '3003', '101'),
(1516556, 197539, 'MUHAMMAD JIHAR ADIB', 'BDP', 'XI BDP 2', '3003', '101'),
(1517190, 197545, 'Nur Rizkiyah', 'BDP', 'XI BDP 2', '3003', '101'),
(1518149, 197548, 'RAISAH NURUL AMIN', 'BDP', 'XI BDP 2', '3003', '101'),
(1519451, 197552, 'RAYNANDA DEWATA', 'BDP', 'XI BDP 2', '3003', '101'),
(1520893, 197555, 'RIDHO FIRMAN SYACH', 'BDP', 'XI BDP 2', '3003', '101'),
(1521603, 197556, 'Rifky Akbar Abdullah', 'BDP', 'XI BDP 2', '3003', '101'),
(1522511, 197557, 'RISKA', 'BDP', 'XI BDP 2', '3003', '101'),
(1523749, 197558, 'RISKA NURUL FADILAH', 'BDP', 'XI BDP 2', '3003', '101'),
(1524964, 197560, 'Rosa Widiya Amaliah', 'BDP', 'XI BDP 2', '3003', '101'),
(1525268, 197562, 'SAGDA MAHENDRA', 'BDP', 'XI BDP 2', '3003', '101'),
(1526390, 197563, 'SELBY AYU ALZAHRA', 'BDP', 'XI BDP 2', '3003', '101'),
(1527285, 197565, 'Silvia', 'BDP', 'XI BDP 2', '3003', '101'),
(1528965, 197566, 'SITI MAYANGSARI RAHMADANI', 'BDP', 'XI BDP 2', '3003', '101'),
(1529946, 197567, 'SITI NUR NABILLA', 'BDP', 'XI BDP 2', '3003', '101'),
(1530645, 197568, 'TEGAR SAPUTRA', 'BDP', 'XI BDP 2', '3003', '101'),
(1531467, 197407, 'Tommy Yuscandra', 'BDP', 'XI BDP 2', '3003', '101'),
(1532254, 197575, 'YULIANTI', 'BDP', 'XI BDP 2', '3003', '101'),
(1533721, 197577, 'ZAKI AKBAR WIJAYANTO', 'BDP', 'XI BDP 2', '3003', '101'),
(1534712, 197420, 'AMELIA OKTAVIANI', 'OTKP', 'XI OTKP 1', '3003', '101'),
(1535905, 197421, 'AMELIA SHADIYAH', 'OTKP', 'XI OTKP 1', '3003', '101'),
(1536635, 197422, 'ARDELIA SALSABILA', 'OTKP', 'XI OTKP 1', '3003', '101'),
(1537483, 197423, 'ARINI', 'OTKP', 'XI OTKP 1', '3003', '101'),
(1538817, 197424, 'Audi Valentina', 'OTKP', 'XI OTKP 1', '3003', '101'),
(1539237, 197425, 'AYU LESTARI', 'OTKP', 'XI OTKP 1', '3003', '101'),
(1540581, 197428, 'Dara Wardhani', 'OTKP', 'XI OTKP 1', '3003', '101'),
(1541885, 197429, 'DEDE ARUM SARI', 'OTKP', 'XI OTKP 1', '3003', '101'),
(1542465, 197430, 'DEVI NUR AFRILIA', 'OTKP', 'XI OTKP 1', '3003', '101'),
(1543965, 197432, 'DEWITA CAHYANI', 'OTKP', 'XI OTKP 1', '3003', '101'),
(1544506, 197435, 'DIAN PATRIANI', 'OTKP', 'XI OTKP 1', '3003', '101'),
(1545482, 197437, 'DINA NOVITA', 'OTKP', 'XI OTKP 1', '3003', '101'),
(1546512, 197438, 'Dinii Aditia Putri Lubis', 'OTKP', 'XI OTKP 1', '3003', '101'),
(1547344, 197440, 'EKA YULIA SARI', 'OTKP', 'XI OTKP 1', '3003', '101'),
(1548725, 197441, 'Ersanda Aprilia', 'OTKP', 'XI OTKP 1', '3003', '101'),
(1549441, 197442, 'FADIANA', 'OTKP', 'XI OTKP 1', '3003', '101'),
(1550475, 197444, 'ICHA RAHMA NOVITASARI', 'OTKP', 'XI OTKP 1', '3003', '101'),
(1551932, 197445, 'Ismi Syalina Hidayat', 'OTKP', 'XI OTKP 1', '3003', '101'),
(1552466, 197446, 'JESI HAFILLAH', 'OTKP', 'XI OTKP 1', '3003', '101'),
(1553411, 197447, 'JULIA LESTARI', 'OTKP', 'XI OTKP 1', '3003', '101'),
(1554460, 197449, 'KEKE NURKHOLIFAH', 'OTKP', 'XI OTKP 1', '3003', '101'),
(1555189, 197451, 'KOLIF MULYANI', 'OTKP', 'XI OTKP 1', '3003', '101'),
(1556494, 197452, 'LUVIYANTI', 'OTKP', 'XI OTKP 1', '3003', '101'),
(1557270, 197455, 'MARS WINDA AGUSTIN', 'OTKP', 'XI OTKP 1', '3003', '101'),
(1558778, 197456, 'Maulida Azkia', 'OTKP', 'XI OTKP 1', '3003', '101'),
(1559131, 197459, 'Mellida Devitasari', 'OTKP', 'XI OTKP 1', '3003', '101'),
(1560215, 197461, 'NADILA RISCHA HIDAYAT', 'OTKP', 'XI OTKP 1', '3003', '101'),
(1561675, 197464, 'NESSA APRILA ROSA', 'OTKP', 'XI OTKP 1', '3003', '101'),
(1562453, 197468, 'Oktaviana', 'OTKP', 'XI OTKP 1', '3003', '101'),
(1563594, 197469, 'PATRICIA OLIVIA BUBANE', 'OTKP', 'XI OTKP 1', '3003', '101'),
(1564543, 197472, 'Reza Thalia Salsabila', 'OTKP', 'XI OTKP 1', '3003', '101'),
(1565415, 197475, 'RISNA JUENDANG', 'OTKP', 'XI OTKP 1', '3003', '101'),
(1566687, 197477, 'Ros Setiawati', 'OTKP', 'XI OTKP 1', '3003', '101'),
(1567594, 197478, 'Rosyana Nurani', 'OTKP', 'XI OTKP 1', '3003', '101'),
(1568960, 197480, 'SASKIA ALIYA ZAHRA', 'OTKP', 'XI OTKP 1', '3003', '101'),
(1569700, 197482, 'SINTA ARYANA WENDARI', 'OTKP', 'XI OTKP 1', '3003', '101'),
(1570670, 197485, 'Supriyana', 'OTKP', 'XI OTKP 1', '3003', '101'),
(1571350, 197488, 'TIARA HENDITA PUTRI', 'OTKP', 'XI OTKP 1', '3003', '101'),
(1572632, 197491, 'VERONICA PATRICIA', 'OTKP', 'XI OTKP 1', '3003', '101'),
(1573700, 197493, 'WULAN SUCI FITRIANI', 'OTKP', 'XI OTKP 1', '3003', '101'),
(1574692, 197496, 'ZAHRA WAHYU TRIANDINI', 'OTKP', 'XI OTKP 1', '3003', '101'),
(1575134, 197417, 'AISYA YUNIARTI', 'OTKP', 'XI OTKP 2', '3003', '101'),
(1576368, 197418, 'ALMA ELENA RACHMAN', 'OTKP', 'XI OTKP 2', '3003', '101'),
(1577990, 197419, 'AMANDA SALSABILAH SAFITRI', 'OTKP', 'XI OTKP 2', '3003', '101'),
(1578703, 197426, 'BALQIS AULIA WIJAYA', 'OTKP', 'XI OTKP 2', '3003', '101'),
(1579769, 197427, 'Chika Maulida Dewi', 'OTKP', 'XI OTKP 2', '3003', '101'),
(1580290, 197431, 'DEVI RIANTI', 'OTKP', 'XI OTKP 2', '3003', '101'),
(1581675, 197433, 'Diah Ayu Krisna Dwi Putri', 'OTKP', 'XI OTKP 2', '3003', '101'),
(1582668, 197434, 'Dian Aprilliani', 'OTKP', 'XI OTKP 2', '3003', '101'),
(1583337, 197436, 'Dina Agustina', 'OTKP', 'XI OTKP 2', '3003', '101'),
(1584187, 197439, 'DIYAN RAHMAWATI', 'OTKP', 'XI OTKP 2', '3003', '101'),
(1585327, 197443, 'FUJA LISTY YANTI', 'OTKP', 'XI OTKP 2', '3003', '101'),
(1586197, 197448, 'KARINA PUTRI OXTAVIANI', 'OTKP', 'XI OTKP 2', '3003', '101'),
(1587771, 197450, 'KIKI FATIKA SYAHRANI', 'OTKP', 'XI OTKP 2', '3003', '101'),
(1588717, 197453, 'Maharani Syaidina Djulianti', 'OTKP', 'XI OTKP 2', '3003', '101'),
(1589479, 197454, 'MARLINA', 'OTKP', 'XI OTKP 2', '3003', '101'),
(1590520, 197457, 'Meilinda Felisyawati', 'OTKP', 'XI OTKP 2', '3003', '101'),
(1591663, 197458, 'MELINA NUR SAPITRI', 'OTKP', 'XI OTKP 2', '3003', '101'),
(1592981, 197460, 'MUNIAH', 'OTKP', 'XI OTKP 2', '3003', '101'),
(1593584, 197462, 'Nadya Putri', 'OTKP', 'XI OTKP 2', '3003', '101'),
(1594702, 197463, 'Nanda Jasika', 'OTKP', 'XI OTKP 2', '3003', '101'),
(1595550, 197465, 'Nisa Dwi Ramanda', 'OTKP', 'XI OTKP 2', '3003', '101'),
(1596577, 197467, 'NUR ASIDIAH', 'OTKP', 'XI OTKP 2', '3003', '101'),
(1597611, 197470, 'PIRANIH', 'OTKP', 'XI OTKP 2', '3003', '101'),
(1598590, 197471, 'Putri Widhi Astuti', 'OTKP', 'XI OTKP 2', '3003', '101'),
(1599868, 197473, 'RINI MARSITA', 'OTKP', 'XI OTKP 2', '3003', '101'),
(1600883, 197474, 'RISKA KHARISMA', 'OTKP', 'XI OTKP 2', '3003', '101'),
(1601449, 197476, 'RISNA PRIYANTI', 'OTKP', 'XI OTKP 2', '3003', '101'),
(1602708, 197479, 'RUNI RAHAYU', 'OTKP', 'XI OTKP 2', '3003', '101'),
(1603596, 197481, 'SHEVA HANDINI', 'OTKP', 'XI OTKP 2', '3003', '101'),
(1604883, 197483, 'SITI NURHALIZA ARDI', 'OTKP', 'XI OTKP 2', '3003', '101'),
(1605414, 197484, 'SUCI NABILAH KHAERUS', 'OTKP', 'XI OTKP 2', '3003', '101'),
(1606726, 197486, 'TANIA NUR ALFITRIANI', 'OTKP', 'XI OTKP 2', '3003', '101'),
(1607510, 197487, 'TIAH', 'OTKP', 'XI OTKP 2', '3003', '101'),
(1608254, 197489, 'Umairoh', 'OTKP', 'XI OTKP 2', '3003', '101'),
(1609652, 197490, 'VELINDA NUR AZIZAH', 'OTKP', 'XI OTKP 2', '3003', '101'),
(1610457, 197492, 'WAHYU KURNIAWATI', 'OTKP', 'XI OTKP 2', '3003', '101'),
(1611237, 197494, 'WULAN SUNINGSIH', 'OTKP', 'XI OTKP 2', '3003', '101'),
(1612170, 197495, 'YENTI HERAWATI', 'OTKP', 'XI OTKP 2', '3003', '101'),
(1613848, 197497, 'ZHILA SHOFA NAFSIAH', 'OTKP', 'XI OTKP 2', '3003', '101'),
(1614425, 197217, 'ABDURRAHMAN ASNADI', 'TKJ', 'XI TKJ 1', '4004', '101'),
(1615370, 197219, 'ADI NUR', 'TKJ', 'XI TKJ 1', '4004', '101'),
(1616994, 197221, 'Aditya Saputra', 'TKJ', 'XI TKJ 1', '4004', '101'),
(1617331, 197228, 'AIRA ANDI AHMAD', 'TKJ', 'XI TKJ 1', '4004', '101'),
(1618645, 197229, 'Alfadli Merdianta', 'TKJ', 'XI TKJ 1', '4004', '101'),
(1619405, 197238, 'Ariska Witri Astuti', 'TKJ', 'XI TKJ 1', '4004', '101'),
(1620970, 197241, 'DANI DARMAWAN', 'TKJ', 'XI TKJ 1', '4004', '101'),
(1621429, 197242, 'DANIEL PRADITYA', 'TKJ', 'XI TKJ 1', '4004', '101'),
(1622905, 197244, 'DHANNIS FARDINTA', 'TKJ', 'XI TKJ 1', '4004', '101'),
(1623910, 197246, 'DIMAS ADITIYA', 'TKJ', 'XI TKJ 1', '4004', '101'),
(1624355, 197255, 'FARID IHWATUL MUSLIMIN', 'TKJ', 'XI TKJ 1', '4004', '101'),
(1625734, 197256, 'FAUZI', 'TKJ', 'XI TKJ 1', '4004', '101'),
(1626752, 197260, 'Haryanto', 'TKJ', 'XI TKJ 1', '4004', '101'),
(1627467, 197261, 'HERI SETYAWAN', 'TKJ', 'XI TKJ 1', '4004', '101'),
(1628422, 197263, 'IDHAM RAHMAN', 'TKJ', 'XI TKJ 1', '4004', '101'),
(1629131, 197264, 'Idris Fadila', 'TKJ', 'XI TKJ 1', '4004', '101'),
(1630338, 197269, 'M. JAENI SAPUTRA', 'TKJ', 'XI TKJ 1', '4004', '101'),
(1631912, 197273, 'MARTIN', 'TKJ', 'XI TKJ 1', '4004', '101'),
(1632154, 197275, 'MOHAMAD ARDIANSYAH RIZKI DERMAWAN', 'TKJ', 'XI TKJ 1', '4004', '101'),
(1633209, 197287, 'Muhamad Jazuli Oktafio', 'TKJ', 'XI TKJ 1', '4004', '101'),
(1634459, 197279, 'MUHAMAT REVA RIZKI SAPUTRA', 'TKJ', 'XI TKJ 1', '4004', '101'),
(1635336, 197282, 'Muhammad Agus Triardi', 'TKJ', 'XI TKJ 1', '4004', '101'),
(1636954, 197290, 'Muhammad Rafli', 'TKJ', 'XI TKJ 1', '4004', '101'),
(1637699, 197291, 'MUHAMMAD RUSYDI MURTADHO', 'TKJ', 'XI TKJ 1', '4004', '101'),
(1638196, 197294, 'Nana Maolana', 'TKJ', 'XI TKJ 1', '4004', '101'),
(1639620, 197295, 'Nanda Arga Raditya', 'TKJ', 'XI TKJ 1', '4004', '101'),
(1640450, 197299, 'NUR OKKY BINTANG SAPUTRA', 'TKJ', 'XI TKJ 1', '4004', '101'),
(1641859, 197304, 'RENDI PEBRIANSYAH', 'TKJ', 'XI TKJ 1', '4004', '101'),
(1642899, 197306, 'Rico Prianto', 'TKJ', 'XI TKJ 1', '4004', '101'),
(1643593, 197313, 'RIVALDY IRAWAN', 'TKJ', 'XI TKJ 1', '4004', '101'),
(1644844, 197314, 'Rizki Dwi Hapijar', 'TKJ', 'XI TKJ 1', '4004', '101'),
(1645521, 197315, 'RIZKI HARI NUGROHO', 'TKJ', 'XI TKJ 1', '4004', '101'),
(1646479, 197316, 'ROBBY ANDRIANSYAH', 'TKJ', 'XI TKJ 1', '4004', '101'),
(1647427, 197323, 'TAUFIK LERA', 'TKJ', 'XI TKJ 1', '4004', '101'),
(1648305, 197324, 'TENGKU ARYA SAPUTRA', 'TKJ', 'XI TKJ 1', '4004', '101'),
(1649790, 197332, 'WISNU HANDOKO', 'TKJ', 'XI TKJ 1', '4004', '101'),
(1650558, 197216, 'AANWAR', 'TKJ', 'XI TKJ 2', '4004', '101'),
(1651890, 197218, 'ABDULLAH PATHUR RACHMAN', 'TKJ', 'XI TKJ 2', '4004', '101'),
(1652740, 197220, 'ADITYA DHARMA', 'TKJ', 'XI TKJ 2', '4004', '101'),
(1653565, 197222, 'ADITYA SAPUTRA', 'TKJ', 'XI TKJ 2', '4004', '101'),
(1654115, 197225, 'Agil Mubaroq', 'TKJ', 'XI TKJ 2', '4004', '101'),
(1655575, 197226, 'AHMAD MAULANA', 'TKJ', 'XI TKJ 2', '4004', '101'),
(1656272, 197231, 'ANDI KOSASIH', 'TKJ', 'XI TKJ 2', '4004', '101'),
(1657722, 197233, 'Andriyansah', 'TKJ', 'XI TKJ 2', '4004', '101'),
(1658894, 197235, 'APRIALDI SAPUTRA WIJAYA', 'TKJ', 'XI TKJ 2', '4004', '101'),
(1659906, 197240, 'BIMA BAYU SAMUDRA', 'TKJ', 'XI TKJ 2', '4004', '101'),
(1660684, 197248, 'EGAN BAGUS REHANDIKA ALDA RAKHANTA', 'TKJ', 'XI TKJ 2', '4004', '101'),
(1661992, 197249, 'EKA DHANI', 'TKJ', 'XI TKJ 2', '4004', '101'),
(1662851, 197251, 'ENDAH HERNIATI', 'TKJ', 'XI TKJ 2', '4004', '101'),
(1663799, 197252, 'FACHRUL BINTANG IMZAD', 'TKJ', 'XI TKJ 2', '4004', '101'),
(1664137, 197253, 'FAHREZI JANUAR RISKI', 'TKJ', 'XI TKJ 2', '4004', '101'),
(1665178, 197258, 'HAFIZ NUR ARIF', 'TKJ', 'XI TKJ 2', '4004', '101'),
(1666492, 197259, 'Hanan Febri Awanda', 'TKJ', 'XI TKJ 2', '4004', '101'),
(1667444, 197262, 'Ibnu Adam', 'TKJ', 'XI TKJ 2', '4004', '101'),
(1668145, 197268, 'KHAIRAN MAULANA', 'TKJ', 'XI TKJ 2', '4004', '101'),
(1669494, 197270, 'M. RESA FAHLEVIH ADITYA PUTRA', 'TKJ', 'XI TKJ 2', '4004', '101'),
(1670306, 197272, 'M.FREDY ARDIANSYAH', 'TKJ', 'XI TKJ 2', '4004', '101'),
(1671118, 197274, 'MAULANA RAFI PRASETYO', 'TKJ', 'XI TKJ 2', '4004', '101'),
(1672490, 197276, 'Muhamad Ariyanzah', 'TKJ', 'XI TKJ 2', '4004', '101'),
(1673543, 197278, 'MUHAMAD RIDWAN', 'TKJ', 'XI TKJ 2', '4004', '101'),
(1674345, 197284, 'MUHAMMAD FAHREZA DZULHIJJAH', 'TKJ', 'XI TKJ 2', '4004', '101'),
(1675211, 197285, 'MUHAMMAD FERDIANSYAH', 'TKJ', 'XI TKJ 2', '4004', '101'),
(1676675, 197293, 'Muhammad Ilham', 'TKJ', 'XI TKJ 2', '4004', '101'),
(1677424, 197288, 'MUHAMMAD MUKHTI ABIMANYU', 'TKJ', 'XI TKJ 2', '4004', '101'),
(1678345, 197280, 'MUHAMMAD RUHDIN', 'TKJ', 'XI TKJ 2', '4004', '101'),
(1679346, 197292, 'MUHAMMAD UBAIDILLAH', 'TKJ', 'XI TKJ 2', '4004', '101'),
(1680873, 197302, 'RAHMAT HADI WIJAYA', 'TKJ', 'XI TKJ 2', '4004', '101'),
(1681989, 197300, 'RAKA PRABOWO', 'TKJ', 'XI TKJ 2', '4004', '101'),
(1682872, 197301, 'RAMA HERDIANSYAH', 'TKJ', 'XI TKJ 2', '4004', '101'),
(1683567, 197308, 'RIDWAN PRATAMA', 'TKJ', 'XI TKJ 2', '4004', '101'),
(1684374, 197310, 'Rijik Mulana Yusup', 'TKJ', 'XI TKJ 2', '4004', '101'),
(1685410, 197312, 'RIVAL SAPUTRA', 'TKJ', 'XI TKJ 2', '4004', '101'),
(1686696, 197320, 'SEFI SEPTIANA', 'TKJ', 'XI TKJ 2', '4004', '101'),
(1687556, 197321, 'Siti Nur Kholipah', 'TKJ', 'XI TKJ 2', '4004', '101'),
(1688187, 197325, 'TYO SAPUTRA', 'TKJ', 'XI TKJ 2', '4004', '101'),
(1689425, 197223, 'ADITYA SAPUTRA', 'TKJ', 'XI TKJ 3', '4004', '101'),
(1690567, 197224, 'ADNAN BUKHARI', 'TKJ', 'XI TKJ 3', '4004', '101'),
(1691868, 197227, 'AHMAT SOFBRI', 'TKJ', 'XI TKJ 3', '4004', '101'),
(1692359, 197230, 'Amaika Rachman', 'TKJ', 'XI TKJ 3', '4004', '101'),
(1693165, 197232, 'ANDREAN SAPUTRA', 'TKJ', 'XI TKJ 3', '4004', '101'),
(1694696, 197234, 'Apriadi', 'TKJ', 'XI TKJ 3', '4004', '101'),
(1695655, 197236, 'Ardi Muayad', 'TKJ', 'XI TKJ 3', '4004', '101'),
(1696439, 197237, 'ARIF DWI SAPUTRA', 'TKJ', 'XI TKJ 3', '4004', '101'),
(1697512, 197243, 'DESTA RAHMA NOVIANI', 'TKJ', 'XI TKJ 3', '4004', '101'),
(1698758, 197245, 'DIKKY PANGESTU', 'TKJ', 'XI TKJ 3', '4004', '101'),
(1699453, 197247, 'DODI PRAMUJA', 'TKJ', 'XI TKJ 3', '4004', '101'),
(1700781, 197250, 'ELGA BUDI PURNOMO', 'TKJ', 'XI TKJ 3', '4004', '101'),
(1701983, 197257, 'FAUZY GUNAWAN', 'TKJ', 'XI TKJ 3', '4004', '101'),
(1702133, 197265, 'IKLAS GUSTI PANGESTU', 'TKJ', 'XI TKJ 3', '4004', '101');
INSERT INTO `siswa` (`id_siswa`, `nis`, `nama_siswa`, `jurusan`, `kelas`, `group_kelas`, `tahun_ajaran`) VALUES
(1703970, 197266, 'ILHAM RAMADHAN', 'TKJ', 'XI TKJ 3', '4004', '101'),
(1704512, 197277, 'MUHAMAD IMAM MAHDI', 'TKJ', 'XI TKJ 3', '4004', '101'),
(1705177, 197281, 'MUHAMMAD ADAM SEPTIAWAN', 'TKJ', 'XI TKJ 3', '4004', '101'),
(1706142, 197283, 'MUHAMMAD BINTANG', 'TKJ', 'XI TKJ 3', '4004', '101'),
(1707213, 197286, 'MUHAMMAD FIKRI GINASTIAR', 'TKJ', 'XI TKJ 3', '4004', '101'),
(1708878, 197289, 'MUHAMMAD NUR IKHSAN', 'TKJ', 'XI TKJ 3', '4004', '101'),
(1709533, 197297, 'NIKO SAPUTRA', 'TKJ', 'XI TKJ 3', '4004', '101'),
(1710707, 197298, 'NOVA YULIANTO', 'TKJ', 'XI TKJ 3', '4004', '101'),
(1711643, 197303, 'REGA ALDO NURCAHYONO', 'TKJ', 'XI TKJ 3', '4004', '101'),
(1712373, 197305, 'REZZA ADITYA PRATAMA', 'TKJ', 'XI TKJ 3', '4004', '101'),
(1713750, 197309, 'Rifkyan Syah', 'TKJ', 'XI TKJ 3', '4004', '101'),
(1714780, 197311, 'RISKY ALFIAN', 'TKJ', 'XI TKJ 3', '4004', '101'),
(1715301, 197319, 'SATRIA PAMUNGKAS', 'TKJ', 'XI TKJ 3', '4004', '101'),
(1716338, 197326, 'Vaizudin', 'TKJ', 'XI TKJ 3', '4004', '101'),
(1717190, 197327, 'Virlya Aulia Rohmah', 'TKJ', 'XI TKJ 3', '4004', '101'),
(1718636, 197328, 'Wafa Fauzan Jamil', 'TKJ', 'XI TKJ 3', '4004', '101'),
(1719649, 197329, 'WAHYU', 'TKJ', 'XI TKJ 3', '4004', '101'),
(1720407, 197330, 'WILLIAM WIJAYA PHANG', 'TKJ', 'XI TKJ 3', '4004', '101'),
(1721622, 197331, 'WILLY RAFIANSYAH', 'TKJ', 'XI TKJ 3', '4004', '101'),
(1722662, 197333, 'YANUAR BUDI PRATAMA', 'TKJ', 'XI TKJ 3', '4004', '101'),
(1723421, 197334, 'YORIKO OKTAVIANUS MAMARODIA', 'TKJ', 'XI TKJ 3', '4004', '101'),
(1724976, 197335, 'ZOKROTUN NIDA', 'TKJ', 'XI TKJ 3', '4004', '101'),
(1725453, 186822, 'AFIFAH ZAHRA', 'AKL', 'XII AKL 1', '5005', '101'),
(1726931, 186823, 'AGUS SAYUTI', 'AKL', 'XII AKL 1', '5005', '101'),
(1727284, 186824, 'AHMAD ERLANGGA SAHPUTRA', 'AKL', 'XII AKL 1', '5005', '101'),
(1728959, 186826, 'ALVIANSYAH BUDI PRATAMA', 'AKL', 'XII AKL 1', '5005', '101'),
(1729269, 186827, 'ANANDA DESTI MAHARANI', 'AKL', 'XII AKL 1', '5005', '101'),
(1730414, 186835, 'DELIA AYU FITRIANI', 'AKL', 'XII AKL 1', '5005', '101'),
(1731515, 186838, 'DEVIANA DAMAYANTI', 'AKL', 'XII AKL 1', '5005', '101'),
(1732856, 186839, 'DEWI RATNANINGSIH', 'AKL', 'XII AKL 1', '5005', '101'),
(1733340, 186840, 'DINANTY SANDRA BAHAR', 'AKL', 'XII AKL 1', '5005', '101'),
(1734737, 186842, 'EKA HUNAFA', 'AKL', 'XII AKL 1', '5005', '101'),
(1735782, 186843, 'EPI HERAWATI', 'AKL', 'XII AKL 1', '5005', '101'),
(1736916, 186844, 'ERIKA MAULITA', 'AKL', 'XII AKL 1', '5005', '101'),
(1737317, 186849, 'FITRI ANDRIYANI PUTRI', 'AKL', 'XII AKL 1', '5005', '101'),
(1738817, 186851, 'FRANSISKA DWI YULIA', 'AKL', 'XII AKL 1', '5005', '101'),
(1739708, 186852, 'GHAIB SAMUDRA ALAM SEMESTA', 'AKL', 'XII AKL 1', '5005', '101'),
(1740276, 186853, 'IFAN ALI ROMADHON', 'AKL', 'XII AKL 1', '5005', '101'),
(1741338, 186854, 'ILHAM MANZIS', 'AKL', 'XII AKL 1', '5005', '101'),
(1742552, 186860, 'LISA DIA DAMAYANTI', 'AKL', 'XII AKL 1', '5005', '101'),
(1743359, 186861, 'MARISA SONATA', 'AKL', 'XII AKL 1', '5005', '101'),
(1744154, 186862, 'MUHAMMAD ALVIAN RIZKY', 'AKL', 'XII AKL 1', '5005', '101'),
(1745884, 186866, 'NADIVA DHEA PUSPITA', 'AKL', 'XII AKL 1', '5005', '101'),
(1746409, 186869, 'NIMATUL AWWALIYA AZZAHRA', 'AKL', 'XII AKL 1', '5005', '101'),
(1747737, 186871, 'NURUL ASHITA', 'AKL', 'XII AKL 1', '5005', '101'),
(1748900, 186873, 'PUTRI ANGGITA SARI', 'AKL', 'XII AKL 1', '5005', '101'),
(1749659, 186874, 'PUTRI INDAH ROSYANTI', 'AKL', 'XII AKL 1', '5005', '101'),
(1750648, 186877, 'RAYHAN FERDIAN', 'AKL', 'XII AKL 1', '5005', '101'),
(1751243, 186878, 'REFI APRIYANI', 'AKL', 'XII AKL 1', '5005', '101'),
(1752733, 186883, 'RISA SETIAWATI', 'AKL', 'XII AKL 1', '5005', '101'),
(1753438, 186885, 'RIZKY SETIAWAN', 'AKL', 'XII AKL 1', '5005', '101'),
(1754635, 186886, 'ROKANA SYIFAIYAH', 'AKL', 'XII AKL 1', '5005', '101'),
(1755114, 186887, 'SABRINA PUTRI', 'AKL', 'XII AKL 1', '5005', '101'),
(1756930, 186890, 'SEPINA', 'AKL', 'XII AKL 1', '5005', '101'),
(1757551, 186892, 'SITI ALAWIYYAH', 'AKL', 'XII AKL 1', '5005', '101'),
(1758487, 186893, 'SITI AMELIA', 'AKL', 'XII AKL 1', '5005', '101'),
(1759147, 186894, 'SRI WAHYUNI', 'AKL', 'XII AKL 1', '5005', '101'),
(1760695, 186895, 'SUKMO BUDIANGGORO', 'AKL', 'XII AKL 1', '5005', '101'),
(1761946, 186896, 'SYAHRUL FATHUR ROYAN', 'AKL', 'XII AKL 1', '5005', '101'),
(1762576, 186897, 'Syahrul Rafliyansyah', 'AKL', 'XII AKL 1', '5005', '101'),
(1763505, 186900, 'TEGAR AFFANDI', 'AKL', 'XII AKL 1', '5005', '101'),
(1764320, 186906, 'WULAN CAHYA NINGRUM', 'AKL', 'XII AKL 1', '5005', '101'),
(1765663, 186820, 'ADINDA RAMADHONA', 'AKL', 'XII AKL 2', '5005', '101'),
(1766674, 186821, 'ADINDA RIZKE JULIA', 'AKL', 'XII AKL 2', '5005', '101'),
(1767893, 186825, 'AHMAD RIO', 'AKL', 'XII AKL 2', '5005', '101'),
(1768360, 186828, 'ANISA PUJIASTUTI', 'AKL', 'XII AKL 2', '5005', '101'),
(1769273, 186829, 'APRIAL BAHRIANSYAH', 'AKL', 'XII AKL 2', '5005', '101'),
(1770845, 186830, 'ARSYDIO RIZKY ANDRIATNA', 'AKL', 'XII AKL 2', '5005', '101'),
(1771641, 186832, 'AUDI ALDIANSIH', 'AKL', 'XII AKL 2', '5005', '101'),
(1772304, 186831, 'AUDRY SYAHPUTRI', 'AKL', 'XII AKL 2', '5005', '101'),
(1773931, 186833, 'DAHLIA GITA SAFITRI', 'AKL', 'XII AKL 2', '5005', '101'),
(1774740, 186836, 'DEVI INDRIYANI', 'AKL', 'XII AKL 2', '5005', '101'),
(1775473, 186837, 'DEVI PURNAMA SARI', 'AKL', 'XII AKL 2', '5005', '101'),
(1776500, 186841, 'DITA SEPTIANA', 'AKL', 'XII AKL 2', '5005', '101'),
(1777633, 186846, 'FARADILLAH AYU LARASATI', 'AKL', 'XII AKL 2', '5005', '101'),
(1778786, 186847, 'FEBY NADIA SARI', 'AKL', 'XII AKL 2', '5005', '101'),
(1779901, 186850, 'FITRI DEVIANTI', 'AKL', 'XII AKL 2', '5005', '101'),
(1780142, 186855, 'ILHAM NUR DIANSYAH', 'AKL', 'XII AKL 2', '5005', '101'),
(1781747, 186856, 'INDAYATI', 'AKL', 'XII AKL 2', '5005', '101'),
(1782301, 186857, 'INDRA MAULANA', 'AKL', 'XII AKL 2', '5005', '101'),
(1783684, 186858, 'KHAILA ALIFIA DEWI', 'AKL', 'XII AKL 2', '5005', '101'),
(1784294, 186859, 'LAELY DWI PATRIA IKKA', 'AKL', 'XII AKL 2', '5005', '101'),
(1785905, 186863, 'MUHAMMAD SAIPULLOH', 'AKL', 'XII AKL 2', '5005', '101'),
(1786414, 186864, 'MUHAMMAD SURYA PADLY', 'AKL', 'XII AKL 2', '5005', '101'),
(1787628, 186865, 'MUJI IRWANTO', 'AKL', 'XII AKL 2', '5005', '101'),
(1788198, 186867, 'NANDA ANDRIANI', 'AKL', 'XII AKL 2', '5005', '101'),
(1789527, 186870, 'NOVI AMELIA PUTRI', 'AKL', 'XII AKL 2', '5005', '101'),
(1790787, 186875, 'PUTRI YUNIARTI DEWI', 'AKL', 'XII AKL 2', '5005', '101'),
(1791769, 186879, 'RICCI IRAWAN', 'AKL', 'XII AKL 2', '5005', '101'),
(1792728, 186880, 'RIFANI YUMULTRI', 'AKL', 'XII AKL 2', '5005', '101'),
(1793697, 186881, 'Rika Wulandari', 'AKL', 'XII AKL 2', '5005', '101'),
(1794774, 186882, 'RIKE NUR SAFITRI', 'AKL', 'XII AKL 2', '5005', '101'),
(1795789, 186884, 'RIYANA', 'AKL', 'XII AKL 2', '5005', '101'),
(1796661, 187210, 'RIZKA AYU NUNGGRAENI', 'AKL', 'XII AKL 2', '5005', '101'),
(1797187, 186888, 'SANDY PUTRA SETIAWAN', 'AKL', 'XII AKL 2', '5005', '101'),
(1798632, 186891, 'SEPTIA MAHARANI', 'AKL', 'XII AKL 2', '5005', '101'),
(1799810, 186898, 'SYAIF FIKRI ALFARIZI', 'AKL', 'XII AKL 2', '5005', '101'),
(1800542, 186899, 'SYELVI NURUL AINI', 'AKL', 'XII AKL 2', '5005', '101'),
(1801250, 186902, 'TRI FAUZI SOEKARNO PUTRA', 'AKL', 'XII AKL 2', '5005', '101'),
(1802511, 186903, 'TRIANA', 'AKL', 'XII AKL 2', '5005', '101'),
(1803785, 186904, 'TRIANI', 'AKL', 'XII AKL 2', '5005', '101'),
(1804361, 186905, 'Wahyu Alamsyah', 'AKL', 'XII AKL 2', '5005', '101'),
(1805437, 186997, 'ADE ARIYANTO', 'BDP', 'XII BDP 1', '5005', '101'),
(1806856, 186998, 'ADITYA GHOFUR ALIM', 'BDP', 'XII BDP 1', '5005', '101'),
(1807380, 187004, 'ANNISA ARYANI RAMADHANI', 'BDP', 'XII BDP 1', '5005', '101'),
(1808331, 187006, 'ARSYA MANDAHURI', 'BDP', 'XII BDP 1', '5005', '101'),
(1809178, 187010, 'BERTHA AMANDA PUTRI', 'BDP', 'XII BDP 1', '5005', '101'),
(1810424, 187012, 'DEFAL SULYA', 'BDP', 'XII BDP 1', '5005', '101'),
(1811962, 187013, 'DELLA FEBRIYANTI', 'BDP', 'XII BDP 1', '5005', '101'),
(1812297, 187019, 'FADHLI HAYKAL AZHMI', 'BDP', 'XII BDP 1', '5005', '101'),
(1813330, 187020, 'FADLI SETIAWAN RAMADHAN', 'BDP', 'XII BDP 1', '5005', '101'),
(1814462, 187024, 'FIKI REZA MAESA PUTRA', 'BDP', 'XII BDP 1', '5005', '101'),
(1815721, 187026, 'HALIM SYAEPUDIN', 'BDP', 'XII BDP 1', '5005', '101'),
(1816629, 187027, 'HANIEKA ZAKARIA PUTRI', 'BDP', 'XII BDP 1', '5005', '101'),
(1817619, 187029, 'ILHAM SAPUTRA', 'BDP', 'XII BDP 1', '5005', '101'),
(1818356, 187030, 'Indira Riski', 'BDP', 'XII BDP 1', '5005', '101'),
(1819804, 187032, 'INTAN PERMATA SARI', 'BDP', 'XII BDP 1', '5005', '101'),
(1820343, 187036, 'LIDIYA URLIA SARI', 'BDP', 'XII BDP 1', '5005', '101'),
(1821147, 187037, 'M. ERIK FIDIANTO', 'BDP', 'XII BDP 1', '5005', '101'),
(1822579, 187047, 'MUHAMAD IRPAN', 'BDP', 'XII BDP 1', '5005', '101'),
(1823312, 187049, 'MUHAMAD TAUFIK ILHAM', 'BDP', 'XII BDP 1', '5005', '101'),
(1824167, 187042, 'MUHAMAD ZHIDANE PUTRA NIFANO', 'BDP', 'XII BDP 1', '5005', '101'),
(1825392, 187048, 'MUHAMMAD RIAN ANDRIANSYAH', 'BDP', 'XII BDP 1', '5005', '101'),
(1826764, 187050, 'MUHAMMAD YASIN', 'BDP', 'XII BDP 1', '5005', '101'),
(1827735, 187051, 'NABIB ROHUL AHMADA', 'BDP', 'XII BDP 1', '5005', '101'),
(1828705, 187052, 'NABIILAH AUDIANSYAH', 'BDP', 'XII BDP 1', '5005', '101'),
(1829774, 187053, 'NADILA LINTANG SARI', 'BDP', 'XII BDP 1', '5005', '101'),
(1830218, 187054, 'NANDA FITRIA', 'BDP', 'XII BDP 1', '5005', '101'),
(1831261, 187055, 'NANDAR ROMADONI', 'BDP', 'XII BDP 1', '5005', '101'),
(1832700, 187056, 'Naswiti', 'BDP', 'XII BDP 1', '5005', '101'),
(1833427, 187214, 'PURNAMASARI', 'BDP', 'XII BDP 1', '5005', '101'),
(1834777, 187060, 'PUTRA MINANDA', 'BDP', 'XII BDP 1', '5005', '101'),
(1835473, 187061, 'RAFI CHESTA ADABI', 'BDP', 'XII BDP 1', '5005', '101'),
(1836127, 187064, 'REGITA OLIA ANGGRAYANI', 'BDP', 'XII BDP 1', '5005', '101'),
(1837658, 187066, 'RICKY NUGROHO', 'BDP', 'XII BDP 1', '5005', '101'),
(1838603, 187067, 'RIFQI RAMADHAN', 'BDP', 'XII BDP 1', '5005', '101'),
(1839918, 187212, 'RIJAL', 'BDP', 'XII BDP 1', '5005', '101'),
(1840163, 187069, 'RIZAL PRATAMA PUTRA', 'BDP', 'XII BDP 1', '5005', '101'),
(1841184, 187070, 'RIZKY JULIANTO', 'BDP', 'XII BDP 1', '5005', '101'),
(1842214, 187211, 'WAHYU', 'BDP', 'XII BDP 1', '5005', '101'),
(1843473, 186996, 'ACHMAD KHOZIN', 'BDP', 'XII BDP 2', '5005', '101'),
(1844442, 187001, 'AMILDA NOPASARI', 'BDP', 'XII BDP 2', '5005', '101'),
(1845544, 187002, 'ANDRI ARDIANSYAH', 'BDP', 'XII BDP 2', '5005', '101'),
(1846207, 187003, 'ANDRI PURNIAWAN', 'BDP', 'XII BDP 2', '5005', '101'),
(1847721, 187005, 'ANNISA FAJRI YANTI', 'BDP', 'XII BDP 2', '5005', '101'),
(1848829, 187008, 'BAGAS DWIYANTO', 'BDP', 'XII BDP 2', '5005', '101'),
(1849921, 187009, 'BARRIANSYAH RAMADHAN', 'BDP', 'XII BDP 2', '5005', '101'),
(1850585, 187011, 'DAFFA MUHAMMAD SYARIP', 'BDP', 'XII BDP 2', '5005', '101'),
(1851176, 187014, 'DHEAJENG NOOR AZIZAH', 'BDP', 'XII BDP 2', '5005', '101'),
(1852254, 187015, 'DIAN LESTARI', 'BDP', 'XII BDP 2', '5005', '101'),
(1853131, 187017, 'EKA SEFTIAN', 'BDP', 'XII BDP 2', '5005', '101'),
(1854655, 187018, 'ENES ROSIANA', 'BDP', 'XII BDP 2', '5005', '101'),
(1855252, 187021, 'FAUZAN HUDAYATULLAH', 'BDP', 'XII BDP 2', '5005', '101'),
(1856810, 187022, 'FAUZIA SALMA HANIFAH', 'BDP', 'XII BDP 2', '5005', '101'),
(1857353, 187028, 'HEGI YULIO', 'BDP', 'XII BDP 2', '5005', '101'),
(1858605, 187033, 'IRENE NOPTIA ANINDITA', 'BDP', 'XII BDP 2', '5005', '101'),
(1859379, 187034, 'IVONNE LISDIANA', 'BDP', 'XII BDP 2', '5005', '101'),
(1860141, 187035, 'KENDI PRIATNO', 'BDP', 'XII BDP 2', '5005', '101'),
(1861457, 187038, 'MELVIS PERMANA', 'BDP', 'XII BDP 2', '5005', '101'),
(1862531, 187039, 'MOH. NOVAL SAIPULLOH', 'BDP', 'XII BDP 2', '5005', '101'),
(1863495, 187040, 'MOHAMMAD SODIK', 'BDP', 'XII BDP 2', '5005', '101'),
(1864406, 187041, 'MOHAMMAD VIQY ADRIAN', 'BDP', 'XII BDP 2', '5005', '101'),
(1865960, 187043, 'MUHAMAT SATRIO CAHYADI', 'BDP', 'XII BDP 2', '5005', '101'),
(1866975, 187044, 'MUHAMMAD ERLANGGA', 'BDP', 'XII BDP 2', '5005', '101'),
(1867331, 187046, 'Muhammad Iqbal Maulana', 'BDP', 'XII BDP 2', '5005', '101'),
(1868556, 187057, 'NURHALIM', 'BDP', 'XII BDP 2', '5005', '101'),
(1869588, 187058, 'PREMADI PRATAMA', 'BDP', 'XII BDP 2', '5005', '101'),
(1870557, 187059, 'PURWA AJI SEPTIANA', 'BDP', 'XII BDP 2', '5005', '101'),
(1871580, 187062, 'RAFLI ANANDA ANDY RIVAI', 'BDP', 'XII BDP 2', '5005', '101'),
(1872376, 187063, 'RAHMANIA ISNAINI', 'BDP', 'XII BDP 2', '5005', '101'),
(1873890, 187068, 'RIO BAGASKARA', 'BDP', 'XII BDP 2', '5005', '101'),
(1874171, 187072, 'SEPTISANI MARYANI', 'BDP', 'XII BDP 2', '5005', '101'),
(1875297, 187073, 'SIGIT ARYANTO', 'BDP', 'XII BDP 2', '5005', '101'),
(1876341, 187074, 'SITI MAISAROH', 'BDP', 'XII BDP 2', '5005', '101'),
(1877184, 187075, 'Umiyati', 'BDP', 'XII BDP 2', '5005', '101'),
(1878223, 187076, 'VIVIE NOVIYANA PUTRI', 'BDP', 'XII BDP 2', '5005', '101'),
(1879460, 187077, 'WAHYU SETIABUDI', 'BDP', 'XII BDP 2', '5005', '101'),
(1880141, 186909, 'AMELIA ROHAENI', 'OTKP', 'XII OTKP 1', '5005', '101'),
(1881429, 186910, 'ANGGI SURYANI', 'OTKP', 'XII OTKP 1', '5005', '101'),
(1882784, 186911, 'Annisa Oktaviani', 'OTKP', 'XII OTKP 1', '5005', '101'),
(1883749, 186912, 'ARTIKA DIVA TIANA', 'OTKP', 'XII OTKP 1', '5005', '101'),
(1884535, 186913, 'AULIA PUTRI', 'OTKP', 'XII OTKP 1', '5005', '101'),
(1885711, 186915, 'BELLA NURFARIDA', 'OTKP', 'XII OTKP 1', '5005', '101'),
(1886628, 186917, 'CRISTINA', 'OTKP', 'XII OTKP 1', '5005', '101'),
(1887351, 186918, 'DAMAYANTI', 'OTKP', 'XII OTKP 1', '5005', '101'),
(1888887, 186919, 'DELLA AMANDA FITRIANI', 'OTKP', 'XII OTKP 1', '5005', '101'),
(1889588, 186920, 'DELLARAS PUTRI HERMAWATI', 'OTKP', 'XII OTKP 1', '5005', '101'),
(1890803, 186921, 'DESVITA AULIA WULAN', 'OTKP', 'XII OTKP 1', '5005', '101'),
(1891226, 186922, 'DHEA PARAMITA SUHANDI', 'OTKP', 'XII OTKP 1', '5005', '101'),
(1892813, 186923, 'DIAN PUSPITA SARI', 'OTKP', 'XII OTKP 1', '5005', '101'),
(1893591, 186924, 'DINA FATHIMATUZ ZAHRO', 'OTKP', 'XII OTKP 1', '5005', '101'),
(1894734, 186925, 'DWI YUNIARTI', 'OTKP', 'XII OTKP 1', '5005', '101'),
(1895760, 186926, 'EKA JULIANTI', 'OTKP', 'XII OTKP 1', '5005', '101'),
(1896441, 186928, 'ERFINA FIRDANI', 'OTKP', 'XII OTKP 1', '5005', '101'),
(1897159, 186929, 'ERIN WERDIANINGSIH', 'OTKP', 'XII OTKP 1', '5005', '101'),
(1898496, 186932, 'FITRI PURNAMASARI', 'OTKP', 'XII OTKP 1', '5005', '101'),
(1899870, 186934, 'GANIS RISKA SUKESIH', 'OTKP', 'XII OTKP 1', '5005', '101'),
(1900328, 186936, 'Helen Estepani', 'OTKP', 'XII OTKP 1', '5005', '101'),
(1901684, 186937, 'INDAH OCTAVIANI', 'OTKP', 'XII OTKP 1', '5005', '101'),
(1902987, 186938, 'INTAN MUHARROMAH', 'OTKP', 'XII OTKP 1', '5005', '101'),
(1903986, 186940, 'Juhri Permata Septiani', 'OTKP', 'XII OTKP 1', '5005', '101'),
(1904692, 186942, 'LUSI FEBRIANI', 'OTKP', 'XII OTKP 1', '5005', '101'),
(1905523, 186945, 'MELINDA NOVITASARI', 'OTKP', 'XII OTKP 1', '5005', '101'),
(1906699, 186946, 'MELLYANTI KIRANI', 'OTKP', 'XII OTKP 1', '5005', '101'),
(1907669, 186947, 'NABILA SHOBRIYAH', 'OTKP', 'XII OTKP 1', '5005', '101'),
(1908398, 186949, 'NAILAH WAFA KAMILAH', 'OTKP', 'XII OTKP 1', '5005', '101'),
(1909678, 186950, 'NIKEN AYU LESTARI', 'OTKP', 'XII OTKP 1', '5005', '101'),
(1910248, 186953, 'NURAFNI SETIAWANTI', 'OTKP', 'XII OTKP 1', '5005', '101'),
(1911302, 186954, 'NURISKA PUJAYANTI', 'OTKP', 'XII OTKP 1', '5005', '101'),
(1912167, 186955, 'NURUL MAI SAROH', 'OTKP', 'XII OTKP 1', '5005', '101'),
(1913252, 186958, 'PUTRI RAHMADANI', 'OTKP', 'XII OTKP 1', '5005', '101'),
(1914437, 186959, 'Putri Salsabila', 'OTKP', 'XII OTKP 1', '5005', '101'),
(1915985, 186964, 'RAHMAWATI', 'OTKP', 'XII OTKP 1', '5005', '101'),
(1916973, 186965, 'RANI', 'OTKP', 'XII OTKP 1', '5005', '101'),
(1917591, 186967, 'RIFDA SALSABIL', 'OTKP', 'XII OTKP 1', '5005', '101'),
(1918513, 186977, 'SELVI DIANA', 'OTKP', 'XII OTKP 1', '5005', '101'),
(1919339, 186983, 'SYAHARANI BAHRI PUTRI', 'OTKP', 'XII OTKP 1', '5005', '101'),
(1920552, 186984, 'TIA PERTIWI', 'OTKP', 'XII OTKP 1', '5005', '101'),
(1921146, 186989, 'WIDI ASTUTIK', 'OTKP', 'XII OTKP 1', '5005', '101'),
(1922155, 186808, 'AMANDA RERE BACHTIAR', 'OTKP', 'XII OTKP 2', '5005', '101'),
(1923536, 186914, 'AYU NING TYAS PUTRI', 'OTKP', 'XII OTKP 2', '5005', '101'),
(1924752, 186927, 'EKA ROSANTI', 'OTKP', 'XII OTKP 2', '5005', '101'),
(1925891, 186930, 'EVA HERAWATI', 'OTKP', 'XII OTKP 2', '5005', '101'),
(1926339, 186957, 'FEBIE PEBRIYANI', 'OTKP', 'XII OTKP 2', '5005', '101'),
(1927586, 186935, 'HABIBAH FITRIANI TOSI', 'OTKP', 'XII OTKP 2', '5005', '101'),
(1928555, 186939, 'Ira Syahrin', 'OTKP', 'XII OTKP 2', '5005', '101'),
(1929537, 186941, 'KHOIRUN NISA', 'OTKP', 'XII OTKP 2', '5005', '101'),
(1930706, 186943, 'MARINDA SALSA BILA', 'OTKP', 'XII OTKP 2', '5005', '101'),
(1931993, 186944, 'MAYA DAMAYANTI', 'OTKP', 'XII OTKP 2', '5005', '101'),
(1932697, 186948, 'NADYA RAHMA', 'OTKP', 'XII OTKP 2', '5005', '101'),
(1933623, 186951, 'Niken Sriyuliana', 'OTKP', 'XII OTKP 2', '5005', '101'),
(1934786, 186952, 'Nofitasari Asmiyati', 'OTKP', 'XII OTKP 2', '5005', '101'),
(1935950, 186960, 'PUTRI SEKAR HESTI', 'OTKP', 'XII OTKP 2', '5005', '101'),
(1936971, 186961, 'PUTRI WINDASARI', 'OTKP', 'XII OTKP 2', '5005', '101'),
(1937278, 186962, 'RAHMA AINI SHOLEHAH', 'OTKP', 'XII OTKP 2', '5005', '101'),
(1938286, 186963, 'RAHMA NOVIA PUTRI', 'OTKP', 'XII OTKP 2', '5005', '101'),
(1939845, 186966, 'RIA ANGGRAENI', 'OTKP', 'XII OTKP 2', '5005', '101'),
(1940549, 186968, 'RINI RAHMAWATI', 'OTKP', 'XII OTKP 2', '5005', '101'),
(1941616, 186969, 'Sabina Aulia Putri', 'OTKP', 'XII OTKP 2', '5005', '101'),
(1942753, 186970, 'SABRINA MAULIDA KUSUMA', 'OTKP', 'XII OTKP 2', '5005', '101'),
(1943404, 186971, 'SAFAATUL MUSLIMAH', 'OTKP', 'XII OTKP 2', '5005', '101'),
(1944689, 189672, 'SAFIRA PUTRI NABILLA PRAYUGA', 'OTKP', 'XII OTKP 2', '5005', '101'),
(1945117, 186974, 'SALSABILA ISNAINI PUTRI', 'OTKP', 'XII OTKP 2', '5005', '101'),
(1946739, 186973, 'SALSABILLA ANNISA', 'OTKP', 'XII OTKP 2', '5005', '101'),
(1947334, 186975, 'SAPNAH FITRIYANI', 'OTKP', 'XII OTKP 2', '5005', '101'),
(1948331, 186976, 'SELMA PUTRI SARI', 'OTKP', 'XII OTKP 2', '5005', '101'),
(1949368, 186978, 'SELVI UBEDILAH', 'OTKP', 'XII OTKP 2', '5005', '101'),
(1950912, 186979, 'SEPTI WIDIASTUTI', 'OTKP', 'XII OTKP 2', '5005', '101'),
(1951132, 186980, 'SHILFIA NUR FEBRIYANI', 'OTKP', 'XII OTKP 2', '5005', '101'),
(1952328, 186981, 'SITI DEWI SAPITRI', 'OTKP', 'XII OTKP 2', '5005', '101'),
(1953265, 187213, 'TARISA CASWINDI', 'OTKP', 'XII OTKP 2', '5005', '101'),
(1954999, 186985, 'VERONICA MURDIANTI', 'OTKP', 'XII OTKP 2', '5005', '101'),
(1955387, 186986, 'VINA NUR AISYAH', 'OTKP', 'XII OTKP 2', '5005', '101'),
(1956413, 186987, 'WAHYUNI', 'OTKP', 'XII OTKP 2', '5005', '101'),
(1957160, 186988, 'WANDA EKA PRADEVI', 'OTKP', 'XII OTKP 2', '5005', '101'),
(1958680, 186990, 'Widya Hertiningsih', 'OTKP', 'XII OTKP 2', '5005', '101'),
(1959381, 186992, 'WINDI SAKIRA', 'OTKP', 'XII OTKP 2', '5005', '101'),
(1960882, 186991, 'WINDY OKTAPIA', 'OTKP', 'XII OTKP 2', '5005', '101'),
(1961609, 186993, 'YASINTA IKA PRAMESTI', 'OTKP', 'XII OTKP 2', '5005', '101'),
(1962138, 186994, 'YOYOH SURYANTI', 'OTKP', 'XII OTKP 2', '5005', '101'),
(1963308, 187079, 'ABDUL ROIS DZULQARNAIN', 'TKJ', 'XII TKJ 1', '6006', '101'),
(1964481, 187082, 'ADITIYA SURYA PRAYOGA', 'TKJ', 'XII TKJ 1', '6006', '101'),
(1965313, 187081, 'ADITYA FERDINAND', 'TKJ', 'XII TKJ 1', '6006', '101'),
(1966773, 187083, 'ADRIAN GUNAWAN', 'TKJ', 'XII TKJ 1', '6006', '101'),
(1967375, 187084, 'ADYTYA MAULANA YUSUF', 'TKJ', 'XII TKJ 1', '6006', '101'),
(1968384, 187085, 'AHMAD ARDIKA', 'TKJ', 'XII TKJ 1', '6006', '101'),
(1969181, 187104, 'BIMA BUDIMULIA', 'TKJ', 'XII TKJ 1', '6006', '101'),
(1970770, 187106, 'DESI KHOMISATUL FITRI', 'TKJ', 'XII TKJ 1', '6006', '101'),
(1971272, 187107, 'DHARMA GUNAWAN', 'TKJ', 'XII TKJ 1', '6006', '101'),
(1972718, 187113, 'ELY FAUZIAH', 'TKJ', 'XII TKJ 1', '6006', '101'),
(1973975, 187114, 'FAQIH BAIHAKI', 'TKJ', 'XII TKJ 1', '6006', '101'),
(1974676, 187115, 'FEBRIANTO AJI ANDIKA', 'TKJ', 'XII TKJ 1', '6006', '101'),
(1975952, 187116, 'FIQRY FERDINAN NURHIDAYAT', 'TKJ', 'XII TKJ 1', '6006', '101'),
(1976601, 187118, 'GANANG DWI SAJIWO', 'TKJ', 'XII TKJ 1', '6006', '101'),
(1977251, 187119, 'GARY GARCIA', 'TKJ', 'XII TKJ 1', '6006', '101'),
(1978749, 187120, 'GAVIN SEAN SULIVAN', 'TKJ', 'XII TKJ 1', '6006', '101'),
(1979644, 187121, 'Ghalih Perwira Hutama', 'TKJ', 'XII TKJ 1', '6006', '101'),
(1980847, 187122, 'GILANG FAJAR RAMADHAN', 'TKJ', 'XII TKJ 1', '6006', '101'),
(1981388, 187143, 'MALVINO FAIZ RADITYA', 'TKJ', 'XII TKJ 1', '6006', '101'),
(1982645, 187148, 'MOCHAMAD BIMA', 'TKJ', 'XII TKJ 1', '6006', '101'),
(1983634, 187145, 'Muhamad Arip', 'TKJ', 'XII TKJ 1', '6006', '101'),
(1984875, 187151, 'MUHAMAD FARID', 'TKJ', 'XII TKJ 1', '6006', '101'),
(1985142, 187149, 'MUHAMMAD ELZA SYAH FAHLEVY', 'TKJ', 'XII TKJ 1', '6006', '101'),
(1986301, 187150, 'MUHAMMAD FACHRUL ZEIN', 'TKJ', 'XII TKJ 1', '6006', '101'),
(1987533, 187153, 'MUHAMMAD FATIH BUDIONO', 'TKJ', 'XII TKJ 1', '6006', '101'),
(1988715, 187154, 'MUHAMMAD FIKRI HADI PERMANA', 'TKJ', 'XII TKJ 1', '6006', '101'),
(1989501, 187155, 'MUHAMMAD FIQRI AWALUDIN', 'TKJ', 'XII TKJ 1', '6006', '101'),
(1990618, 187172, 'NAUFAL HIDAYAT', 'TKJ', 'XII TKJ 1', '6006', '101'),
(1991296, 187175, 'PUTU YOGA ADIPRATAMA', 'TKJ', 'XII TKJ 1', '6006', '101'),
(1992588, 187180, 'RENDY NASRIANTO', 'TKJ', 'XII TKJ 1', '6006', '101'),
(1993486, 187182, 'RIDHO GILANG PRATAMA', 'TKJ', 'XII TKJ 1', '6006', '101'),
(1994883, 187183, 'RIDO RIZKI SAPUTRA', 'TKJ', 'XII TKJ 1', '6006', '101'),
(1995682, 187184, 'Rido Setiawan', 'TKJ', 'XII TKJ 1', '6006', '101'),
(1996277, 187185, 'RIDZUAN OKTAVIAN SUSANTO', 'TKJ', 'XII TKJ 1', '6006', '101'),
(1997457, 187187, 'RIKHO SAHPUTRA', 'TKJ', 'XII TKJ 1', '6006', '101'),
(1998869, 187188, 'RIO JERYANSYAH', 'TKJ', 'XII TKJ 1', '6006', '101'),
(1999838, 187189, 'RIO KARISMA', 'TKJ', 'XII TKJ 1', '6006', '101'),
(2000982, 187190, 'RISQY DARMAWAN', 'TKJ', 'XII TKJ 1', '6006', '101'),
(2001886, 187191, 'RIZIEQ CHANDRA RIVALQI', 'TKJ', 'XII TKJ 1', '6006', '101'),
(2002326, 187197, 'SANDI JOANDRA', 'TKJ', 'XII TKJ 1', '6006', '101'),
(2003197, 187202, 'VERA ANGGRAENI', 'TKJ', 'XII TKJ 1', '6006', '101'),
(2004634, 187086, 'AHMAD DAEROJI', 'TKJ', 'XII TKJ 2', '6006', '101'),
(2005233, 187087, 'AHMAD ILHAM JAELANI', 'TKJ', 'XII TKJ 2', '6006', '101'),
(2006477, 187088, 'AHMAD RAMDANI', 'TKJ', 'XII TKJ 2', '6006', '101'),
(2007679, 187089, 'AHMAD SAHAL MAHFUD', 'TKJ', 'XII TKJ 2', '6006', '101'),
(2008913, 187090, 'AKBAR HANDOYO', 'TKJ', 'XII TKJ 2', '6006', '101'),
(2009627, 187091, 'ALDI AL VRYANDI', 'TKJ', 'XII TKJ 2', '6006', '101'),
(2010577, 187092, 'ALDI DARMAWAN', 'TKJ', 'XII TKJ 2', '6006', '101'),
(2011203, 187103, 'BAYU INDRA PRATAMA', 'TKJ', 'XII TKJ 2', '6006', '101'),
(2012612, 187108, 'DHENI RAMADHAN', 'TKJ', 'XII TKJ 2', '6006', '101'),
(2013287, 187117, 'GALIH GUNAWAN', 'TKJ', 'XII TKJ 2', '6006', '101'),
(2014298, 187123, 'GUNTUR', 'TKJ', 'XII TKJ 2', '6006', '101'),
(2015613, 187124, 'GUS MAULANA', 'TKJ', 'XII TKJ 2', '6006', '101'),
(2016402, 187125, 'GYANT LUHMA WIRA YUDHA', 'TKJ', 'XII TKJ 2', '6006', '101'),
(2017113, 187126, 'HADIS HANDIKA HAYA', 'TKJ', 'XII TKJ 2', '6006', '101'),
(2018486, 187127, 'HESTY NURAINI', 'TKJ', 'XII TKJ 2', '6006', '101'),
(2019820, 187128, 'IKMAL IHSAN FADILLAH', 'TKJ', 'XII TKJ 2', '6006', '101'),
(2020112, 187129, 'ILBI NURFAHRI', 'TKJ', 'XII TKJ 2', '6006', '101'),
(2021131, 187130, 'IQBAL FIRMANSYAH', 'TKJ', 'XII TKJ 2', '6006', '101'),
(2022686, 187132, 'IRMA NIRMALASARI', 'TKJ', 'XII TKJ 2', '6006', '101'),
(2023543, 187140, 'Lefiansya', 'TKJ', 'XII TKJ 2', '6006', '101'),
(2024394, 187156, 'Muchamad Iqbal Gimastian', 'TKJ', 'XII TKJ 2', '6006', '101'),
(2025652, 187160, 'MUHAMAD RAFDI AL WAFI', 'TKJ', 'XII TKJ 2', '6006', '101'),
(2026675, 187167, 'MUHAMAD RIDHO MAULANA', 'TKJ', 'XII TKJ 2', '6006', '101'),
(2027126, 187157, 'MUHAMMAD JERRY AL MIRAJ', 'TKJ', 'XII TKJ 2', '6006', '101'),
(2028416, 187158, 'MUHAMMAD MALIKI IVAN FADILLAH', 'TKJ', 'XII TKJ 2', '6006', '101'),
(2029832, 187161, 'MUHAMMAD RAFI FERDIAZ', 'TKJ', 'XII TKJ 2', '6006', '101'),
(2030560, 187162, 'MUHAMMAD RAFLI', 'TKJ', 'XII TKJ 2', '6006', '101'),
(2031230, 187163, 'MUHAMMAD RAIHAN', 'TKJ', 'XII TKJ 2', '6006', '101'),
(2032959, 187165, 'MUHAMMAD RENDI', 'TKJ', 'XII TKJ 2', '6006', '101'),
(2033224, 187166, 'MUHAMMAD REZA PRATAMA', 'TKJ', 'XII TKJ 2', '6006', '101'),
(2034572, 187178, 'RAFLIANDY PAKSY RAHARJO', 'TKJ', 'XII TKJ 2', '6006', '101'),
(2035864, 187192, 'RIZKI SURYANTO', 'TKJ', 'XII TKJ 2', '6006', '101'),
(2036744, 187193, 'RIZKY ADE IRAWAN', 'TKJ', 'XII TKJ 2', '6006', '101'),
(2037673, 187194, 'SAHRUL ANWAR', 'TKJ', 'XII TKJ 2', '6006', '101'),
(2038744, 187195, 'SALMAN AL BANA', 'TKJ', 'XII TKJ 2', '6006', '101'),
(2039650, 187196, 'SALSABILA PUTRI', 'TKJ', 'XII TKJ 2', '6006', '101'),
(2040562, 187198, 'SONI ALFIAN', 'TKJ', 'XII TKJ 2', '6006', '101'),
(2041463, 187200, 'TEGUH ADITIYO NUGROHO', 'TKJ', 'XII TKJ 2', '6006', '101'),
(2042328, 187201, 'TRI FANDI JUNIOR', 'TKJ', 'XII TKJ 2', '6006', '101'),
(2043137, 187203, 'VICKY ARDIANSYAH', 'TKJ', 'XII TKJ 2', '6006', '101'),
(2044964, 187204, 'WAHYU ANGGARA PUTRA', 'TKJ', 'XII TKJ 2', '6006', '101'),
(2045706, 187093, 'AMIR', 'TKJ', 'XII TKJ 3', '6006', '101'),
(2046267, 187094, 'ANDIKA AGASTA', 'TKJ', 'XII TKJ 3', '6006', '101'),
(2047661, 187095, 'ANDJAS SETIAWAN', 'TKJ', 'XII TKJ 3', '6006', '101'),
(2048790, 187096, 'ANDRE', 'TKJ', 'XII TKJ 3', '6006', '101'),
(2049233, 187097, 'ANDREAN MERDIANSAH', 'TKJ', 'XII TKJ 3', '6006', '101'),
(2050893, 187098, 'ANDRI WIDIYATMOKO', 'TKJ', 'XII TKJ 3', '6006', '101'),
(2051941, 187099, 'ANDY SAPUTRA', 'TKJ', 'XII TKJ 3', '6006', '101'),
(2052694, 187100, 'APIN SAPUTRA WIJAYA', 'TKJ', 'XII TKJ 3', '6006', '101'),
(2053230, 187101, 'BAGUS SETO', 'TKJ', 'XII TKJ 3', '6006', '101'),
(2054316, 187109, 'DICKY SATYA EKAPRAMUNDA', 'TKJ', 'XII TKJ 3', '6006', '101'),
(2055542, 187110, 'DIMAS PERMANA', 'TKJ', 'XII TKJ 3', '6006', '101'),
(2056772, 187112, 'ELANG AGUSTIAN SAPUTRA', 'TKJ', 'XII TKJ 3', '6006', '101'),
(2057163, 187134, 'JONASDA', 'TKJ', 'XII TKJ 3', '6006', '101'),
(2058281, 187135, 'KEINDRAN ALVIANO ARUDHISKARA', 'TKJ', 'XII TKJ 3', '6006', '101'),
(2059183, 187136, 'KHOLIFAH ADAWIYAH', 'TKJ', 'XII TKJ 3', '6006', '101'),
(2060198, 187137, 'KHRISNA WAHYU SATRIA', 'TKJ', 'XII TKJ 3', '6006', '101'),
(2061131, 187138, 'KRISNA WAHYU PRATAMA', 'TKJ', 'XII TKJ 3', '6006', '101'),
(2062294, 187139, 'KURNIA AR RAHMAN', 'TKJ', 'XII TKJ 3', '6006', '101'),
(2063151, 187141, 'Lukman Bahri', 'TKJ', 'XII TKJ 3', '6006', '101'),
(2064416, 187142, 'MADE KUSUMA WARDHANI', 'TKJ', 'XII TKJ 3', '6006', '101'),
(2065142, 187171, 'MUHAMAD ZIDAN ALDIANSYAH', 'TKJ', 'XII TKJ 3', '6006', '101'),
(2066689, 187144, 'MUHAMMAD AKBAR ARIF', 'TKJ', 'XII TKJ 3', '6006', '101'),
(2067469, 187146, 'MUHAMMAD ARIQ ATHALLAH', 'TKJ', 'XII TKJ 3', '6006', '101'),
(2068885, 187147, 'Muhammad Bayu Saputra', 'TKJ', 'XII TKJ 3', '6006', '101'),
(2069769, 187164, 'MUHAMMAD RAIHAN', 'TKJ', 'XII TKJ 3', '6006', '101'),
(2070873, 187168, 'MUHAMMAD RIZKY AULIA', 'TKJ', 'XII TKJ 3', '6006', '101'),
(2071325, 187169, 'MUHAMMAD SAUQI ILHAM', 'TKJ', 'XII TKJ 3', '6006', '101'),
(2072122, 187170, 'MUHAMMAD YUSRIL IZZA SAPUTRA', 'TKJ', 'XII TKJ 3', '6006', '101'),
(2073966, 187173, 'NAVIZUL AL HAFIDZ DZIKRIN', 'TKJ', 'XII TKJ 3', '6006', '101'),
(2074437, 187174, 'OKTARIVANI', 'TKJ', 'XII TKJ 3', '6006', '101'),
(2075814, 187176, 'Raffi Aprishal', 'TKJ', 'XII TKJ 3', '6006', '101'),
(2076650, 187177, 'RAFIF SYARI HIDAYAH', 'TKJ', 'XII TKJ 3', '6006', '101'),
(2077299, 187179, 'RENDI WIJAYA', 'TKJ', 'XII TKJ 3', '6006', '101'),
(2078999, 187181, 'REVANZA IQBAL HAKIM', 'TKJ', 'XII TKJ 3', '6006', '101'),
(2079605, 187186, 'RIFAN NIUS ARRAHMAN', 'TKJ', 'XII TKJ 3', '6006', '101'),
(2080802, 187199, 'TAUFIK HIDAYAT', 'TKJ', 'XII TKJ 3', '6006', '101'),
(2081281, 187205, 'WANDA AYU WARDHANI', 'TKJ', 'XII TKJ 3', '6006', '101'),
(2082703, 187207, 'YOHAN CAHYADI', 'TKJ', 'XII TKJ 3', '6006', '101'),
(2083991, 187208, 'YOSHA SATRIA', 'TKJ', 'XII TKJ 3', '6006', '101'),
(2084153, 187209, 'YUSUF ADITYAS PRATAMA', 'TKJ', 'XII TKJ 3', '6006', '101'),
(3003527, 218068, 'Aditya Nurul Fikri', 'AKL', 'X AKL 1', '1001', '202'),
(3004830, 218072, 'ALIYA INDRIYANI PUTRI', 'AKL', 'X AKL 1', '1001', '202'),
(3005801, 218073, 'ALYA NASYWA KHAERANI', 'AKL', 'X AKL 1', '1001', '202'),
(3006751, 218074, 'AMRAN DANY', 'AKL', 'X AKL 1', '1001', '202'),
(3007836, 218077, 'BAGUS ARIEF SAPUTRA', 'AKL', 'X AKL 1', '1001', '202'),
(3008348, 218078, 'Caterine Natalia Teja', 'AKL', 'X AKL 1', '1001', '202'),
(3009225, 218080, 'CICI HERDIANTI', 'AKL', 'X AKL 1', '1001', '202'),
(3010133, 218223, 'DAVID UMAR HAMZAH', 'AKL', 'X AKL 1', '1001', '202'),
(3011701, 218081, 'DHEASY NOVITA KUSUMA YETI', 'AKL', 'X AKL 1', '1001', '202'),
(3012602, 218085, 'INDI NOVI TRIANI', 'AKL', 'X AKL 1', '1001', '202'),
(3013349, 218087, 'INTAN HESTIYANA', 'AKL', 'X AKL 1', '1001', '202'),
(3014337, 218090, 'MARCEL EDHI SUTIKNA', 'AKL', 'X AKL 1', '1001', '202'),
(3015271, 218092, 'NABILAH INTAN NURAINI', 'AKL', 'X AKL 1', '1001', '202'),
(3016183, 218093, 'NAILATUSY ARIBAH TASIMA', 'AKL', 'X AKL 1', '1001', '202'),
(3017943, 218095, 'NATASYA ANANDA SANTOSO', 'AKL', 'X AKL 1', '1001', '202'),
(3018560, 218099, 'NAZWA AULIA SALSABILLA', 'AKL', 'X AKL 1', '1001', '202'),
(3019808, 218100, 'NIDA KHOIRURRAHMAH', 'AKL', 'X AKL 1', '1001', '202'),
(3020642, 218103, 'RAMANDA OKTAVIANI', 'AKL', 'X AKL 1', '1001', '202'),
(3021921, 218104, 'RAMDZAN MULIAWAN TRAH SAPUTRA', 'AKL', 'X AKL 1', '1001', '202'),
(3022665, 218106, 'SADIAH', 'AKL', 'X AKL 1', '1001', '202'),
(3023608, 218110, 'SHEREN FEBRIANI', 'AKL', 'X AKL 1', '1001', '202'),
(3024422, 218111, 'STEVANI PUTRI WIJAYA', 'AKL', 'X AKL 1', '1001', '202'),
(3025469, 218112, 'TIARA PUSPITA SARI', 'AKL', 'X AKL 1', '1001', '202'),
(3026486, 218113, 'VANI HARIYANTI', 'AKL', 'X AKL 1', '1001', '202'),
(3027162, 218069, 'ADITYA PRATAMA', 'AKL', 'X AKL 2', '1001', '202'),
(3028738, 218070, 'ADUTA BAYHAQI', 'AKL', 'X AKL 2', '1001', '202'),
(3029961, 218071, 'AHMAD RIDWAN', 'AKL', 'X AKL 2', '1001', '202'),
(3030586, 218075, 'ANIN DWI RAHMAWATI', 'AKL', 'X AKL 2', '1001', '202'),
(3031611, 218076, 'AULIA DZURUN NAFIS', 'AKL', 'X AKL 2', '1001', '202'),
(3032396, 218079, 'Cherryl Deandya Khalishah', 'AKL', 'X AKL 2', '1001', '202'),
(3033869, 218229, 'DEWI PURNAMA SARI', 'AKL', 'X AKL 2', '1001', '202'),
(3034399, 218082, 'DWI PRAMBANDARI', 'AKL', 'X AKL 2', '1001', '202'),
(3035389, 218083, 'ERIKA ILMANISA', 'AKL', 'X AKL 2', '1001', '202'),
(3036994, 218086, 'INEU SANTIKA', 'AKL', 'X AKL 2', '1001', '202'),
(3037909, 218088, 'INTAN MAHARANI', 'AKL', 'X AKL 2', '1001', '202'),
(3038524, 218089, 'IRWANSYAH', 'AKL', 'X AKL 2', '1001', '202'),
(3039658, 218091, 'MUHAMMAD YUSUF FADLAN', 'AKL', 'X AKL 2', '1001', '202'),
(3040457, 218094, 'NANDA AULYA ARIYANDI', 'AKL', 'X AKL 2', '1001', '202'),
(3041806, 218096, 'NATASYA PELITA RAMADHANI', 'AKL', 'X AKL 2', '1001', '202'),
(3042681, 218097, 'NAURAH SASMITA PUTRI', 'AKL', 'X AKL 2', '1001', '202'),
(3043690, 218098, 'NAYLA PUTRI RAHARI', 'AKL', 'X AKL 2', '1001', '202'),
(3044717, 218101, 'NISA UL HASANAH', 'AKL', 'X AKL 2', '1001', '202'),
(3045124, 218102, 'ORYSA SATIVA', 'AKL', 'X AKL 2', '1001', '202'),
(3046462, 218225, 'RIVAL WAHYUDIN', 'AKL', 'X AKL 2', '1001', '202'),
(3047591, 218105, 'RIZKY DWI KARNADI', 'AKL', 'X AKL 2', '1001', '202'),
(3048600, 218107, 'SARAH AULIYA', 'AKL', 'X AKL 2', '1001', '202'),
(3049679, 218108, 'SATRIA PUTRA', 'AKL', 'X AKL 2', '1001', '202'),
(3050571, 218109, 'SELO GIRI ADJI PANGESTU', 'AKL', 'X AKL 2', '1001', '202'),
(3051708, 218114, 'WULAN SUCI PUSPITASARI', 'AKL', 'X AKL 2', '1001', '202'),
(3052736, 218115, 'WULAN TARI', 'AKL', 'X AKL 2', '1001', '202'),
(3053469, 218182, 'AKBAR SADEWA', 'BDP', 'X BDP 1', '1001', '202'),
(3054603, 218185, 'ARDIONA ATTA SAPUTRA', 'BDP', 'X BDP 1', '1001', '202'),
(3055684, 218188, 'BRILLIANT MUHAMMAD PRANAYA', 'BDP', 'X BDP 1', '1001', '202'),
(3056341, 218189, 'CHINDY WULAN SARI ', 'BDP', 'X BDP 1', '1001', '202'),
(3057986, 218190, 'DAYDAEL RAHMAT PRIHARTONO', 'BDP', 'X BDP 1', '1001', '202'),
(3058546, 218191, 'DEVINNA CHRISTIANAH', 'BDP', 'X BDP 1', '1001', '202'),
(3059278, 218193, 'DIKI MUZALFA', 'BDP', 'X BDP 1', '1001', '202'),
(3060402, 218196, 'FIONA FASTAG FARA', 'BDP', 'X BDP 1', '1001', '202'),
(3061229, 218197, 'GURUH PRIYANDONO', 'BDP', 'X BDP 1', '1001', '202'),
(3062468, 218200, 'KEISYA DWI AMELIA', 'BDP', 'X BDP 1', '1001', '202'),
(3063749, 218202, 'MARCELLINO ADI PRATAMA', 'BDP', 'X BDP 1', '1001', '202'),
(3064764, 218203, 'MIFTAHUL SAPUTRA', 'BDP', 'X BDP 1', '1001', '202'),
(3065824, 218205, 'Muhamad Riansyah', 'BDP', 'X BDP 1', '1001', '202'),
(3066974, 218206, 'MUHAMAD ROZAK', 'BDP', 'X BDP 1', '1001', '202'),
(3067162, 218208, 'MUHAMMAD DAFFA ANSORI', 'BDP', 'X BDP 1', '1001', '202'),
(3068983, 218215, 'SELVIA ELVINA DARAPUSPITA', 'BDP', 'X BDP 1', '1001', '202'),
(3069769, 218217, 'SHANDY PUTRA IRWANSYAH', 'BDP', 'X BDP 1', '1001', '202'),
(3070530, 218218, 'SHOHAIH AGYL SAPUTRA', 'BDP', 'X BDP 1', '1001', '202'),
(3071368, 218221, 'TISYA OCTAVIA RAMADHANI', 'BDP', 'X BDP 1', '1001', '202'),
(3072699, 218222, 'YOEDI', 'BDP', 'X BDP 1', '1001', '202'),
(3073230, 218183, 'ANDHIKA DIAN SAPUTRA', 'BDP', 'X BDP 1', '1001', '202'),
(3074131, 218184, 'ANDRE YULIANTO', 'BDP', 'X BDP 1', '1001', '202'),
(3075444, 218186, 'AULIA ANDINI', 'BDP', 'X BDP 1', '1001', '202'),
(3076748, 218187, 'Bahrudin Siroth', 'BDP', 'X BDP 1', '1001', '202'),
(3077219, 218192, 'DIANA FEBRIASTUTI', 'BDP', 'X BDP 1', '1001', '202'),
(3078839, 218194, 'DINI AULIA', 'BDP', 'X BDP 1', '1001', '202'),
(3079141, 218195, 'FAKHRIY PUTRA MAULANA', 'BDP', 'X BDP 1', '1001', '202'),
(3080334, 218198, 'HAFISTH IKHSAN MAULANA', 'BDP', 'X BDP 1', '1001', '202'),
(3081858, 218199, 'JUNEDI', 'BDP', 'X BDP 1', '1001', '202'),
(3082132, 218201, 'M. SYAH HABIANTO', 'BDP', 'X BDP 1', '1001', '202'),
(3083432, 218204, 'Muhamad Raka Hadi Sanjaya', 'BDP', 'X BDP 1', '1001', '202'),
(3084485, 218207, 'MUHAMMAD DAFFA', 'BDP', 'X BDP 1', '1001', '202'),
(3085367, 218209, 'NUR KHOLIS HENDAR', 'BDP', 'X BDP 1', '1001', '202'),
(3086509, 218210, 'PENDI NUR SETIYAWAN', 'BDP', 'X BDP 1', '1001', '202'),
(3087397, 218211, 'RAMA ADLI ALFIAN', 'BDP', 'X BDP 1', '1001', '202'),
(3088883, 218212, 'RIZKI ANANDA PRASETIA', 'BDP', 'X BDP 1', '1001', '202'),
(3089215, 218214, 'SAHRULDIN', 'BDP', 'X BDP 1', '1001', '202'),
(3090533, 218213, 'Savira Zahra', 'BDP', 'X BDP 1', '1001', '202'),
(3091200, 218216, 'SELVY AYU DAVISTA', 'BDP', 'X BDP 1', '1001', '202'),
(3092136, 218219, 'SIDIK DWI MUNAHZAR', 'BDP', 'X BDP 1', '1001', '202'),
(3093944, 218220, 'SYIFATUL HASANAH', 'BDP', 'X BDP 1', '1001', '202'),
(3094306, 218117, 'ADELIA ANGRAINI ZAHRA', 'OTKP', 'X OTKP 1', '1001', '202'),
(3095924, 218119, 'AGNES PASKA TAMBUNAN', 'OTKP', 'X OTKP 1', '1001', '202'),
(3096957, 218120, 'ALIVIA SUCI RAMADHANI', 'OTKP', 'X OTKP 1', '1001', '202'),
(3097607, 218122, 'Amanda Putri Sitio', 'OTKP', 'X OTKP 1', '1001', '202'),
(3098194, 218123, 'AMANDA YULIA PERMATA SARI', 'OTKP', 'X OTKP 1', '1001', '202'),
(3099224, 218126, 'ANISA DINI AYU AGUSTIN', 'OTKP', 'X OTKP 1', '1001', '202'),
(3100332, 218128, 'ARTIKASARI', 'OTKP', 'X OTKP 1', '1001', '202'),
(3101358, 218130, 'AWALIA PUTRI', 'OTKP', 'X OTKP 1', '1001', '202'),
(3102612, 218133, 'DELLY PUSPITA SARI', 'OTKP', 'X OTKP 1', '1001', '202'),
(3103883, 218134, 'DEWI SHINTA WIJAYA', 'OTKP', 'X OTKP 1', '1001', '202'),
(3104613, 218136, 'DIFA AISYAH PUTRI', 'OTKP', 'X OTKP 1', '1001', '202'),
(3105401, 218137, 'ELSA APRILIA SAFITRI', 'OTKP', 'X OTKP 1', '1001', '202'),
(3106289, 218138, 'FANNY DWI MUNAENI', 'OTKP', 'X OTKP 1', '1001', '202'),
(3107873, 218141, 'Frida Siwi Maysawati', 'OTKP', 'X OTKP 1', '1001', '202'),
(3108685, 218142, 'HARTANTI WIJAYA', 'OTKP', 'X OTKP 1', '1001', '202'),
(3109925, 218144, 'Jesica Trisia Putri', 'OTKP', 'X OTKP 1', '1001', '202'),
(3110408, 218145, 'KALISA NABILA', 'OTKP', 'X OTKP 1', '1001', '202'),
(3111691, 218147, 'LAILAH NURJANAH', 'OTKP', 'X OTKP 1', '1001', '202'),
(3112973, 218148, 'MARSELLINA', 'OTKP', 'X OTKP 1', '1001', '202'),
(3113550, 218149, 'MEI RIYANTI', 'OTKP', 'X OTKP 1', '1001', '202'),
(3114323, 218150, 'NABILA MUKHTAR', 'OTKP', 'X OTKP 1', '1001', '202'),
(3115129, 218154, 'NAGITA ZAHARANI', 'OTKP', 'X OTKP 1', '1001', '202'),
(3116770, 218155, 'Najwa Indah Lestari', 'OTKP', 'X OTKP 1', '1001', '202'),
(3117184, 218157, 'NATASYA ALAWIYAH', 'OTKP', 'X OTKP 1', '1001', '202'),
(3118357, 218163, 'NURUL ZHAHRANI', 'OTKP', 'X OTKP 1', '1001', '202'),
(3119120, 218167, 'RISTY INDRIANI PUTRI', 'OTKP', 'X OTKP 1', '1001', '202'),
(3120352, 218169, 'SALSA ZULFA HISANAH', 'OTKP', 'X OTKP 1', '1001', '202'),
(3121183, 218170, 'SEFHIA MAHARANI', 'OTKP', 'X OTKP 1', '1001', '202'),
(3122570, 218171, 'SILVIANA NUGRAHA', 'OTKP', 'X OTKP 1', '1001', '202'),
(3123505, 218172, 'SILVIE', 'OTKP', 'X OTKP 1', '1001', '202'),
(3124148, 218174, 'SITI TWANTI', 'OTKP', 'X OTKP 1', '1001', '202'),
(3125574, 218175, 'SOFHIANA PUTRI SUTRISNO', 'OTKP', 'X OTKP 1', '1001', '202'),
(3126215, 218179, 'VIVIAN CORNELIA SETIAWAN', 'OTKP', 'X OTKP 1', '1001', '202'),
(3127870, 218118, 'ADELIA ZAHRA KHIRANA', 'OTKP', 'X OTKP 2', '1001', '202'),
(3128774, 218121, 'AMANDA NURMALA', 'OTKP', 'X OTKP 2', '1001', '202'),
(3129324, 218125, 'ANIS SYAHIIDAH MEILANI', 'OTKP', 'X OTKP 2', '1001', '202'),
(3130166, 218127, 'ANISSA', 'OTKP', 'X OTKP 2', '1001', '202'),
(3131630, 218129, 'ASHA SHARA APRIANA', 'OTKP', 'X OTKP 2', '1001', '202'),
(3132168, 218131, 'AZ ZAHRA ZIDNI NAYSABILLA', 'OTKP', 'X OTKP 2', '1001', '202'),
(3133134, 218132, 'DEA RAHMA ALYA', 'OTKP', 'X OTKP 2', '1001', '202'),
(3134697, 218135, 'DHEA RAHMAWATI', 'OTKP', 'X OTKP 2', '1001', '202'),
(3135379, 218139, 'FIKA DAVILA', 'OTKP', 'X OTKP 2', '1001', '202'),
(3136183, 218140, 'FLORA CINDY AULIA', 'OTKP', 'X OTKP 2', '1001', '202'),
(3137921, 218143, 'IRMA SEPTIANI IRWANSYAH', 'OTKP', 'X OTKP 2', '1001', '202'),
(3138591, 218146, 'KHUSNUL KHOTIMATUL ZAHRA', 'OTKP', 'X OTKP 2', '1001', '202'),
(3139167, 218151, 'NABILA PUTRI SETIAWAN', 'OTKP', 'X OTKP 2', '1001', '202'),
(3140409, 218152, 'NABILA SEPTYANA DEWI', 'OTKP', 'X OTKP 2', '1001', '202'),
(3141173, 218153, 'NABYLA', 'OTKP', 'X OTKP 2', '1001', '202'),
(3142679, 218156, 'NANDITA PUTRI RAMADHANI', 'OTKP', 'X OTKP 2', '1001', '202'),
(3143127, 218158, 'NEZA CHARLITA', 'OTKP', 'X OTKP 2', '1001', '202'),
(3144153, 218159, 'NIMAS NUR YAUMI', 'OTKP', 'X OTKP 2', '1001', '202'),
(3145391, 218160, 'NIRMALASARI', 'OTKP', 'X OTKP 2', '1001', '202'),
(3146375, 218161, 'NOVIA AMANDA', 'OTKP', 'X OTKP 2', '1001', '202'),
(3147840, 218162, 'NURHIKMAH', 'OTKP', 'X OTKP 2', '1001', '202'),
(3148254, 218164, 'PUTRI AYU WULANDARI', 'OTKP', 'X OTKP 2', '1001', '202'),
(3149299, 218165, 'RATNA DILAH', 'OTKP', 'X OTKP 2', '1001', '202'),
(3150823, 218166, 'RINI NURBAITI', 'OTKP', 'X OTKP 2', '1001', '202'),
(3151718, 218168, 'RIYANTI WAFIQ AZIZAH', 'OTKP', 'X OTKP 2', '1001', '202'),
(3152947, 218226, 'SALSABILA NURUL FITRI', 'OTKP', 'X OTKP 2', '1001', '202'),
(3153983, 218173, 'SITI MUTIARA WARDAH', 'OTKP', 'X OTKP 2', '1001', '202'),
(3154543, 218176, 'SYAIRA RANI ASMARI PUTRI', 'OTKP', 'X OTKP 2', '1001', '202'),
(3155610, 218177, 'TASYA MUTALIFAH ', 'OTKP', 'X OTKP 2', '1001', '202'),
(3156763, 218178, 'Tria Kartini Wahyudi', 'OTKP', 'X OTKP 2', '1001', '202'),
(3157195, 218180, 'WINDA AULIA', 'OTKP', 'X OTKP 2', '1001', '202'),
(3158168, 218181, 'WINDA RESTU FALIHA', 'OTKP', 'X OTKP 2', '1001', '202'),
(3159763, 217969, 'ADI PRATAMA', 'TKJ', 'X TKJ 1', '2002', '202'),
(3160313, 217971, 'AGUNG RAMADHAN', 'TKJ', 'X TKJ 1', '2002', '202'),
(3161410, 217972, 'Ahmad Agus Tawakal', 'TKJ', 'X TKJ 1', '2002', '202'),
(3162999, 217976, 'ALBERTINUS SABAM SILAEN', 'TKJ', 'X TKJ 1', '2002', '202'),
(3163686, 217978, 'ALFIAN FEBRIYANTO', 'TKJ', 'X TKJ 1', '2002', '202'),
(3164759, 217979, 'ALFIAN NUR ILHAM', 'TKJ', 'X TKJ 1', '2002', '202'),
(3165823, 217980, 'ALPIN RAMADAN SETIAWAN', 'TKJ', 'X TKJ 1', '2002', '202'),
(3166920, 217994, 'DENTA FITRI NOVIANI', 'TKJ', 'X TKJ 1', '2002', '202'),
(3167575, 218000, 'EGI KURNIA', 'TKJ', 'X TKJ 1', '2002', '202'),
(3168261, 218001, 'EGNER CONSTANTIN', 'TKJ', 'X TKJ 1', '2002', '202'),
(3169627, 218002, 'ERICH JALEMBA JUNIARTA', 'TKJ', 'X TKJ 1', '2002', '202'),
(3170198, 218004, 'FADLY ERLANGGA', 'TKJ', 'X TKJ 1', '2002', '202'),
(3171169, 218007, 'FATHYA AULIA', 'TKJ', 'X TKJ 1', '2002', '202'),
(3172261, 218010, 'FIKHAR HADISAPUTRA', 'TKJ', 'X TKJ 1', '2002', '202'),
(3173415, 218014, 'FRANS LEONARDO HADIWINATA', 'TKJ', 'X TKJ 1', '2002', '202'),
(3174747, 218017, 'GILANG MAULANA AKBAR', 'TKJ', 'X TKJ 1', '2002', '202'),
(3175971, 218019, 'HAFIDZ SYAHPUTRO', 'TKJ', 'X TKJ 1', '2002', '202'),
(3176420, 218025, 'KELVIN OKTA RAMADHAN', 'TKJ', 'X TKJ 1', '2002', '202'),
(3177794, 218027, 'MAULANA IKSAN', 'TKJ', 'X TKJ 1', '2002', '202'),
(3178443, 218028, 'MOHAMAD RIZKI', 'TKJ', 'X TKJ 1', '2002', '202'),
(3179350, 218034, 'MUHAMAD SUBASTIAN', 'TKJ', 'X TKJ 1', '2002', '202'),
(3180550, 218037, 'MUHAMMAD ANGGI SAPUTRA', 'TKJ', 'X TKJ 1', '2002', '202'),
(3181256, 218038, 'MUHAMMAD DAFFI', 'TKJ', 'X TKJ 1', '2002', '202'),
(3182417, 218228, 'Muhammad Nur Arifin', 'TKJ', 'X TKJ 1', '2002', '202'),
(3183111, 218043, 'MUHAMMAD RIZKY AL AKBAR', 'TKJ', 'X TKJ 1', '2002', '202'),
(3184504, 218045, 'NOVAL RAMADAN', 'TKJ', 'X TKJ 1', '2002', '202'),
(3185921, 218047, 'NOVEL SYAHPUTRA HALIM', 'TKJ', 'X TKJ 1', '2002', '202'),
(3186437, 218048, 'PANJI RAHMADI', 'TKJ', 'X TKJ 1', '2002', '202'),
(3187274, 218051, 'RADIS SETIAWAN', 'TKJ', 'X TKJ 1', '2002', '202'),
(3188591, 218052, 'RAFA MAULANA ARDIANSYAH', 'TKJ', 'X TKJ 1', '2002', '202'),
(3189332, 218053, 'RAFLI AGUNG PRAYOGA', 'TKJ', 'X TKJ 1', '2002', '202'),
(3190642, 218062, 'SIGIT NURCAHYONO', 'TKJ', 'X TKJ 1', '2002', '202'),
(3191454, 218065, 'TYO RIYADI SYAPUTRA', 'TKJ', 'X TKJ 1', '2002', '202'),
(3192754, 218066, 'YULIO LUKAS ADRIANO HUTAGAOL', 'TKJ', 'X TKJ 1', '2002', '202'),
(3193499, 218067, 'ZIDAN RIZKY RAMADHAN', 'TKJ', 'X TKJ 1', '2002', '202'),
(3194791, 217968, 'ADE IRSAD ABIDIN', 'TKJ', 'X TKJ 2', '2002', '202'),
(3195800, 217970, 'Afrizal Ardiansyah', 'TKJ', 'X TKJ 2', '2002', '202'),
(3196855, 217975, 'ALBASRAH MOHAMAD SALEH RAGO', 'TKJ', 'X TKJ 2', '2002', '202'),
(3197303, 217977, 'ALDI AWALUDIN', 'TKJ', 'X TKJ 2', '2002', '202'),
(3198262, 217981, 'ANDIKA', 'TKJ', 'X TKJ 2', '2002', '202'),
(3199151, 217984, 'ARDESTA KURNIAWAN', 'TKJ', 'X TKJ 2', '2002', '202'),
(3200157, 217985, 'ARDI DANU ANGGARA', 'TKJ', 'X TKJ 2', '2002', '202'),
(3201147, 217986, 'ARIEL ILHAMI', 'TKJ', 'X TKJ 2', '2002', '202'),
(3202876, 217988, 'BAYU SAPUTRA', 'TKJ', 'X TKJ 2', '2002', '202'),
(3203430, 217990, 'DAMARUDIN', 'TKJ', 'X TKJ 2', '2002', '202'),
(3204660, 217993, 'DEDI MARDIYANSAH', 'TKJ', 'X TKJ 2', '2002', '202'),
(3205864, 217995, 'DEVFRAN ADITYA SUHERNO PUTRA', 'TKJ', 'X TKJ 2', '2002', '202'),
(3206442, 217996, 'DHIMAS KURNIAWAN BASORI', 'TKJ', 'X TKJ 2', '2002', '202'),
(3207424, 217999, 'Diki Ramadan', 'TKJ', 'X TKJ 2', '2002', '202'),
(3208716, 218005, 'FAJAR NUGRAHA', 'TKJ', 'X TKJ 2', '2002', '202'),
(3209371, 218011, 'FIKRI FAHREZA', 'TKJ', 'X TKJ 2', '2002', '202'),
(3210379, 218013, 'FIRMANSYAH', 'TKJ', 'X TKJ 2', '2002', '202'),
(3211528, 218018, 'HABIB SUFYAN FADILLAH', 'TKJ', 'X TKJ 2', '2002', '202'),
(3212507, 218020, 'HAIKAL FIKRI NURWANTO', 'TKJ', 'X TKJ 2', '2002', '202'),
(3213766, 218021, 'I PT.GALIHANDRA REVA ULUM DINATA', 'TKJ', 'X TKJ 2', '2002', '202'),
(3214512, 218022, 'ILHAM RAHMATTULLOH', 'TKJ', 'X TKJ 2', '2002', '202'),
(3215334, 218023, 'INDAH FAAKHIRA SEBASTIAN', 'TKJ', 'X TKJ 2', '2002', '202'),
(3216697, 218024, 'KEFIN HIDAYAT', 'TKJ', 'X TKJ 2', '2002', '202'),
(3217603, 218030, 'MUHAMAD ARDIANSYAH', 'TKJ', 'X TKJ 2', '2002', '202'),
(3218328, 218039, 'MUHAMMAD MAULANA RAMDHANI', 'TKJ', 'X TKJ 2', '2002', '202'),
(3219527, 218040, 'MUHAMMAD NANDA FIRMANSYAH', 'TKJ', 'X TKJ 2', '2002', '202'),
(3220135, 218042, 'MUHAMMAD RIFKI RABBANI', 'TKJ', 'X TKJ 2', '2002', '202'),
(3221869, 218044, 'NADIA NURLITA', 'TKJ', 'X TKJ 2', '2002', '202'),
(3222672, 218049, 'PINDY AUGY SEPTIANU PUTRA', 'TKJ', 'X TKJ 2', '2002', '202'),
(3223245, 218050, 'PITON', 'TKJ', 'X TKJ 2', '2002', '202'),
(3224200, 218055, 'RIFQI AZHAR SAPUTRA', 'TKJ', 'X TKJ 2', '2002', '202'),
(3225191, 218059, 'Rizky Bagaskoro', 'TKJ', 'X TKJ 2', '2002', '202'),
(3226980, 218060, 'ROFIQY MIRYAL AL MURTADHA', 'TKJ', 'X TKJ 2', '2002', '202'),
(3227481, 218061, 'SATRIAWAN TRIE SAPUTRA', 'TKJ', 'X TKJ 2', '2002', '202'),
(3228145, 217973, 'AHMAD SAPUTRA', 'TKJ', 'X TKJ 3', '2002', '202'),
(3229791, 217974, 'AKMAL FEBRYANSYAH', 'TKJ', 'X TKJ 3', '2002', '202'),
(3230675, 217982, 'ANDYKA PUTRA PRASETYA', 'TKJ', 'X TKJ 3', '2002', '202'),
(3231953, 217983, 'Anis Tiarawati', 'TKJ', 'X TKJ 3', '2002', '202'),
(3232437, 217987, 'ARMANDA PUTRA', 'TKJ', 'X TKJ 3', '2002', '202'),
(3233923, 217989, 'CHANDRA ANDIKA', 'TKJ', 'X TKJ 3', '2002', '202'),
(3234442, 217991, 'DAVI TRISNA PRASETYA', 'TKJ', 'X TKJ 3', '2002', '202'),
(3235451, 217992, 'DAVID HERMANSYAH', 'TKJ', 'X TKJ 3', '2002', '202'),
(3236138, 217997, 'Diah Sintia', 'TKJ', 'X TKJ 3', '2002', '202'),
(3237503, 217998, 'DIEGO RAFI GHATHFAAN', 'TKJ', 'X TKJ 3', '2002', '202'),
(3238612, 218003, 'FABRIAN AFRIANSYAH', 'TKJ', 'X TKJ 3', '2002', '202'),
(3239377, 218006, 'FARIJ ASHIDIQI', 'TKJ', 'X TKJ 3', '2002', '202'),
(3240268, 218008, 'FELIX ADIKA', 'TKJ', 'X TKJ 3', '2002', '202'),
(3241850, 218009, 'FICRI CHOIRUL IMAM', 'TKJ', 'X TKJ 3', '2002', '202'),
(3242897, 218012, 'FIRGIE HAFIANSYAH FAHREVI ', 'TKJ', 'X TKJ 3', '2002', '202'),
(3243695, 218015, 'GAFARA EKA FAHRIZA', 'TKJ', 'X TKJ 3', '2002', '202'),
(3244541, 218016, 'GHUFRON KHAIRULLAH', 'TKJ', 'X TKJ 3', '2002', '202'),
(3245741, 218026, 'KHARENAL ARDIANTONY', 'TKJ', 'X TKJ 3', '2002', '202'),
(3246207, 218029, 'MUHAMAD APRIANSYAH', 'TKJ', 'X TKJ 3', '2002', '202'),
(3247227, 218031, 'MUHAMAD CHAIRIEL', 'TKJ', 'X TKJ 3', '2002', '202'),
(3248562, 218032, 'MUHAMAD RIZKY', 'TKJ', 'X TKJ 3', '2002', '202'),
(3249254, 218033, 'Muhamad Rizky Farizah', 'TKJ', 'X TKJ 3', '2002', '202'),
(3250427, 218035, 'MUHAMMAD AFDANY PUTRA WIJAYA', 'TKJ', 'X TKJ 3', '2002', '202'),
(3251818, 218036, 'MUHAMMAD ALFARIZA', 'TKJ', 'X TKJ 3', '2002', '202'),
(3252635, 218041, 'MUHAMMAD REZA BAGUS SAPUTRA', 'TKJ', 'X TKJ 3', '2002', '202'),
(3253204, 218227, 'MUHAMMAD RISKY', 'TKJ', 'X TKJ 3', '2002', '202'),
(3254905, 218046, 'NOVALLINO', 'TKJ', 'X TKJ 3', '2002', '202'),
(3255485, 218054, 'RAFLY RAMADHAN LESMANA', 'TKJ', 'X TKJ 3', '2002', '202'),
(3256299, 218056, 'RIFQI FADILLA DWIKA', 'TKJ', 'X TKJ 3', '2002', '202'),
(3257690, 218057, 'RISVAL ANGGRA RESTA', 'TKJ', 'X TKJ 3', '2002', '202'),
(3258383, 218058, 'Riyo', 'TKJ', 'X TKJ 3', '2002', '202'),
(3259396, 218224, 'SANDY PUTRA', 'TKJ', 'X TKJ 3', '2002', '202'),
(3260767, 218063, 'Syahril Suganda Saputra', 'TKJ', 'X TKJ 3', '2002', '202'),
(3261499, 218064, 'TUBAGUS ABU BAKAR ZEIN', 'TKJ', 'X TKJ 3', '2002', '202'),
(3262206, 207714, 'ANDREAS ADIANTO', 'AKL', 'XI AKL 1', '3003', '202'),
(3263159, 207719, 'AULIA FATIKA SARI', 'AKL', 'XI AKL 1', '3003', '202'),
(3264374, 207720, 'BINTANG RAMADHANI', 'AKL', 'XI AKL 1', '3003', '202'),
(3265884, 207722, 'Choirul Akmal Hidayat', 'AKL', 'XI AKL 1', '3003', '202'),
(3266424, 207723, 'DEA MARCELLANI', 'AKL', 'XI AKL 1', '3003', '202'),
(3267687, 207724, 'DESFIANAPUTRI WIDYARSANTI', 'AKL', 'XI AKL 1', '3003', '202'),
(3268332, 207727, 'DEVIANA FERNANDA ', 'AKL', 'XI AKL 1', '3003', '202'),
(3269114, 207730, 'FADILLAH ROHMAN', 'AKL', 'XI AKL 1', '3003', '202'),
(3270825, 207731, 'FAUZI WIBOWO', 'AKL', 'XI AKL 1', '3003', '202'),
(3271867, 207733, 'FERDIYANSAH', 'AKL', 'XI AKL 1', '3003', '202'),
(3272625, 207735, 'Fitri Nur Indriani', 'AKL', 'XI AKL 1', '3003', '202'),
(3273628, 207736, 'FITRI ZETIRA SALSA', 'AKL', 'XI AKL 1', '3003', '202'),
(3274675, 207738, 'HABIB YAZID FIKRIANSYAH', 'AKL', 'XI AKL 1', '3003', '202'),
(3275355, 207739, 'Hani Astuti', 'AKL', 'XI AKL 1', '3003', '202'),
(3276199, 207740, 'HELEN SETIABUDI', 'AKL', 'XI AKL 1', '3003', '202'),
(3277266, 207741, 'HERLINA SETIAWAN', 'AKL', 'XI AKL 1', '3003', '202'),
(3278519, 207743, 'ILMA AMALIA', 'AKL', 'XI AKL 1', '3003', '202'),
(3279533, 207744, 'IVANA CHANAFI', 'AKL', 'XI AKL 1', '3003', '202'),
(3280246, 207745, 'JOSIANA GARETZA', 'AKL', 'XI AKL 1', '3003', '202'),
(3281219, 207753, 'MAYDA CHANAFI', 'AKL', 'XI AKL 1', '3003', '202'),
(3282848, 207758, 'MUHAMAD RAFI EKA SAPUTRA', 'AKL', 'XI AKL 1', '3003', '202'),
(3283757, 207748, 'MUHAMMAD ARYA DIVA', 'AKL', 'XI AKL 1', '3003', '202'),
(3284295, 207759, 'NABILA APRILIA SANI', 'AKL', 'XI AKL 1', '3003', '202'),
(3285324, 207760, 'NAJWA SABILLA AMRI', 'AKL', 'XI AKL 1', '3003', '202'),
(3286905, 207764, 'NOVIA ADRIANA ELISANTY', 'AKL', 'XI AKL 1', '3003', '202'),
(3287477, 207767, 'RAFA MALIKI ARDIANSYAH', 'AKL', 'XI AKL 1', '3003', '202'),
(3288370, 207768, 'RAHMA SAECAR ROSSA LIANI', 'AKL', 'XI AKL 1', '3003', '202'),
(3289426, 207769, 'RAHMAH', 'AKL', 'XI AKL 1', '3003', '202'),
(3290716, 207770, 'RAKHEL MARYAM', 'AKL', 'XI AKL 1', '3003', '202'),
(3291622, 207771, 'RATU NUR AYUNINGTIAS', 'AKL', 'XI AKL 1', '3003', '202'),
(3292302, 207774, 'REVANI NADYA DESWIT', 'AKL', 'XI AKL 1', '3003', '202'),
(3293271, 207780, 'ROSY GUSRIA NINGRUM', 'AKL', 'XI AKL 1', '3003', '202'),
(3294677, 207784, 'SISKA AULIA WARYANTO', 'AKL', 'XI AKL 1', '3003', '202'),
(3295873, 207785, 'SITI POUJIYAN', 'AKL', 'XI AKL 1', '3003', '202'),
(3296181, 207786, 'Sri Rahayu Wandirah', 'AKL', 'XI AKL 1', '3003', '202'),
(3297709, 207788, 'SURYANI', 'AKL', 'XI AKL 1', '3003', '202'),
(3298256, 207791, 'Vania Putri Wijaya', 'AKL', 'XI AKL 1', '3003', '202'),
(3299577, 207792, 'VIANA PATRICIA ANG', 'AKL', 'XI AKL 1', '3003', '202'),
(3300226, 207793, 'VIKKY PRIMA SUPELI', 'AKL', 'XI AKL 1', '3003', '202'),
(3301136, 207794, 'ZAHRA AMELIA PUTRI', 'AKL', 'XI AKL 1', '3003', '202'),
(3302993, 207796, 'ZAHRAH LUTFI FEBRIANA', 'AKL', 'XI AKL 1', '3003', '202'),
(3303425, 207712, 'Ahmad Faisal Risaldi', 'AKL', 'XI AKL 2', '3003', '202'),
(3304231, 207713, 'AHMAD TRI APIYAN', 'AKL', 'XI AKL 2', '3003', '202'),
(3305619, 207715, 'ANDRI DWI KURNIAWAN', 'AKL', 'XI AKL 2', '3003', '202'),
(3306783, 207716, 'ARDIAN SYAH', 'AKL', 'XI AKL 2', '3003', '202'),
(3307737, 207717, 'ARIA KRISNA JOHAERI', 'AKL', 'XI AKL 2', '3003', '202'),
(3308124, 207721, 'CECE CUMAIDA', 'AKL', 'XI AKL 2', '3003', '202'),
(3309120, 207725, 'DESI WULANDARI', 'AKL', 'XI AKL 2', '3003', '202'),
(3310784, 207726, 'Deva Puspitasari', 'AKL', 'XI AKL 2', '3003', '202');
INSERT INTO `siswa` (`id_siswa`, `nis`, `nama_siswa`, `jurusan`, `kelas`, `group_kelas`, `tahun_ajaran`) VALUES
(3311138, 207728, 'DIAH PUTRI LESTARI', 'AKL', 'XI AKL 2', '3003', '202'),
(3312619, 207729, 'EKA ROHMAWATI', 'AKL', 'XI AKL 2', '3003', '202'),
(3313453, 207732, 'FELIANI MEI ASTUTI', 'AKL', 'XI AKL 2', '3003', '202'),
(3314335, 207737, 'FITRIANA', 'AKL', 'XI AKL 2', '3003', '202'),
(3315741, 207742, 'IIN RISKAWATI', 'AKL', 'XI AKL 2', '3003', '202'),
(3316546, 207746, 'LISTIAWATI', 'AKL', 'XI AKL 2', '3003', '202'),
(3317559, 207749, 'MANDA AGRISTINA', 'AKL', 'XI AKL 2', '3003', '202'),
(3318674, 207750, 'Marselina', 'AKL', 'XI AKL 2', '3003', '202'),
(3319407, 207751, 'MARSYA OLIVIA FARHAH', 'AKL', 'XI AKL 2', '3003', '202'),
(3320353, 207752, 'MAYA FIRDAUS SARI', 'AKL', 'XI AKL 2', '3003', '202'),
(3321597, 207754, 'MAYSEL FIDELA', 'AKL', 'XI AKL 2', '3003', '202'),
(3322385, 207755, 'MIRA YANTI', 'AKL', 'XI AKL 2', '3003', '202'),
(3323198, 207756, 'Mohamad Aldi Herdiansah', 'AKL', 'XI AKL 2', '3003', '202'),
(3324295, 207757, 'MUHAMAD MIFTAHUL ATHO', 'AKL', 'XI AKL 2', '3003', '202'),
(3325694, 207761, 'NAZWA DWI FADILLAH', 'AKL', 'XI AKL 2', '3003', '202'),
(3326482, 207762, 'NITA AGUSTINA', 'AKL', 'XI AKL 2', '3003', '202'),
(3327641, 207763, 'NIYA LASITA', 'AKL', 'XI AKL 2', '3003', '202'),
(3328863, 207765, 'NUR KHOIRUNISA', 'AKL', 'XI AKL 2', '3003', '202'),
(3329350, 207766, 'PUTRI SELVIANA', 'AKL', 'XI AKL 2', '3003', '202'),
(3330359, 207772, 'Rayhan Muhammad Dafansyah', 'AKL', 'XI AKL 2', '3003', '202'),
(3331125, 207773, 'RENI MUTIA', 'AKL', 'XI AKL 2', '3003', '202'),
(3332669, 207775, 'REZA SHAFIRA WIJAYA', 'AKL', 'XI AKL 2', '3003', '202'),
(3333556, 207776, 'RINI ALFIYANI', 'AKL', 'XI AKL 2', '3003', '202'),
(3334380, 207777, 'RISKA NURUL KHOTIMAH', 'AKL', 'XI AKL 2', '3003', '202'),
(3335437, 207778, 'RISKI SETIAWAN', 'AKL', 'XI AKL 2', '3003', '202'),
(3336376, 207779, 'ROFAH', 'AKL', 'XI AKL 2', '3003', '202'),
(3337111, 207781, 'Ryan Septian', 'AKL', 'XI AKL 2', '3003', '202'),
(3338828, 207782, 'SEPTI AMINATUL CHASANAH', 'AKL', 'XI AKL 2', '3003', '202'),
(3339959, 207787, 'SUCI RIJKIA SARI', 'AKL', 'XI AKL 2', '3003', '202'),
(3340404, 207789, 'SYAVANA EKI FEBRIYANTI', 'AKL', 'XI AKL 2', '3003', '202'),
(3341832, 207790, 'THERESIA BUI HERA', 'AKL', 'XI AKL 2', '3003', '202'),
(3342287, 207795, 'ZAHRA AZIZAH DHAIFULLAH', 'AKL', 'XI AKL 2', '3003', '202'),
(3343562, 207797, 'ZAHRA NUR NABILA', 'AKL', 'XI AKL 2', '3003', '202'),
(3344281, 207887, 'ABDULLAH RIYAD', 'BDP', 'XI BDP 1', '3003', '202'),
(3345188, 207892, 'Anis Karsella', 'BDP', 'XI BDP 1', '3003', '202'),
(3346413, 207894, 'AQIL IRBANI', 'BDP', 'XI BDP 1', '3003', '202'),
(3347415, 207897, 'DAVID ERIK HERMAWAN', 'BDP', 'XI BDP 1', '3003', '202'),
(3348217, 207899, 'DELLA NORMAYANTIKA', 'BDP', 'XI BDP 1', '3003', '202'),
(3349626, 207900, 'DENNIS RAFAEL', 'BDP', 'XI BDP 1', '3003', '202'),
(3350849, 207901, 'DEVIDA AULIA', 'BDP', 'XI BDP 1', '3003', '202'),
(3351817, 207902, 'DEVINA LORENZA KURNIA PUTRY', 'BDP', 'XI BDP 1', '3003', '202'),
(3352952, 207903, 'DINA CAHYANI', 'BDP', 'XI BDP 1', '3003', '202'),
(3353423, 207904, 'ELISA FEBRIYANTI', 'BDP', 'XI BDP 1', '3003', '202'),
(3354594, 207905, 'FADLY MUHAMAD NUGRAHA', 'BDP', 'XI BDP 1', '3003', '202'),
(3355425, 207906, 'Fatmah Ayu', 'BDP', 'XI BDP 1', '3003', '202'),
(3356782, 207907, 'FEBRIAN FRANSIUS', 'BDP', 'XI BDP 1', '3003', '202'),
(3357372, 207909, 'FERIYAN SYAH', 'BDP', 'XI BDP 1', '3003', '202'),
(3358830, 207914, 'IQBAL ILHAM SYAH', 'BDP', 'XI BDP 1', '3003', '202'),
(3359199, 207916, 'KEZIA CAROLINA NONITEMA', 'BDP', 'XI BDP 1', '3003', '202'),
(3360602, 207921, 'Maysia Laurent Yosephin', 'BDP', 'XI BDP 1', '3003', '202'),
(3361855, 207924, 'MUHAMMAD AJI SURAHMAN', 'BDP', 'XI BDP 1', '3003', '202'),
(3362604, 207928, 'MUHAMMAD FIRDAUS', 'BDP', 'XI BDP 1', '3003', '202'),
(3363954, 207929, 'MUHAMMAD NOVAL ADITYA', 'BDP', 'XI BDP 1', '3003', '202'),
(3364469, 207930, 'MUHAMMAD REVALDI', 'BDP', 'XI BDP 1', '3003', '202'),
(3365437, 207931, 'MUSLIM AZIZ ABDILLAH', 'BDP', 'XI BDP 1', '3003', '202'),
(3366259, 207932, 'Nabila Rizky Tirtananda', 'BDP', 'XI BDP 1', '3003', '202'),
(3367301, 207934, 'Nicholas', 'BDP', 'XI BDP 1', '3003', '202'),
(3368507, 207936, 'NUR INTAN AULIA RAHMADINAH', 'BDP', 'XI BDP 1', '3003', '202'),
(3369608, 207938, 'PENDI PRASETYO', 'BDP', 'XI BDP 1', '3003', '202'),
(3370401, 207939, 'PERNANDO SAPUTRA', 'BDP', 'XI BDP 1', '3003', '202'),
(3371864, 207940, 'PINGKAN LAILA OKTAVIANI', 'BDP', 'XI BDP 1', '3003', '202'),
(3372882, 207941, 'Preti Audia', 'BDP', 'XI BDP 1', '3003', '202'),
(3373690, 207942, 'PUTRI', 'BDP', 'XI BDP 1', '3003', '202'),
(3374452, 207944, 'PUTRI ARIYANI', 'BDP', 'XI BDP 1', '3003', '202'),
(3375678, 207943, 'PUTRI AULIA', 'BDP', 'XI BDP 1', '3003', '202'),
(3376827, 207945, 'RAGIL NURIL ANWAR', 'BDP', 'XI BDP 1', '3003', '202'),
(3377452, 207946, 'RAHMA FITRIYANI', 'BDP', 'XI BDP 1', '3003', '202'),
(3378930, 207952, 'Rini Rustrimiati', 'BDP', 'XI BDP 1', '3003', '202'),
(3379318, 207953, 'RIVALDI AFRIAN', 'BDP', 'XI BDP 1', '3003', '202'),
(3380908, 207961, 'TEGUH SOLEH', 'BDP', 'XI BDP 1', '3003', '202'),
(3381902, 207962, 'ULFA NURMAYANTI', 'BDP', 'XI BDP 1', '3003', '202'),
(3382786, 207963, 'Wahyudi', 'BDP', 'XI BDP 1', '3003', '202'),
(3383204, 207965, 'YUSUP SLAMET RAHARJO', 'BDP', 'XI BDP 1', '3003', '202'),
(3384403, 207886, 'ABDUL MUJIB WADI', 'BDP', 'XI BDP 2', '3003', '202'),
(3385927, 207888, 'AHMAD FAIZ RAMDHANI', 'BDP', 'XI BDP 2', '3003', '202'),
(3386220, 207891, 'ANGGI MAULANA', 'BDP', 'XI BDP 2', '3003', '202'),
(3387529, 207893, 'ANNISA RAHMAN', 'BDP', 'XI BDP 2', '3003', '202'),
(3388832, 207895, 'BINTANG WIDIYASTARA ASROFI', 'BDP', 'XI BDP 2', '3003', '202'),
(3389408, 207896, 'BUNGGA ARSITA PUTRI', 'BDP', 'XI BDP 2', '3003', '202'),
(3390627, 207898, 'DEA SABELA PUTRI', 'BDP', 'XI BDP 2', '3003', '202'),
(3391605, 207908, 'FEBRIANSYAH SANJAYA', 'BDP', 'XI BDP 2', '3003', '202'),
(3392195, 207910, 'FIRJATULLAH ANISSA RAHMAN', 'BDP', 'XI BDP 2', '3003', '202'),
(3393860, 207911, 'ILHAM APRILIANSYAH', 'BDP', 'XI BDP 2', '3003', '202'),
(3394611, 207912, 'INDAH AYUNI SARI', 'BDP', 'XI BDP 2', '3003', '202'),
(3395964, 207915, 'IQBAL SURYADI', 'BDP', 'XI BDP 2', '3003', '202'),
(3396463, 207918, 'Ledia Hanifah', 'BDP', 'XI BDP 2', '3003', '202'),
(3397680, 207919, 'LULU NURFAOLA', 'BDP', 'XI BDP 2', '3003', '202'),
(3398346, 207920, 'MARSELA', 'BDP', 'XI BDP 2', '3003', '202'),
(3399665, 207922, 'MOCHAMAD NUR ZAINI', 'BDP', 'XI BDP 2', '3003', '202'),
(3400851, 207925, 'MUHAMAD ARYA APRIYANTO', 'BDP', 'XI BDP 2', '3003', '202'),
(3401563, 207926, 'MUHAMAD DIAS JUNIAWAN', 'BDP', 'XI BDP 2', '3003', '202'),
(3402321, 207927, 'MUHAMMAD FAHRI HERIYANTO', 'BDP', 'XI BDP 2', '3003', '202'),
(3403157, 207933, 'NAJWAH NUR ASYIYAH', 'BDP', 'XI BDP 2', '3003', '202'),
(3404567, 207935, 'NINIS ANNISYA', 'BDP', 'XI BDP 2', '3003', '202'),
(3405909, 207937, 'Patrialis Bayu Putra', 'BDP', 'XI BDP 2', '3003', '202'),
(3406819, 207948, 'Reizhart Afrino Muslim', 'BDP', 'XI BDP 2', '3003', '202'),
(3407891, 207949, 'RENA ANGELITA', 'BDP', 'XI BDP 2', '3003', '202'),
(3408407, 207950, 'REVIN KHUSNADA SAKTI', 'BDP', 'XI BDP 2', '3003', '202'),
(3409682, 207951, 'RIDHO FATARDHO HAMZAH', 'BDP', 'XI BDP 2', '3003', '202'),
(3410956, 207954, 'RIZKY BUDIANTO', 'BDP', 'XI BDP 2', '3003', '202'),
(3411220, 207955, 'SAMSUDIN RADITYA', 'BDP', 'XI BDP 2', '3003', '202'),
(3412477, 207956, 'Septian Budi Riyanto', 'BDP', 'XI BDP 2', '3003', '202'),
(3413837, 207957, 'SILFIANA SARI', 'BDP', 'XI BDP 2', '3003', '202'),
(3414486, 207959, 'SITI NUR HANIFA', 'BDP', 'XI BDP 2', '3003', '202'),
(3415864, 207958, 'Siti Nurfadilah', 'BDP', 'XI BDP 2', '3003', '202'),
(3416981, 207960, 'Syahrul Al Fatah', 'BDP', 'XI BDP 2', '3003', '202'),
(3417972, 207966, 'ZAHRA FITRIA SETIAWAN', 'BDP', 'XI BDP 2', '3003', '202'),
(3418369, 207967, 'ZAZA NUR ANGGRAINI', 'BDP', 'XI BDP 2', '3003', '202'),
(3419600, 207798, 'ALIFA YULISA RAMADHILA', 'OTKP', 'XI OTKP 1', '3003', '202'),
(3420259, 207799, 'ALYA SAFITRI', 'OTKP', 'XI OTKP 1', '3003', '202'),
(3421496, 207800, 'AMANDA EKA MAULANA', 'OTKP', 'XI OTKP 1', '3003', '202'),
(3422842, 207801, 'AMELIA ANANTA PRATIWI', 'OTKP', 'XI OTKP 1', '3003', '202'),
(3423592, 207802, 'AMELIA FERNANDA TANURAHARDJA', 'OTKP', 'XI OTKP 1', '3003', '202'),
(3424353, 207803, 'Amelia Ismawati', 'OTKP', 'XI OTKP 1', '3003', '202'),
(3425797, 207805, 'ANITA MARISKA', 'OTKP', 'XI OTKP 1', '3003', '202'),
(3426423, 207808, 'APSARINA LAJANA', 'OTKP', 'XI OTKP 1', '3003', '202'),
(3427720, 207809, 'ARIELLA ANDINI', 'OTKP', 'XI OTKP 1', '3003', '202'),
(3428997, 207811, 'AYARIKHA ASIYAH INDARDI', 'OTKP', 'XI OTKP 1', '3003', '202'),
(3429762, 207812, 'AYU RAHMA AULIA', 'OTKP', 'XI OTKP 1', '3003', '202'),
(3430638, 207813, 'AYU SEKAR WANGI', 'OTKP', 'XI OTKP 1', '3003', '202'),
(3431640, 207814, 'CALYSTA MAHARANI', 'OTKP', 'XI OTKP 1', '3003', '202'),
(3432453, 207815, 'Cindy Aulia Putri', 'OTKP', 'XI OTKP 1', '3003', '202'),
(3433626, 207818, 'DEA ANANDA', 'OTKP', 'XI OTKP 1', '3003', '202'),
(3434886, 207819, 'DEA MUTIARA', 'OTKP', 'XI OTKP 1', '3003', '202'),
(3435638, 207820, 'DELIA PINKAN RAHMAWATI', 'OTKP', 'XI OTKP 1', '3003', '202'),
(3436425, 207821, 'DEVA OKTAVIANA', 'OTKP', 'XI OTKP 1', '3003', '202'),
(3437491, 207825, 'Elma Novia Safitri', 'OTKP', 'XI OTKP 1', '3003', '202'),
(3438157, 207828, 'FIRA RESTU HERDIANTI', 'OTKP', 'XI OTKP 1', '3003', '202'),
(3439531, 207830, 'FITRIANI MARA', 'OTKP', 'XI OTKP 1', '3003', '202'),
(3440777, 207836, 'JISCAVIA MAERANY', 'OTKP', 'XI OTKP 1', '3003', '202'),
(3441969, 207837, 'JULIANA DWI PRATIWI', 'OTKP', 'XI OTKP 1', '3003', '202'),
(3442965, 207838, 'JUWITA DE FRETES', 'OTKP', 'XI OTKP 1', '3003', '202'),
(3443920, 207840, 'KRISTINA LUSIANA', 'OTKP', 'XI OTKP 1', '3003', '202'),
(3444864, 207843, 'LULU ULI NUHA ALBANTANI', 'OTKP', 'XI OTKP 1', '3003', '202'),
(3445454, 207844, 'MARIA OKTA STYA LINDA', 'OTKP', 'XI OTKP 1', '3003', '202'),
(3446403, 207851, 'NISRINA FITRIA WIDHAH', 'OTKP', 'XI OTKP 1', '3003', '202'),
(3447579, 207855, 'RAHMAWATI', 'OTKP', 'XI OTKP 1', '3003', '202'),
(3448418, 207858, 'SABRINA AMALIA DEVINAYA', 'OTKP', 'XI OTKP 1', '3003', '202'),
(3449371, 207859, 'Salfarani Putri', 'OTKP', 'XI OTKP 1', '3003', '202'),
(3450187, 207861, 'SARI RAHMAWATI', 'OTKP', 'XI OTKP 1', '3003', '202'),
(3451700, 207862, 'SELVIYANTI MUHSIN', 'OTKP', 'XI OTKP 1', '3003', '202'),
(3452915, 207866, 'SITI AFSYOH TRININGTYAS', 'OTKP', 'XI OTKP 1', '3003', '202'),
(3453246, 207865, 'Siti Febrianti', 'OTKP', 'XI OTKP 1', '3003', '202'),
(3454962, 207867, 'SITI LESTARI', 'OTKP', 'XI OTKP 1', '3003', '202'),
(3455687, 207870, 'SUCI SALVA AULIA', 'OTKP', 'XI OTKP 1', '3003', '202'),
(3456725, 207871, 'SUCI WULAN DINI', 'OTKP', 'XI OTKP 1', '3003', '202'),
(3457826, 207875, 'Tiara Rismayanti', 'OTKP', 'XI OTKP 1', '3003', '202'),
(3458461, 207880, 'WIWID DWI RAHMAWATI', 'OTKP', 'XI OTKP 1', '3003', '202'),
(3459211, 207883, 'YOSI GISELA NINGRUM', 'OTKP', 'XI OTKP 1', '3003', '202'),
(3460531, 207884, 'Yuni Oktapiyana', 'OTKP', 'XI OTKP 1', '3003', '202'),
(3461374, 207885, 'ZAHWA NABILA NATASYAWATI', 'OTKP', 'XI OTKP 1', '3003', '202'),
(3462561, 207804, 'ANANDA PUTRI RAMADHANI', 'OTKP', 'XI OTKP 2', '3003', '202'),
(3463843, 207806, 'ANNISA NUR HIDAYAH', 'OTKP', 'XI OTKP 2', '3003', '202'),
(3464656, 207807, 'APRILLIA IRATUR', 'OTKP', 'XI OTKP 2', '3003', '202'),
(3465135, 207810, 'Aulia Rahma', 'OTKP', 'XI OTKP 2', '3003', '202'),
(3466567, 207816, 'CITRA AULIA SARI', 'OTKP', 'XI OTKP 2', '3003', '202'),
(3467525, 207817, 'CLARA BENITA RAVELIA', 'OTKP', 'XI OTKP 2', '3003', '202'),
(3468589, 207823, 'DIANA ROSANA', 'OTKP', 'XI OTKP 2', '3003', '202'),
(3469280, 207824, 'DWI ANNJANY', 'OTKP', 'XI OTKP 2', '3003', '202'),
(3470393, 207826, 'ELVIRA LUCIANA', 'OTKP', 'XI OTKP 2', '3003', '202'),
(3471952, 207827, 'FIFI RESTU HERDIANTI', 'OTKP', 'XI OTKP 2', '3003', '202'),
(3472353, 207829, 'FIRA SAHIRA', 'OTKP', 'XI OTKP 2', '3003', '202'),
(3473506, 207832, 'HENTI AKILA MARWA', 'OTKP', 'XI OTKP 2', '3003', '202'),
(3474567, 207831, 'HEREN ASHARIANTI', 'OTKP', 'XI OTKP 2', '3003', '202'),
(3475946, 207833, 'INDAH YULITA AZIZ', 'OTKP', 'XI OTKP 2', '3003', '202'),
(3476365, 207834, 'Intan Nur Maicha', 'OTKP', 'XI OTKP 2', '3003', '202'),
(3477486, 207835, 'Irna Amelia Safitri', 'OTKP', 'XI OTKP 2', '3003', '202'),
(3478454, 207841, 'KURNIA YULIANA SAPUTRI', 'OTKP', 'XI OTKP 2', '3003', '202'),
(3479131, 207842, 'LINDA SAFITRI', 'OTKP', 'XI OTKP 2', '3003', '202'),
(3480879, 207845, 'NADIA KHADIJA TEWU', 'OTKP', 'XI OTKP 2', '3003', '202'),
(3481852, 207846, 'NAJWA ADELLA RAMADHANI', 'OTKP', 'XI OTKP 2', '3003', '202'),
(3482543, 207847, 'NANDITA SALSABILA', 'OTKP', 'XI OTKP 2', '3003', '202'),
(3483278, 207848, 'Nayla Khairunnisa', 'OTKP', 'XI OTKP 2', '3003', '202'),
(3484432, 207849, 'NAYLA TASYA', 'OTKP', 'XI OTKP 2', '3003', '202'),
(3485857, 207850, 'NAZWA HANIFAH', 'OTKP', 'XI OTKP 2', '3003', '202'),
(3486410, 207852, 'NOVA SAFITRI', 'OTKP', 'XI OTKP 2', '3003', '202'),
(3487628, 207853, 'Ovris Riyani', 'OTKP', 'XI OTKP 2', '3003', '202'),
(3488254, 207854, 'Pipit Nurlaeli Alpitri', 'OTKP', 'XI OTKP 2', '3003', '202'),
(3489391, 207856, 'RIDHA AMALIAH', 'OTKP', 'XI OTKP 2', '3003', '202'),
(3490979, 207857, 'RIZKA NOVIYANTI', 'OTKP', 'XI OTKP 2', '3003', '202'),
(3491129, 207860, 'SANTI MURJANI', 'OTKP', 'XI OTKP 2', '3003', '202'),
(3492623, 207863, 'SEPTIANI RAHAYU', 'OTKP', 'XI OTKP 2', '3003', '202'),
(3493737, 207864, 'SEVILA', 'OTKP', 'XI OTKP 2', '3003', '202'),
(3494227, 207868, 'Siti Maisaroh', 'OTKP', 'XI OTKP 2', '3003', '202'),
(3495458, 207869, 'SITI NUR HABIBAH', 'OTKP', 'XI OTKP 2', '3003', '202'),
(3496346, 207872, 'SYADIAH NUR LATIFAH', 'OTKP', 'XI OTKP 2', '3003', '202'),
(3497642, 207873, 'TASYA AMELIA', 'OTKP', 'XI OTKP 2', '3003', '202'),
(3498864, 207874, 'THIFAL AZIZAH HARTANTI', 'OTKP', 'XI OTKP 2', '3003', '202'),
(3499157, 207876, 'TIAYU', 'OTKP', 'XI OTKP 2', '3003', '202'),
(3500151, 207877, 'ULPAH LEPIYANI', 'OTKP', 'XI OTKP 2', '3003', '202'),
(3501595, 207878, 'VENDA FERNANDA', 'OTKP', 'XI OTKP 2', '3003', '202'),
(3502213, 207879, 'WILDATUL FADILLAH', 'OTKP', 'XI OTKP 2', '3003', '202'),
(3503766, 207881, 'WULAN SRI RAHAYU', 'OTKP', 'XI OTKP 2', '3003', '202'),
(3504792, 207882, 'Yeni Rahmayanti', 'OTKP', 'XI OTKP 2', '3003', '202'),
(3505461, 207579, 'ADAM WAHYYUDI', 'TKJ', 'XI TKJ 1', '4004', '202'),
(3506604, 207586, 'AHMAD DANY', 'TKJ', 'XI TKJ 1', '4004', '202'),
(3507281, 207592, 'ANGGA PRASETYA PUTRA', 'TKJ', 'XI TKJ 1', '4004', '202'),
(3508351, 207593, 'ANGGA YOGA PRATAMA', 'TKJ', 'XI TKJ 1', '4004', '202'),
(3509745, 207594, 'Anggi Alvianto', 'TKJ', 'XI TKJ 1', '4004', '202'),
(3510837, 207595, 'ARDI PRASETIO', 'TKJ', 'XI TKJ 1', '4004', '202'),
(3511628, 207596, 'ARI ARDIANSYAH', 'TKJ', 'XI TKJ 1', '4004', '202'),
(3512822, 207598, 'ARIFIN', 'TKJ', 'XI TKJ 1', '4004', '202'),
(3513936, 207599, 'Aris Bastyar', 'TKJ', 'XI TKJ 1', '4004', '202'),
(3514417, 207600, 'ARYA ZULFIKAR', 'TKJ', 'XI TKJ 1', '4004', '202'),
(3515505, 207601, 'BAYU FIRMANSYAH', 'TKJ', 'XI TKJ 1', '4004', '202'),
(3516480, 207602, 'Bayu Setiawan', 'TKJ', 'XI TKJ 1', '4004', '202'),
(3517663, 207603, 'CAHYA AJI SAPUTRA', 'TKJ', 'XI TKJ 1', '4004', '202'),
(3518243, 207606, 'CORY INTAN AGUSTIN', 'TKJ', 'XI TKJ 1', '4004', '202'),
(3519321, 207615, 'Dzaky Ramadhani', 'TKJ', 'XI TKJ 1', '4004', '202'),
(3520482, 207621, 'ERIK JAJANG KURNIAWAN', 'TKJ', 'XI TKJ 1', '4004', '202'),
(3521358, 207625, 'FAKHRUL DHAFI', 'TKJ', 'XI TKJ 1', '4004', '202'),
(3522834, 207628, 'FERDIAN AHMAD RUDIANTO', 'TKJ', 'XI TKJ 1', '4004', '202'),
(3523776, 207629, 'FERDIAN WIJAYA ALEXANDRA', 'TKJ', 'XI TKJ 1', '4004', '202'),
(3524151, 207636, 'HARIS', 'TKJ', 'XI TKJ 1', '4004', '202'),
(3525981, 207639, 'HERIXS HIDAYAT', 'TKJ', 'XI TKJ 1', '4004', '202'),
(3526389, 207642, 'Immanuel Tamando Maso', 'TKJ', 'XI TKJ 1', '4004', '202'),
(3527876, 207644, 'Justin Valentino Warouw', 'TKJ', 'XI TKJ 1', '4004', '202'),
(3528175, 207645, 'KELVIN AMANDO ERAWAN', 'TKJ', 'XI TKJ 1', '4004', '202'),
(3529511, 207651, 'Mimin Winata', 'TKJ', 'XI TKJ 1', '4004', '202'),
(3530191, 207664, 'MOHAMMAD KHOIRUL YANI', 'TKJ', 'XI TKJ 1', '4004', '202'),
(3531120, 207656, 'MUHAMAD REZA ANDRIAN', 'TKJ', 'XI TKJ 1', '4004', '202'),
(3532191, 207659, 'MUHAMMAD CAVAN HIZAM', 'TKJ', 'XI TKJ 1', '4004', '202'),
(3533299, 207662, 'Muhammad Gusti Razan', 'TKJ', 'XI TKJ 1', '4004', '202'),
(3534617, 207663, 'Muhammad Hasnul Arifin', 'TKJ', 'XI TKJ 1', '4004', '202'),
(3535214, 207669, 'MUHAMMAD SIROJUDDIN GHOZALI', 'TKJ', 'XI TKJ 1', '4004', '202'),
(3536847, 207672, 'NASHRULLOH FIRDAUS', 'TKJ', 'XI TKJ 1', '4004', '202'),
(3537701, 207674, 'NICHOLLA MULQI BARBAROSSA', 'TKJ', 'XI TKJ 1', '4004', '202'),
(3538519, 207678, 'QALAM RAYDATHUL SABANI', 'TKJ', 'XI TKJ 1', '4004', '202'),
(3539968, 207683, 'RAYNOR SANJIA ANDHIKAFATA', 'TKJ', 'XI TKJ 1', '4004', '202'),
(3540605, 207690, 'RIZAL MAULANA', 'TKJ', 'XI TKJ 1', '4004', '202'),
(3541443, 207695, 'SHEVA SEPTANIO', 'TKJ', 'XI TKJ 1', '4004', '202'),
(3542827, 207696, 'SOPIYAN', 'TKJ', 'XI TKJ 1', '4004', '202'),
(3543733, 207697, 'SUGENG DWI WALUYO', 'TKJ', 'XI TKJ 1', '4004', '202'),
(3544818, 207700, 'SYAHRUL HANAVI', 'TKJ', 'XI TKJ 1', '4004', '202'),
(3545226, 207706, 'WILLYANSYAH', 'TKJ', 'XI TKJ 1', '4004', '202'),
(3546316, 207707, 'YOHANES SETIAWAN', 'TKJ', 'XI TKJ 1', '4004', '202'),
(3547339, 207708, 'YUDHA SEPTYAN', 'TKJ', 'XI TKJ 1', '4004', '202'),
(3548400, 207709, 'ZODI PRASTIYO', 'TKJ', 'XI TKJ 1', '4004', '202'),
(3549330, 207578, 'Abdul Rahman', 'TKJ', 'XI TKJ 2', '4004', '202'),
(3550885, 207582, 'AFIF PRASETYO', 'TKJ', 'XI TKJ 2', '4004', '202'),
(3551230, 207583, 'AGUNG MAULANA FEBRIYANTO', 'TKJ', 'XI TKJ 2', '4004', '202'),
(3552878, 207597, 'ARIF', 'TKJ', 'XI TKJ 2', '4004', '202'),
(3553361, 207604, 'CANDRA AGUS NUGROHO', 'TKJ', 'XI TKJ 2', '4004', '202'),
(3554748, 207605, 'CARLOS LEONARDO', 'TKJ', 'XI TKJ 2', '4004', '202'),
(3555821, 207607, 'DENDI ZAKARIA', 'TKJ', 'XI TKJ 2', '4004', '202'),
(3556950, 207608, 'DENDY CAHYOKO', 'TKJ', 'XI TKJ 2', '4004', '202'),
(3557883, 207610, 'DICKY FADILAH', 'TKJ', 'XI TKJ 2', '4004', '202'),
(3558319, 207612, 'DIMAS ADI SAPUTRA', 'TKJ', 'XI TKJ 2', '4004', '202'),
(3559426, 207614, 'DUWI AMAL MAULIDA AKSAN', 'TKJ', 'XI TKJ 2', '4004', '202'),
(3560682, 207622, 'ERWIN OKTAVIANTO', 'TKJ', 'XI TKJ 2', '4004', '202'),
(3561397, 207623, 'FACHRUL RAMADHAN', 'TKJ', 'XI TKJ 2', '4004', '202'),
(3562347, 207630, 'GALIH ADIVA PRATAMA PUTRA', 'TKJ', 'XI TKJ 2', '4004', '202'),
(3563837, 207634, 'HAERUL ANGGA', 'TKJ', 'XI TKJ 2', '4004', '202'),
(3564912, 207637, 'HARRY RIVALDY', 'TKJ', 'XI TKJ 2', '4004', '202'),
(3565809, 207648, 'MOHAMAD RAGIL ADITYA PUTRA', 'TKJ', 'XI TKJ 2', '4004', '202'),
(3566312, 207661, 'MOHAMMAD FARHAN', 'TKJ', 'XI TKJ 2', '4004', '202'),
(3567841, 207653, 'MOHAMMAD HADI WIJAYA', 'TKJ', 'XI TKJ 2', '4004', '202'),
(3568374, 207658, 'MUHAMMAD AFRIZAL', 'TKJ', 'XI TKJ 2', '4004', '202'),
(3569747, 207660, 'MUHAMMAD DARMA ILLAHI', 'TKJ', 'XI TKJ 2', '4004', '202'),
(3570135, 207665, 'MUHAMMAD PIRMANSAH PUTRA RAGIL ', 'TKJ', 'XI TKJ 2', '4004', '202'),
(3571759, 207666, 'Muhammad Rafandi', 'TKJ', 'XI TKJ 2', '4004', '202'),
(3572565, 207668, 'MUHAMMAD RIDWAN', 'TKJ', 'XI TKJ 2', '4004', '202'),
(3573319, 207650, 'Muhammad Vincen Ramadhan', 'TKJ', 'XI TKJ 2', '4004', '202'),
(3574465, 207671, 'Najib Dzannur', 'TKJ', 'XI TKJ 2', '4004', '202'),
(3575760, 207676, 'PERDANA ANDRE SETIAWAN', 'TKJ', 'XI TKJ 2', '4004', '202'),
(3576761, 207677, 'PUTRA SURYA PRATAMA', 'TKJ', 'XI TKJ 2', '4004', '202'),
(3577540, 207679, 'RACHMAN GANIE', 'TKJ', 'XI TKJ 2', '4004', '202'),
(3578732, 207682, 'RAIHAN MUHAMMAD AKBAR', 'TKJ', 'XI TKJ 2', '4004', '202'),
(3579607, 207684, 'Rehandika Bayu Maarif', 'TKJ', 'XI TKJ 2', '4004', '202'),
(3580715, 207687, 'RENO PRIANDANA', 'TKJ', 'XI TKJ 2', '4004', '202'),
(3581940, 207688, 'REVAN OKTAGIAS RAMADHAN', 'TKJ', 'XI TKJ 2', '4004', '202'),
(3582503, 207689, 'RIAN MAULANA', 'TKJ', 'XI TKJ 2', '4004', '202'),
(3583668, 207691, 'ROSITA ARYANINGSIH', 'TKJ', 'XI TKJ 2', '4004', '202'),
(3584194, 207693, 'SAHRUL ALAM', 'TKJ', 'XI TKJ 2', '4004', '202'),
(3585400, 207692, 'SAIPUL ALI', 'TKJ', 'XI TKJ 2', '4004', '202'),
(3586494, 207694, 'Satria Wahyu Ramadhan ', 'TKJ', 'XI TKJ 2', '4004', '202'),
(3587265, 207699, 'SYAHRIEZA BAGUS WIDIYANTO', 'TKJ', 'XI TKJ 2', '4004', '202'),
(3588843, 207702, 'TEGAR CAHYA PUTRA', 'TKJ', 'XI TKJ 2', '4004', '202'),
(3589850, 207704, 'Ulumuddin Adji Pamungkas', 'TKJ', 'XI TKJ 2', '4004', '202'),
(3590835, 207580, 'ADIS MAULANA', 'TKJ', 'XI TKJ 3', '4004', '202'),
(3591806, 207581, 'ADITTIA DWI SAPUTRA', 'TKJ', 'XI TKJ 3', '4004', '202'),
(3592704, 207584, 'AGUNG PRASETYO NUGROHO', 'TKJ', 'XI TKJ 3', '4004', '202'),
(3593506, 207585, 'AGUS KHOLIFUDIN', 'TKJ', 'XI TKJ 3', '4004', '202'),
(3594568, 207587, 'AHMAD RIPAI', 'TKJ', 'XI TKJ 3', '4004', '202'),
(3595111, 207588, 'AJI PRASSETYO', 'TKJ', 'XI TKJ 3', '4004', '202'),
(3596216, 207589, 'ALTHAF NUR ASEGAF', 'TKJ', 'XI TKJ 3', '4004', '202'),
(3597156, 207590, 'ANANG RAMADHAN', 'TKJ', 'XI TKJ 3', '4004', '202'),
(3598625, 207591, 'ANDI FIRMANSYAH', 'TKJ', 'XI TKJ 3', '4004', '202'),
(3599965, 207609, 'Dewi Rizki Niluardani', 'TKJ', 'XI TKJ 3', '4004', '202'),
(3600544, 207611, 'DIMAS BUDI RIYANTO', 'TKJ', 'XI TKJ 3', '4004', '202'),
(3601962, 207613, 'DION MOHAMAD BARUNA', 'TKJ', 'XI TKJ 3', '4004', '202'),
(3602742, 207616, 'DZAKY ZAHRAN', 'TKJ', 'XI TKJ 3', '4004', '202'),
(3603946, 207617, 'EGA PRATAMA', 'TKJ', 'XI TKJ 3', '4004', '202'),
(3604277, 207619, 'EKY FERDIANSYAH', 'TKJ', 'XI TKJ 3', '4004', '202'),
(3605359, 207620, 'ERI PUTRA PRATAMA', 'TKJ', 'XI TKJ 3', '4004', '202'),
(3606406, 207624, 'FAJAR DWI HARTADI', 'TKJ', 'XI TKJ 3', '4004', '202'),
(3607230, 207627, 'FEBI DWI SULISTIADI', 'TKJ', 'XI TKJ 3', '4004', '202'),
(3608947, 207631, 'GIANLUIGI FADHIL MUSTAQIM', 'TKJ', 'XI TKJ 3', '4004', '202'),
(3609488, 207632, 'GILANG DIAN SAPUTRA', 'TKJ', 'XI TKJ 3', '4004', '202'),
(3610117, 207633, 'GIN GIN', 'TKJ', 'XI TKJ 3', '4004', '202'),
(3611985, 207635, 'HAQI MAULANA', 'TKJ', 'XI TKJ 3', '4004', '202'),
(3612999, 207638, 'Hasrin Abdul Laji', 'TKJ', 'XI TKJ 3', '4004', '202'),
(3613752, 207640, 'I MADE ANTONI', 'TKJ', 'XI TKJ 3', '4004', '202'),
(3614894, 207641, 'IAN SAPUTRA', 'TKJ', 'XI TKJ 3', '4004', '202'),
(3615371, 207643, 'JANUAR BAGUS WIBOWO', 'TKJ', 'XI TKJ 3', '4004', '202'),
(3616479, 207646, 'KUKUH ANGGER MAHARGYO', 'TKJ', 'XI TKJ 3', '4004', '202'),
(3617965, 207647, 'LAKSAMANA PUTRA', 'TKJ', 'XI TKJ 3', '4004', '202'),
(3618891, 207654, 'MOH ALDI NIRWANSYAH', 'TKJ', 'XI TKJ 3', '4004', '202'),
(3619461, 207652, 'MOHAMAD HARYONO', 'TKJ', 'XI TKJ 3', '4004', '202'),
(3620855, 207655, 'MUHAMAD ALBAR ALAMSYAH', 'TKJ', 'XI TKJ 3', '4004', '202'),
(3621570, 207657, 'MUHAMAD RYAN HARDIANSYAH', 'TKJ', 'XI TKJ 3', '4004', '202'),
(3622681, 207649, 'MUHAMAD SABLIK MBIPI', 'TKJ', 'XI TKJ 3', '4004', '202'),
(3623317, 207667, 'MUHAMMAD RAFLI', 'TKJ', 'XI TKJ 3', '4004', '202'),
(3624560, 207670, 'Muhammad Tio', 'TKJ', 'XI TKJ 3', '4004', '202'),
(3625992, 207673, 'NENDI', 'TKJ', 'XI TKJ 3', '4004', '202'),
(3626161, 207675, 'NOVAL TRI HARYANTO', 'TKJ', 'XI TKJ 3', '4004', '202'),
(3627336, 207680, 'RAFAEL MULIA ALFAHDI', 'TKJ', 'XI TKJ 3', '4004', '202'),
(3628497, 207681, 'RAGIL PANGESTU', 'TKJ', 'XI TKJ 3', '4004', '202'),
(3629887, 207685, 'RENDI SAPUTRA', 'TKJ', 'XI TKJ 3', '4004', '202'),
(3630239, 207686, 'Reni Nuraeni', 'TKJ', 'XI TKJ 3', '4004', '202'),
(3631506, 207701, 'TEGAR', 'TKJ', 'XI TKJ 3', '4004', '202'),
(3632697, 207703, 'TRI PUTRA AFRIANSYAH', 'TKJ', 'XI TKJ 3', '4004', '202'),
(3633660, 207705, 'WIDDIYA BAGUS ENDANG WINARYO', 'TKJ', 'XI TKJ 3', '4004', '202'),
(3634490, 197336, 'ABDUL WAHID', 'AKL', 'XII AKL 1', '5005', '202'),
(3635202, 197337, 'ACHMAD IRFAN SHOLAHUDDIN', 'AKL', 'XII AKL 1', '5005', '202'),
(3636515, 197338, 'Agus Arbain Mahmud', 'AKL', 'XII AKL 1', '5005', '202'),
(3637950, 197340, 'ANGEL', 'AKL', 'XII AKL 1', '5005', '202'),
(3638893, 197341, 'ANTIKA SARI', 'AKL', 'XII AKL 1', '5005', '202'),
(3639430, 197347, 'DEVI YULIANTI', 'AKL', 'XII AKL 1', '5005', '202'),
(3640588, 197348, 'DEWI NOPITA SARI', 'AKL', 'XII AKL 1', '5005', '202'),
(3641395, 197349, 'DEWI WULAN SARI', 'AKL', 'XII AKL 1', '5005', '202'),
(3642865, 197350, 'Diana Pungky', 'AKL', 'XII AKL 1', '5005', '202'),
(3643582, 197351, 'Diaz Adrian Praja', 'AKL', 'XII AKL 1', '5005', '202'),
(3644486, 197353, 'FITRI RAMADANI', 'AKL', 'XII AKL 1', '5005', '202'),
(3645163, 197354, 'INDRA', 'AKL', 'XII AKL 1', '5005', '202'),
(3646311, 197356, 'JELITA HANDIANI', 'AKL', 'XII AKL 1', '5005', '202'),
(3647286, 197358, 'Khairunisa Apriandini', 'AKL', 'XII AKL 1', '5005', '202'),
(3648380, 197359, 'LAILA AFRIYANTI', 'AKL', 'XII AKL 1', '5005', '202'),
(3649704, 197360, 'LAURA WANDA PUTRI', 'AKL', 'XII AKL 1', '5005', '202'),
(3650702, 197363, 'LISNAWATI', 'AKL', 'XII AKL 1', '5005', '202'),
(3651553, 197366, 'Marni', 'AKL', 'XII AKL 1', '5005', '202'),
(3652590, 197371, 'MICO RAMDANI SYAHRULTIAS', 'AKL', 'XII AKL 1', '5005', '202'),
(3653820, 197372, 'MUHAMMAD ARIF', 'AKL', 'XII AKL 1', '5005', '202'),
(3654376, 197376, 'MUHAMMAD RAFI', 'AKL', 'XII AKL 1', '5005', '202'),
(3655487, 197377, 'MUHAMMAD RIZKY', 'AKL', 'XII AKL 1', '5005', '202'),
(3656785, 197378, 'MUHHAMAD SATRIO', 'AKL', 'XII AKL 1', '5005', '202'),
(3657405, 197381, 'NG EK HOT', 'AKL', 'XII AKL 1', '5005', '202'),
(3658582, 197385, 'OKTAVIA NENGSIH', 'AKL', 'XII AKL 1', '5005', '202'),
(3659629, 197386, 'PEGGY FITRIANI NURDIN', 'AKL', 'XII AKL 1', '5005', '202'),
(3660799, 197387, 'PUTRI FEBRIANI', 'AKL', 'XII AKL 1', '5005', '202'),
(3661669, 197388, 'PUTRI MAISAROH', 'AKL', 'XII AKL 1', '5005', '202'),
(3662705, 197389, 'PUTRI MIRANTI', 'AKL', 'XII AKL 1', '5005', '202'),
(3663814, 197390, 'RICKO ADI SAPUTRA', 'AKL', 'XII AKL 1', '5005', '202'),
(3664775, 197391, 'RIKA TRI UTAMI', 'AKL', 'XII AKL 1', '5005', '202'),
(3665484, 197394, 'SELVYA ARYANTI', 'AKL', 'XII AKL 1', '5005', '202'),
(3666337, 197396, 'SHINTYA AULIA PUTRI NABILA', 'AKL', 'XII AKL 1', '5005', '202'),
(3667132, 197402, 'SITI NURIKA RAHIM', 'AKL', 'XII AKL 1', '5005', '202'),
(3668309, 197403, 'SITI SADIYAH', 'AKL', 'XII AKL 1', '5005', '202'),
(3669700, 197408, 'TRIYANA MUKTI', 'AKL', 'XII AKL 1', '5005', '202'),
(3670283, 197410, 'VENUS SINTYA RAHAYU', 'AKL', 'XII AKL 1', '5005', '202'),
(3671814, 197412, 'WIDYA MAHARANI WISNU PUTRI', 'AKL', 'XII AKL 1', '5005', '202'),
(3672529, 197414, 'YUSUF KURNIA', 'AKL', 'XII AKL 1', '5005', '202'),
(3673784, 197339, 'AKBAR KUSUMA WIJAYA', 'AKL', 'XII AKL 2', '5005', '202'),
(3674570, 197344, 'CHANDRA PUTRA DARMAWAN', 'AKL', 'XII AKL 2', '5005', '202'),
(3675572, 197345, 'DELA AMELIA DWI SAPUTRI', 'AKL', 'XII AKL 2', '5005', '202'),
(3676346, 197352, 'DWI LIA NOVITA', 'AKL', 'XII AKL 2', '5005', '202'),
(3677447, 197355, 'INSANI METASARI', 'AKL', 'XII AKL 2', '5005', '202'),
(3678964, 197361, 'Lina Nofitasari', 'AKL', 'XII AKL 2', '5005', '202'),
(3679857, 197362, 'LINDA CHANIAGO', 'AKL', 'XII AKL 2', '5005', '202'),
(3680606, 197364, 'MAHARANI ANANDA PUTRI FIRDAUS', 'AKL', 'XII AKL 2', '5005', '202'),
(3681233, 197365, 'MARINI NUROHMA', 'AKL', 'XII AKL 2', '5005', '202'),
(3682304, 197368, 'MEGA AFIANI', 'AKL', 'XII AKL 2', '5005', '202'),
(3683252, 197369, 'MELDA', 'AKL', 'XII AKL 2', '5005', '202'),
(3684447, 197370, 'MELVINA FARADILLA', 'AKL', 'XII AKL 2', '5005', '202'),
(3685452, 197373, 'MUHAMAD HASBI ASHIDIQI', 'AKL', 'XII AKL 2', '5005', '202'),
(3686557, 197374, 'MUHAMMAD BAYU SANJAYA', 'AKL', 'XII AKL 2', '5005', '202'),
(3687834, 197375, 'MUHAMMAD FARHAN DWINANTO', 'AKL', 'XII AKL 2', '5005', '202'),
(3688540, 197379, 'NABILATUN ALFIAH', 'AKL', 'XII AKL 2', '5005', '202'),
(3689474, 197380, 'NELA DESTRIANA DEWI', 'AKL', 'XII AKL 2', '5005', '202'),
(3690631, 197382, 'NINA NURCAHYATI', 'AKL', 'XII AKL 2', '5005', '202'),
(3691344, 197383, 'NUR AHMAD KHAIRI', 'AKL', 'XII AKL 2', '5005', '202'),
(3692752, 197384, 'Nur Rohimah', 'AKL', 'XII AKL 2', '5005', '202'),
(3693112, 197392, 'Rinni Maspupah', 'AKL', 'XII AKL 2', '5005', '202'),
(3694154, 197393, 'RISMA KURNIAWATI', 'AKL', 'XII AKL 2', '5005', '202'),
(3695852, 197395, 'Seviana Eka Saputri', 'AKL', 'XII AKL 2', '5005', '202'),
(3696155, 197397, 'Sifa Nur Fauziah', 'AKL', 'XII AKL 2', '5005', '202'),
(3697444, 197398, 'SILVI ATNADINATA', 'AKL', 'XII AKL 2', '5005', '202'),
(3698374, 197399, 'SILVIA ANGGREANI', 'AKL', 'XII AKL 2', '5005', '202'),
(3699764, 197400, 'SITI HODIJAH', 'AKL', 'XII AKL 2', '5005', '202'),
(3700868, 197404, 'SOFIATUN NUFUS', 'AKL', 'XII AKL 2', '5005', '202'),
(3701404, 197405, 'SUCI NOVITA SARI', 'AKL', 'XII AKL 2', '5005', '202'),
(3702367, 197406, 'Suwanah', 'AKL', 'XII AKL 2', '5005', '202'),
(3703163, 197409, 'UUN NAFIA', 'AKL', 'XII AKL 2', '5005', '202'),
(3704270, 197411, 'VIVIT NUR INDASARI', 'AKL', 'XII AKL 2', '5005', '202'),
(3705962, 197413, 'WULAN NUR OKTAVIANI', 'AKL', 'XII AKL 2', '5005', '202'),
(3706704, 197415, 'ZERY HERMAWAN', 'AKL', 'XII AKL 2', '5005', '202'),
(3707844, 197416, 'ZILVI BADRI AULIAH', 'AKL', 'XII AKL 2', '5005', '202'),
(3708705, 197498, 'ABDULLAH NURHALIM', 'BDP', 'XII BDP 1', '5005', '202'),
(3709960, 197499, 'ABELIA AGUSTIN', 'BDP', 'XII BDP 1', '5005', '202'),
(3710151, 197503, 'AHMAD DENI', 'BDP', 'XII BDP 1', '5005', '202'),
(3711947, 197507, 'ANANDA BUDI SUSANTO', 'BDP', 'XII BDP 1', '5005', '202'),
(3712933, 197508, 'ARIEL OCTAREZA', 'BDP', 'XII BDP 1', '5005', '202'),
(3713988, 197509, 'ARIN DWI ALIANI', 'BDP', 'XII BDP 1', '5005', '202'),
(3714698, 197510, 'ARYA BAYU NUR ICHSAN', 'BDP', 'XII BDP 1', '5005', '202'),
(3715877, 197513, 'DANDI SAPUTRA', 'BDP', 'XII BDP 1', '5005', '202'),
(3716786, 197514, 'DEVI AVIELE', 'BDP', 'XII BDP 1', '5005', '202'),
(3717792, 197515, 'Devi Melia Utari', 'BDP', 'XII BDP 1', '5005', '202'),
(3718930, 197521, 'FITRI NURMAZIYAH', 'BDP', 'XII BDP 1', '5005', '202'),
(3719976, 197522, 'GUFRON AZIS', 'BDP', 'XII BDP 1', '5005', '202'),
(3720940, 197525, 'IWAN SANTOSO', 'BDP', 'XII BDP 1', '5005', '202'),
(3721167, 197526, 'Jessy Apriliani', 'BDP', 'XII BDP 1', '5005', '202'),
(3722882, 197530, 'M. Putra Erlangga', 'BDP', 'XII BDP 1', '5005', '202'),
(3723608, 197532, 'Marshel Mahendra', 'BDP', 'XII BDP 1', '5005', '202'),
(3724128, 197529, 'Mohammad Ikmal Maulana', 'BDP', 'XII BDP 1', '5005', '202'),
(3725936, 197534, 'MUHAMAD RIZKI', 'BDP', 'XII BDP 1', '5005', '202'),
(3726792, 197536, 'MUHAMMAD EQI SAPUTRA', 'BDP', 'XII BDP 1', '5005', '202'),
(3727522, 197533, 'MUHAMMAD KHAERUL BAHRI', 'BDP', 'XII BDP 1', '5005', '202'),
(3728906, 197542, 'Najwa Nur Kariem', 'BDP', 'XII BDP 1', '5005', '202'),
(3729901, 197543, 'Nilan Iriyanti', 'BDP', 'XII BDP 1', '5005', '202'),
(3730592, 197544, 'Noni Oktaviani', 'BDP', 'XII BDP 1', '5005', '202'),
(3731995, 197546, 'Pratama Zinedine Yazid Zidane', 'BDP', 'XII BDP 1', '5005', '202'),
(3732243, 197547, 'RAIHAN AHMAD ELIA', 'BDP', 'XII BDP 1', '5005', '202'),
(3733708, 197549, 'RAJA DIKA PRAYOGA', 'BDP', 'XII BDP 1', '5005', '202'),
(3734488, 197550, 'RAMSES GOZALI', 'BDP', 'XII BDP 1', '5005', '202'),
(3735733, 197551, 'RANGGA RAYA SAFAAT', 'BDP', 'XII BDP 1', '5005', '202'),
(3736998, 197553, 'REZA FIRMANSJAH', 'BDP', 'XII BDP 1', '5005', '202'),
(3737726, 197559, 'RISMATU ZAHRA', 'BDP', 'XII BDP 1', '5005', '202'),
(3738717, 197569, 'TRIO ANDIKA', 'BDP', 'XII BDP 1', '5005', '202'),
(3739776, 197570, 'Verdi Putra Satria', 'BDP', 'XII BDP 1', '5005', '202'),
(3740765, 197572, 'WULAN CAHYANI', 'BDP', 'XII BDP 1', '5005', '202'),
(3741635, 197574, 'Yoga Dwi Prasetyo', 'BDP', 'XII BDP 1', '5005', '202'),
(3742983, 197576, 'Yunita Adetia Saputri', 'BDP', 'XII BDP 1', '5005', '202'),
(3743268, 197500, 'Achmad Alfie Sadan Widodo', 'BDP', 'XII BDP 2', '5005', '202'),
(3744331, 197501, 'ADI PUTRA', 'BDP', 'XII BDP 2', '5005', '202'),
(3745181, 197504, 'Aliyah Maisuni', 'BDP', 'XII BDP 2', '5005', '202'),
(3746177, 197505, 'ALYA SAFA KAMILA', 'BDP', 'XII BDP 2', '5005', '202'),
(3747331, 197506, 'AMALIA SYAMSIATI ALIFAH', 'BDP', 'XII BDP 2', '5005', '202'),
(3748514, 197512, 'BAGAS SUKMO', 'BDP', 'XII BDP 2', '5005', '202'),
(3749582, 197518, 'FAIZAH PUTRI AULIA', 'BDP', 'XII BDP 2', '5005', '202'),
(3750652, 197519, 'FANDI SAPUTRA', 'BDP', 'XII BDP 2', '5005', '202'),
(3751979, 197520, 'FIORELLA RAISYA ERVANI', 'BDP', 'XII BDP 2', '5005', '202'),
(3752757, 197524, 'INDRA RUKMANA', 'BDP', 'XII BDP 2', '5005', '202'),
(3753741, 197527, 'JULAEHA', 'BDP', 'XII BDP 2', '5005', '202'),
(3754304, 197528, 'Kevin Afizeno', 'BDP', 'XII BDP 2', '5005', '202'),
(3755521, 197531, 'MAHESA GENTA SAKAWAYANA', 'BDP', 'XII BDP 2', '5005', '202'),
(3756951, 197535, 'MUHAMAD WILDAN RAMADHAN', 'BDP', 'XII BDP 2', '5005', '202'),
(3757814, 197537, 'MUHAMMAD FADIL', 'BDP', 'XII BDP 2', '5005', '202'),
(3758974, 197538, 'MUHAMMAD FARHAN MAULANA', 'BDP', 'XII BDP 2', '5005', '202'),
(3759762, 197539, 'MUHAMMAD JIHAR ADIB', 'BDP', 'XII BDP 2', '5005', '202'),
(3760140, 197545, 'Nur Rizkiyah', 'BDP', 'XII BDP 2', '5005', '202'),
(3761257, 197548, 'RAISAH NURUL AMIN', 'BDP', 'XII BDP 2', '5005', '202'),
(3762796, 197552, 'RAYNANDA DEWATA', 'BDP', 'XII BDP 2', '5005', '202'),
(3763247, 197555, 'RIDHO FIRMAN SYACH', 'BDP', 'XII BDP 2', '5005', '202'),
(3764191, 197556, 'Rifky Akbar Abdullah', 'BDP', 'XII BDP 2', '5005', '202'),
(3765147, 197557, 'RISKA', 'BDP', 'XII BDP 2', '5005', '202'),
(3766859, 197558, 'RISKA NURUL FADILAH', 'BDP', 'XII BDP 2', '5005', '202'),
(3767983, 197560, 'Rosa Widiya Amaliah', 'BDP', 'XII BDP 2', '5005', '202'),
(3768521, 197562, 'SAGDA MAHENDRA', 'BDP', 'XII BDP 2', '5005', '202'),
(3769862, 197563, 'SELBY AYU ALZAHRA', 'BDP', 'XII BDP 2', '5005', '202'),
(3770159, 197565, 'Silvia', 'BDP', 'XII BDP 2', '5005', '202'),
(3771318, 197566, 'SITI MAYANGSARI RAHMADANI', 'BDP', 'XII BDP 2', '5005', '202'),
(3772404, 197567, 'SITI NUR NABILLA', 'BDP', 'XII BDP 2', '5005', '202'),
(3773930, 197568, 'TEGAR SAPUTRA', 'BDP', 'XII BDP 2', '5005', '202'),
(3774570, 197407, 'Tommy Yuscandra', 'BDP', 'XII BDP 2', '5005', '202'),
(3775666, 197575, 'YULIANTI', 'BDP', 'XII BDP 2', '5005', '202'),
(3776144, 197577, 'ZAKI AKBAR WIJAYANTO', 'BDP', 'XII BDP 2', '5005', '202'),
(3777276, 197420, 'AMELIA OKTAVIANI', 'OTKP', 'XII OTKP 1', '5005', '202'),
(3778903, 197421, 'AMELIA SHADIYAH', 'OTKP', 'XII OTKP 1', '5005', '202'),
(3779289, 197422, 'ARDELIA SALSABILA', 'OTKP', 'XII OTKP 1', '5005', '202'),
(3780908, 197423, 'ARINI', 'OTKP', 'XII OTKP 1', '5005', '202'),
(3781998, 197424, 'Audi Valentina', 'OTKP', 'XII OTKP 1', '5005', '202'),
(3782489, 197425, 'AYU LESTARI', 'OTKP', 'XII OTKP 1', '5005', '202'),
(3783390, 197428, 'Dara Wardhani', 'OTKP', 'XII OTKP 1', '5005', '202'),
(3784569, 197429, 'DEDE ARUM SARI', 'OTKP', 'XII OTKP 1', '5005', '202'),
(3785178, 197430, 'DEVI NUR AFRILIA', 'OTKP', 'XII OTKP 1', '5005', '202'),
(3786999, 197432, 'DEWITA CAHYANI', 'OTKP', 'XII OTKP 1', '5005', '202'),
(3787188, 197435, 'DIAN PATRIANI', 'OTKP', 'XII OTKP 1', '5005', '202'),
(3788717, 197437, 'DINA NOVITA', 'OTKP', 'XII OTKP 1', '5005', '202'),
(3789483, 197438, 'Dinii Aditia Putri Lubis', 'OTKP', 'XII OTKP 1', '5005', '202'),
(3790934, 197440, 'EKA YULIA SARI', 'OTKP', 'XII OTKP 1', '5005', '202'),
(3791139, 197441, 'Ersanda Aprilia', 'OTKP', 'XII OTKP 1', '5005', '202'),
(3792563, 197442, 'FADIANA', 'OTKP', 'XII OTKP 1', '5005', '202'),
(3793518, 197444, 'ICHA RAHMA NOVITASARI', 'OTKP', 'XII OTKP 1', '5005', '202'),
(3794591, 197445, 'Ismi Syalina Hidayat', 'OTKP', 'XII OTKP 1', '5005', '202'),
(3795801, 197446, 'JESI HAFILLAH', 'OTKP', 'XII OTKP 1', '5005', '202'),
(3796365, 197447, 'JULIA LESTARI', 'OTKP', 'XII OTKP 1', '5005', '202'),
(3797403, 197449, 'KEKE NURKHOLIFAH', 'OTKP', 'XII OTKP 1', '5005', '202'),
(3798853, 197451, 'KOLIF MULYANI', 'OTKP', 'XII OTKP 1', '5005', '202'),
(3799532, 197452, 'LUVIYANTI', 'OTKP', 'XII OTKP 1', '5005', '202'),
(3800784, 197455, 'MARS WINDA AGUSTIN', 'OTKP', 'XII OTKP 1', '5005', '202'),
(3801129, 197456, 'Maulida Azkia', 'OTKP', 'XII OTKP 1', '5005', '202'),
(3802343, 197459, 'Mellida Devitasari', 'OTKP', 'XII OTKP 1', '5005', '202'),
(3803485, 197461, 'NADILA RISCHA HIDAYAT', 'OTKP', 'XII OTKP 1', '5005', '202'),
(3804967, 197464, 'NESSA APRILA ROSA', 'OTKP', 'XII OTKP 1', '5005', '202'),
(3805269, 197468, 'Oktaviana', 'OTKP', 'XII OTKP 1', '5005', '202'),
(3806383, 197469, 'PATRICIA OLIVIA BUBANE', 'OTKP', 'XII OTKP 1', '5005', '202'),
(3807516, 197472, 'Reza Thalia Salsabila', 'OTKP', 'XII OTKP 1', '5005', '202'),
(3808504, 197475, 'RISNA JUENDANG', 'OTKP', 'XII OTKP 1', '5005', '202'),
(3809637, 197477, 'Ros Setiawati', 'OTKP', 'XII OTKP 1', '5005', '202'),
(3810221, 197478, 'Rosyana Nurani', 'OTKP', 'XII OTKP 1', '5005', '202'),
(3811221, 197480, 'SASKIA ALIYA ZAHRA', 'OTKP', 'XII OTKP 1', '5005', '202'),
(3812191, 197482, 'SINTA ARYANA WENDARI', 'OTKP', 'XII OTKP 1', '5005', '202'),
(3813959, 197485, 'Supriyana', 'OTKP', 'XII OTKP 1', '5005', '202'),
(3814341, 197488, 'TIARA HENDITA PUTRI', 'OTKP', 'XII OTKP 1', '5005', '202'),
(3815760, 197491, 'VERONICA PATRICIA', 'OTKP', 'XII OTKP 1', '5005', '202'),
(3816453, 197493, 'WULAN SUCI FITRIANI', 'OTKP', 'XII OTKP 1', '5005', '202'),
(3817369, 197496, 'ZAHRA WAHYU TRIANDINI', 'OTKP', 'XII OTKP 1', '5005', '202'),
(3818401, 197417, 'AISYA YUNIARTI', 'OTKP', 'XII OTKP 2', '5005', '202'),
(3819188, 197418, 'ALMA ELENA RACHMAN', 'OTKP', 'XII OTKP 2', '5005', '202'),
(3820648, 197419, 'AMANDA SALSABILAH SAFITRI', 'OTKP', 'XII OTKP 2', '5005', '202'),
(3821959, 197426, 'BALQIS AULIA WIJAYA', 'OTKP', 'XII OTKP 2', '5005', '202'),
(3822720, 197427, 'Chika Maulida Dewi', 'OTKP', 'XII OTKP 2', '5005', '202'),
(3823821, 197431, 'DEVI RIANTI', 'OTKP', 'XII OTKP 2', '5005', '202'),
(3824469, 197433, 'Diah Ayu Krisna Dwi Putri', 'OTKP', 'XII OTKP 2', '5005', '202'),
(3825602, 197434, 'Dian Aprilliani', 'OTKP', 'XII OTKP 2', '5005', '202'),
(3826781, 197436, 'Dina Agustina', 'OTKP', 'XII OTKP 2', '5005', '202'),
(3827223, 197439, 'DIYAN RAHMAWATI', 'OTKP', 'XII OTKP 2', '5005', '202'),
(3828491, 197443, 'FUJA LISTY YANTI', 'OTKP', 'XII OTKP 2', '5005', '202'),
(3829900, 197448, 'KARINA PUTRI OXTAVIANI', 'OTKP', 'XII OTKP 2', '5005', '202'),
(3830488, 197450, 'KIKI FATIKA SYAHRANI', 'OTKP', 'XII OTKP 2', '5005', '202'),
(3831472, 197453, 'Maharani Syaidina Djulianti', 'OTKP', 'XII OTKP 2', '5005', '202'),
(3832816, 197454, 'MARLINA', 'OTKP', 'XII OTKP 2', '5005', '202'),
(3833577, 197457, 'Meilinda Felisyawati', 'OTKP', 'XII OTKP 2', '5005', '202'),
(3834616, 197458, 'MELINA NUR SAPITRI', 'OTKP', 'XII OTKP 2', '5005', '202'),
(3835535, 197460, 'MUNIAH', 'OTKP', 'XII OTKP 2', '5005', '202'),
(3836699, 197462, 'Nadya Putri', 'OTKP', 'XII OTKP 2', '5005', '202'),
(3837562, 197463, 'Nanda Jasika', 'OTKP', 'XII OTKP 2', '5005', '202'),
(3838996, 197465, 'Nisa Dwi Ramanda', 'OTKP', 'XII OTKP 2', '5005', '202'),
(3839900, 197467, 'NUR ASIDIAH', 'OTKP', 'XII OTKP 2', '5005', '202'),
(3840883, 197470, 'PIRANIH', 'OTKP', 'XII OTKP 2', '5005', '202'),
(3841903, 197471, 'Putri Widhi Astuti', 'OTKP', 'XII OTKP 2', '5005', '202'),
(3842182, 197473, 'RINI MARSITA', 'OTKP', 'XII OTKP 2', '5005', '202'),
(3843651, 197474, 'RISKA KHARISMA', 'OTKP', 'XII OTKP 2', '5005', '202'),
(3844893, 197476, 'RISNA PRIYANTI', 'OTKP', 'XII OTKP 2', '5005', '202'),
(3845139, 197479, 'RUNI RAHAYU', 'OTKP', 'XII OTKP 2', '5005', '202'),
(3846351, 197481, 'SHEVA HANDINI', 'OTKP', 'XII OTKP 2', '5005', '202'),
(3847263, 197483, 'SITI NURHALIZA ARDI', 'OTKP', 'XII OTKP 2', '5005', '202'),
(3848501, 197484, 'SUCI NABILAH KHAERUS', 'OTKP', 'XII OTKP 2', '5005', '202'),
(3849894, 197486, 'TANIA NUR ALFITRIANI', 'OTKP', 'XII OTKP 2', '5005', '202'),
(3850800, 197487, 'TIAH', 'OTKP', 'XII OTKP 2', '5005', '202'),
(3851842, 197489, 'Umairoh', 'OTKP', 'XII OTKP 2', '5005', '202'),
(3852477, 197490, 'VELINDA NUR AZIZAH', 'OTKP', 'XII OTKP 2', '5005', '202'),
(3853276, 197492, 'WAHYU KURNIAWATI', 'OTKP', 'XII OTKP 2', '5005', '202'),
(3854958, 197494, 'WULAN SUNINGSIH', 'OTKP', 'XII OTKP 2', '5005', '202'),
(3855974, 197495, 'YENTI HERAWATI', 'OTKP', 'XII OTKP 2', '5005', '202'),
(3856162, 197497, 'ZHILA SHOFA NAFSIAH', 'OTKP', 'XII OTKP 2', '5005', '202'),
(3857469, 197217, 'ABDURRAHMAN ASNADI', 'TKJ', 'XII TKJ 1', '6006', '202'),
(3858316, 197219, 'ADI NUR', 'TKJ', 'XII TKJ 1', '6006', '202'),
(3859932, 197221, 'Aditya Saputra', 'TKJ', 'XII TKJ 1', '6006', '202'),
(3860473, 197228, 'AIRA ANDI AHMAD', 'TKJ', 'XII TKJ 1', '6006', '202'),
(3861906, 197229, 'Alfadli Merdianta', 'TKJ', 'XII TKJ 1', '6006', '202'),
(3862183, 197238, 'Ariska Witri Astuti', 'TKJ', 'XII TKJ 1', '6006', '202'),
(3863476, 197241, 'DANI DARMAWAN', 'TKJ', 'XII TKJ 1', '6006', '202'),
(3864130, 197242, 'DANIEL PRADITYA', 'TKJ', 'XII TKJ 1', '6006', '202'),
(3865561, 197244, 'DHANNIS FARDINTA', 'TKJ', 'XII TKJ 1', '6006', '202'),
(3866472, 197246, 'DIMAS ADITIYA', 'TKJ', 'XII TKJ 1', '6006', '202'),
(3867876, 197255, 'FARID IHWATUL MUSLIMIN', 'TKJ', 'XII TKJ 1', '6006', '202'),
(3868148, 197256, 'FAUZI', 'TKJ', 'XII TKJ 1', '6006', '202'),
(3869605, 197260, 'Haryanto', 'TKJ', 'XII TKJ 1', '6006', '202'),
(3870746, 197261, 'HERI SETYAWAN', 'TKJ', 'XII TKJ 1', '6006', '202'),
(3871792, 197263, 'IDHAM RAHMAN', 'TKJ', 'XII TKJ 1', '6006', '202'),
(3872687, 197264, 'Idris Fadila', 'TKJ', 'XII TKJ 1', '6006', '202'),
(3873760, 197269, 'M. JAENI SAPUTRA', 'TKJ', 'XII TKJ 1', '6006', '202'),
(3874399, 197273, 'MARTIN', 'TKJ', 'XII TKJ 1', '6006', '202'),
(3875152, 197275, 'MOHAMMAD ARDIANSYAH RIZKI DERMAWAN', 'TKJ', 'XII TKJ 1', '6006', '202'),
(3876148, 197287, 'Muhamad Jazuli Oktafio', 'TKJ', 'XII TKJ 1', '6006', '202'),
(3877756, 197279, 'MUHAMAT REVA RIZKI SAPUTRA', 'TKJ', 'XII TKJ 1', '6006', '202'),
(3878111, 197282, 'Muhammad Agus Triardi', 'TKJ', 'XII TKJ 1', '6006', '202'),
(3879505, 197290, 'Muhammad Rafli', 'TKJ', 'XII TKJ 1', '6006', '202'),
(3880436, 197291, 'MUHAMMAD RUSYDI MURTADHO', 'TKJ', 'XII TKJ 1', '6006', '202'),
(3881484, 197294, 'Nana Maolana', 'TKJ', 'XII TKJ 1', '6006', '202'),
(3882757, 197295, 'Nanda Arga Raditya', 'TKJ', 'XII TKJ 1', '6006', '202'),
(3883783, 197299, 'NUR OKKY BINTANG SAPUTRA', 'TKJ', 'XII TKJ 1', '6006', '202'),
(3884498, 197304, 'RENDI PEBRIANSYAH', 'TKJ', 'XII TKJ 1', '6006', '202'),
(3885487, 197306, 'Rico Prianto', 'TKJ', 'XII TKJ 1', '6006', '202'),
(3886592, 197313, 'RIVALDY IRAWAN', 'TKJ', 'XII TKJ 1', '6006', '202'),
(3887294, 197314, 'Rizki Dwi Hapijar', 'TKJ', 'XII TKJ 1', '6006', '202'),
(3888477, 197315, 'RIZKI HARI NUGROHO', 'TKJ', 'XII TKJ 1', '6006', '202'),
(3889766, 197316, 'ROBBY ANDRIANSYAH', 'TKJ', 'XII TKJ 1', '6006', '202'),
(3890250, 197323, 'TAUFIK LERA', 'TKJ', 'XII TKJ 1', '6006', '202'),
(3891902, 197324, 'TENGKU ARYA SAPUTRA', 'TKJ', 'XII TKJ 1', '6006', '202'),
(3892346, 197332, 'WISNU HANDOKO', 'TKJ', 'XII TKJ 1', '6006', '202'),
(3893865, 197216, 'AANWAR', 'TKJ', 'XII TKJ 2', '6006', '202'),
(3894343, 197218, 'ABDULLAH PATHUR RACHMAN', 'TKJ', 'XII TKJ 2', '6006', '202'),
(3895111, 197220, 'ADITYA DHARMA', 'TKJ', 'XII TKJ 2', '6006', '202'),
(3896505, 197222, 'ADITYA SAPUTRA', 'TKJ', 'XII TKJ 2', '6006', '202'),
(3897331, 197225, 'Agil Mubaroq', 'TKJ', 'XII TKJ 2', '6006', '202'),
(3898598, 197226, 'AHMAD MAULANA', 'TKJ', 'XII TKJ 2', '6006', '202'),
(3899410, 197231, 'ANDI KOSASIH', 'TKJ', 'XII TKJ 2', '6006', '202'),
(3900857, 197233, 'Andriyansah', 'TKJ', 'XII TKJ 2', '6006', '202'),
(3901325, 197240, 'BIMA BAYU SAMUDRA', 'TKJ', 'XII TKJ 2', '6006', '202'),
(3902179, 197248, 'EGAN BAGUS REHANDIKA ALDA RAKHANTA', 'TKJ', 'XII TKJ 2', '6006', '202'),
(3903842, 197249, 'EKA DHANI', 'TKJ', 'XII TKJ 2', '6006', '202'),
(3904690, 197251, 'ENDAH HERNIATI', 'TKJ', 'XII TKJ 2', '6006', '202'),
(3905618, 197252, 'FACHRUL BINTANG IMZAD', 'TKJ', 'XII TKJ 2', '6006', '202'),
(3906784, 197253, 'FAHREZI JANUAR RISKI', 'TKJ', 'XII TKJ 2', '6006', '202'),
(3907331, 197258, 'HAFIZ NUR ARIF', 'TKJ', 'XII TKJ 2', '6006', '202'),
(3908171, 197259, 'Hanan Febri Awanda', 'TKJ', 'XII TKJ 2', '6006', '202'),
(3909349, 197262, 'Ibnu Adam', 'TKJ', 'XII TKJ 2', '6006', '202'),
(3910500, 197268, 'KHAIRAN MAULANA', 'TKJ', 'XII TKJ 2', '6006', '202'),
(3911143, 197270, 'M. RESA FAHLEVIH ADITYA PUTRA', 'TKJ', 'XII TKJ 2', '6006', '202'),
(3912497, 197272, 'M.FREDY ARDIANSYAH', 'TKJ', 'XII TKJ 2', '6006', '202'),
(3913137, 197274, 'MAULANA RAFI PRASETYO', 'TKJ', 'XII TKJ 2', '6006', '202'),
(3914527, 197276, 'Muhamad Ariyanzah', 'TKJ', 'XII TKJ 2', '6006', '202'),
(3915800, 197278, 'MUHAMAD RIDWAN', 'TKJ', 'XII TKJ 2', '6006', '202'),
(3916832, 197284, 'MUHAMMAD FAHREZA DZULHIJJAH', 'TKJ', 'XII TKJ 2', '6006', '202'),
(3917259, 197285, 'MUHAMMAD FERDIANSYAH', 'TKJ', 'XII TKJ 2', '6006', '202'),
(3918695, 197293, 'Muhammad Ilham', 'TKJ', 'XII TKJ 2', '6006', '202'),
(3919456, 197288, 'MUHAMMAD MUKHTI ABIMANYU', 'TKJ', 'XII TKJ 2', '6006', '202'),
(3920991, 197280, 'MUHAMMAD RUHDIN', 'TKJ', 'XII TKJ 2', '6006', '202'),
(3921671, 197292, 'MUHAMMAD UBAIDILLAH', 'TKJ', 'XII TKJ 2', '6006', '202'),
(3922723, 197302, 'RAHMAT HADI WIJAYA', 'TKJ', 'XII TKJ 2', '6006', '202'),
(3923799, 197300, 'RAKA PRABOWO', 'TKJ', 'XII TKJ 2', '6006', '202'),
(3924740, 197301, 'RAMA HERDIANSYAH', 'TKJ', 'XII TKJ 2', '6006', '202'),
(3925960, 197310, 'Rijik Mulana Yusup', 'TKJ', 'XII TKJ 2', '6006', '202'),
(3926476, 197312, 'RIVAL SAPUTRA', 'TKJ', 'XII TKJ 2', '6006', '202'),
(3927572, 197320, 'SEFI SEPTIANA', 'TKJ', 'XII TKJ 2', '6006', '202'),
(3928446, 197321, 'Siti Nur Kholipah', 'TKJ', 'XII TKJ 2', '6006', '202'),
(3929910, 197325, 'TYO SAPUTRA', 'TKJ', 'XII TKJ 2', '6006', '202'),
(3930643, 197223, 'ADITYA SAPUTRA', 'TKJ', 'XII TKJ 3', '6006', '202'),
(3931556, 197224, 'ADNAN BUKHARI', 'TKJ', 'XII TKJ 3', '6006', '202'),
(3932429, 197227, 'AHMAT SOFBRI', 'TKJ', 'XII TKJ 3', '6006', '202'),
(3933970, 197230, 'Amaika Rachman', 'TKJ', 'XII TKJ 3', '6006', '202'),
(3934364, 197232, 'ANDREAN SAPUTRA', 'TKJ', 'XII TKJ 3', '6006', '202'),
(3935566, 197234, 'Apriadi', 'TKJ', 'XII TKJ 3', '6006', '202'),
(3936782, 197236, 'Ardi Muayad', 'TKJ', 'XII TKJ 3', '6006', '202'),
(3937531, 197237, 'ARIF DWI SAPUTRA', 'TKJ', 'XII TKJ 3', '6006', '202'),
(3938699, 197243, 'DESTA RAHMA NOVIANI', 'TKJ', 'XII TKJ 3', '6006', '202'),
(3939824, 197245, 'DIKKY PANGESTU', 'TKJ', 'XII TKJ 3', '6006', '202'),
(3940398, 197247, 'DODI PRAMUJA', 'TKJ', 'XII TKJ 3', '6006', '202'),
(3941508, 197250, 'ELGA BUDI PURNOMO', 'TKJ', 'XII TKJ 3', '6006', '202'),
(3942911, 197257, 'FAUZY GUNAWAN', 'TKJ', 'XII TKJ 3', '6006', '202'),
(3943683, 197265, 'IKLAS GUSTI PANGESTU', 'TKJ', 'XII TKJ 3', '6006', '202'),
(3944786, 197266, 'ILHAM RAMADHAN', 'TKJ', 'XII TKJ 3', '6006', '202'),
(3945185, 197277, 'MUHAMAD IMAM MAHDI', 'TKJ', 'XII TKJ 3', '6006', '202'),
(3946921, 197281, 'MUHAMMAD ADAM SEPTIAWAN', 'TKJ', 'XII TKJ 3', '6006', '202'),
(3947842, 197283, 'MUHAMMAD BINTANG', 'TKJ', 'XII TKJ 3', '6006', '202'),
(3948860, 197286, 'MUHAMMAD FIKRI GINASTIAR', 'TKJ', 'XII TKJ 3', '6006', '202'),
(3949455, 197289, 'MUHAMMAD NUR IKHSAN', 'TKJ', 'XII TKJ 3', '6006', '202'),
(3950230, 197297, 'NIKO SAPUTRA', 'TKJ', 'XII TKJ 3', '6006', '202'),
(3951230, 197298, 'NOVA YULIANTO', 'TKJ', 'XII TKJ 3', '6006', '202'),
(3952662, 197303, 'REGA ALDO NURCAHYONO', 'TKJ', 'XII TKJ 3', '6006', '202'),
(3953962, 197305, 'REZZA ADITYA PRATAMA', 'TKJ', 'XII TKJ 3', '6006', '202'),
(3954427, 197309, 'Rifkyan Syah', 'TKJ', 'XII TKJ 3', '6006', '202'),
(3955656, 197311, 'RISKY ALFIAN', 'TKJ', 'XII TKJ 3', '6006', '202'),
(3956862, 197319, 'SATRIA PAMUNGKAS', 'TKJ', 'XII TKJ 3', '6006', '202'),
(3957628, 197327, 'Virlya Aulia Rohmah', 'TKJ', 'XII TKJ 3', '6006', '202'),
(3958710, 197328, 'Wafa Fauzan Jamil', 'TKJ', 'XII TKJ 3', '6006', '202'),
(3959880, 197329, 'WAHYU', 'TKJ', 'XII TKJ 3', '6006', '202'),
(3960462, 197330, 'WILLIAM WIJAYA PHANG', 'TKJ', 'XII TKJ 3', '6006', '202'),
(3961195, 197331, 'WILLY RAFIANSYAH', 'TKJ', 'XII TKJ 3', '6006', '202'),
(3962961, 197333, 'YANUAR BUDI PRATAMA', 'TKJ', 'XII TKJ 3', '6006', '202'),
(3963673, 197334, 'YORIKO OKTAVIANUS MAMARODIA', 'TKJ', 'XII TKJ 3', '6006', '202'),
(3964931, 197335, 'ZOKROTUN NIDA', 'TKJ', 'XII TKJ 3', '6006', '202');

-- --------------------------------------------------------

--
-- Table structure for table `tahun_ajaran`
--

CREATE TABLE `tahun_ajaran` (
  `id_tahun_ajaran` int(16) NOT NULL,
  `tahun_ajaran` varchar(32) NOT NULL,
  `status` varchar(32) NOT NULL
) ENGINE=InnoDB DEFAULT CHARSET=utf8mb4;

--
-- Dumping data for table `tahun_ajaran`
--

INSERT INTO `tahun_ajaran` (`id_tahun_ajaran`, `tahun_ajaran`, `status`) VALUES
(101, '2020/2021', 'TIDAK AKTIF'),
(202, '2021/2022', 'AKTIF'),
(303, '2022/2023', 'TIDAK AKTIF'),
(404, '2023/2024', 'TIDAK AKTIF'),
(505, '2024/2025', 'TIDAK AKTIF'),
(606, '2025/2026', 'TIDAK AKTIF');

--
-- Indexes for dumped tables
--

--
-- Indexes for table `auth`
--
ALTER TABLE `auth`
  ADD PRIMARY KEY (`id`) USING BTREE;

--
-- Indexes for table `group_kelas`
--
ALTER TABLE `group_kelas`
  ADD PRIMARY KEY (`id_groupKelas`);

--
-- Indexes for table `jurusan`
--
ALTER TABLE `jurusan`
  ADD PRIMARY KEY (`id`) USING BTREE;

--
-- Indexes for table `kelas`
--
ALTER TABLE `kelas`
  ADD PRIMARY KEY (`id`) USING BTREE;

--
-- Indexes for table `pembayaran_spp`
--
ALTER TABLE `pembayaran_spp`
  ADD PRIMARY KEY (`id_spp`);

--
-- Indexes for table `setting_pembayaran`
--
ALTER TABLE `setting_pembayaran`
  ADD PRIMARY KEY (`id_setting_pembayaran`);

--
-- Indexes for table `siswa`
--
ALTER TABLE `siswa`
  ADD PRIMARY KEY (`id_siswa`) USING BTREE;

--
-- Indexes for table `tahun_ajaran`
--
ALTER TABLE `tahun_ajaran`
  ADD PRIMARY KEY (`id_tahun_ajaran`);

--
-- AUTO_INCREMENT for dumped tables
--

--
-- AUTO_INCREMENT for table `auth`
--
ALTER TABLE `auth`
  MODIFY `id` int(11) NOT NULL AUTO_INCREMENT, AUTO_INCREMENT=304;

--
-- AUTO_INCREMENT for table `jurusan`
--
ALTER TABLE `jurusan`
  MODIFY `id` int(11) NOT NULL AUTO_INCREMENT, AUTO_INCREMENT=506;

--
-- AUTO_INCREMENT for table `kelas`
--
ALTER TABLE `kelas`
  MODIFY `id` int(11) NOT NULL AUTO_INCREMENT, AUTO_INCREMENT=2027904;

--
-- AUTO_INCREMENT for table `pembayaran_spp`
--
ALTER TABLE `pembayaran_spp`
  MODIFY `id_spp` int(16) NOT NULL AUTO_INCREMENT;
COMMIT;

/*!40101 SET CHARACTER_SET_CLIENT=@OLD_CHARACTER_SET_CLIENT */;
/*!40101 SET CHARACTER_SET_RESULTS=@OLD_CHARACTER_SET_RESULTS */;
/*!40101 SET COLLATION_CONNECTION=@OLD_COLLATION_CONNECTION */;
