-- phpMyAdmin SQL Dump
-- version 5.1.3
-- https://www.phpmyadmin.net/
--
-- Host: localhost
-- Generation Time: Jul 17, 2022 at 02:22 PM
-- Server version: 10.4.21-MariaDB
-- PHP Version: 7.4.28

SET SQL_MODE = "NO_AUTO_VALUE_ON_ZERO";
START TRANSACTION;
SET time_zone = "+00:00";


/*!40101 SET @OLD_CHARACTER_SET_CLIENT=@@CHARACTER_SET_CLIENT */;
/*!40101 SET @OLD_CHARACTER_SET_RESULTS=@@CHARACTER_SET_RESULTS */;
/*!40101 SET @OLD_COLLATION_CONNECTION=@@COLLATION_CONNECTION */;
/*!40101 SET NAMES utf8mb4 */;

--
-- Database: `terbaru_spp`
--

-- --------------------------------------------------------

--
-- Table structure for table `auth`
--

CREATE TABLE `auth` (
  `id` int(11) NOT NULL,
  `username` varchar(128) NOT NULL,
  `password` varchar(64) NOT NULL,
  `nama` varchar(256) NOT NULL,
  `level` varchar(16) NOT NULL
) ENGINE=InnoDB DEFAULT CHARSET=utf8mb4 ROW_FORMAT=DYNAMIC;

--
-- Dumping data for table `auth`
--

INSERT INTO `auth` (`id`, `username`, `password`, `nama`, `level`) VALUES
(202, 'adminTU', '397cabe506e1a2ac39de41f24affc2c1', 'ADMINISTRATOR TATA USAHA', 'admin'),
(303, 'TUadmin', '90370fba20c4e0bb215a867a8c1e2fff', 'ADMINISTRATOR TATA USAHA 2', 'admin2');

-- --------------------------------------------------------

--
-- Table structure for table `group_kelas`
--

CREATE TABLE `group_kelas` (
  `id_groupKelas` int(16) NOT NULL,
  `nama_group` varchar(32) NOT NULL
) ENGINE=InnoDB DEFAULT CHARSET=utf8mb4;

--
-- Dumping data for table `group_kelas`
--

INSERT INTO `group_kelas` (`id_groupKelas`, `nama_group`) VALUES
(1001, 'X BM'),
(2002, 'X TKJ'),
(3003, 'XI BM'),
(4004, 'XI TKJ'),
(5005, 'XII BM'),
(6006, 'XII TKJ');

-- --------------------------------------------------------

--
-- Table structure for table `jurusan`
--

CREATE TABLE `jurusan` (
  `id` int(11) NOT NULL,
  `kode` varchar(8) NOT NULL,
  `jurusan` varchar(128) NOT NULL
) ENGINE=InnoDB DEFAULT CHARSET=utf8mb4 ROW_FORMAT=DYNAMIC;

--
-- Dumping data for table `jurusan`
--

INSERT INTO `jurusan` (`id`, `kode`, `jurusan`) VALUES
(101, 'AKL', 'AKUTANSI DAN KEUANGAN LEMBAGA'),
(202, 'BDP', 'BISNIS DARING DAN PEMASARAN'),
(303, 'OTKP', 'OTOMATISASI DAN TATA KELOLA PERKANTORAN'),
(404, 'TKJ', 'TEKNIK KOMPUTER DAN JARINGAN'),
(505, 'DKV', 'DESAIN KOMUNIKASI VISUAL');

-- --------------------------------------------------------

--
-- Table structure for table `kelas`
--

CREATE TABLE `kelas` (
  `id` int(11) NOT NULL,
  `kode` varchar(8) NOT NULL,
  `kelas` varchar(128) NOT NULL,
  `id_tahun_ajaran` int(16) NOT NULL
) ENGINE=InnoDB DEFAULT CHARSET=utf8mb4 ROW_FORMAT=DYNAMIC;

--
-- Dumping data for table `kelas`
--

INSERT INTO `kelas` (`id`, `kode`, `kelas`, `id_tahun_ajaran`) VALUES
(1001520, 'AKL', 'X AKL 1', 101),
(1002382, 'AKL', 'X AKL 2', 101),
(1003282, 'BDP', 'X BDP 1', 101),
(1004737, 'BDP', 'X BDP 2', 101),
(1005348, 'OTKP', 'X OTKP 1', 101),
(1006846, 'OTKP', 'X OTKP 2', 101),
(1007627, 'TKJ', 'X TKJ 1', 101),
(1008602, 'TKJ', 'X TKJ 2', 101),
(1009189, 'TKJ', 'X TKJ 3', 101),
(1010805, 'AKL', 'XI AKL 1', 101),
(1011905, 'AKL', 'XI AKL 2', 101),
(1012396, 'BDP', 'XI BDP 1', 101),
(1013157, 'BDP', 'XI BDP 2', 101),
(1014691, 'OTKP', 'XI OTKP 1', 101),
(1015808, 'OTKP', 'XI OTKP 2', 101),
(1016934, 'TKJ', 'XI TKJ 1', 101),
(1017641, 'TKJ', 'XI TKJ 2', 101),
(1018307, 'TKJ', 'XI TKJ 3', 101),
(1019725, 'AKL', 'XII AKL 1', 101),
(1020286, 'AKL', 'XII AKL 2', 101),
(1021281, 'BDP', 'XII BDP 1', 101),
(1022954, 'BDP', 'XII BDP 2', 101),
(1023249, 'OTKP', 'XII OTKP 1', 101),
(1024545, 'OTKP', 'XII OTKP 2', 101),
(1025447, 'TKJ', 'XII TKJ 1', 101),
(1026779, 'TKJ', 'XII TKJ 2', 101),
(1027111, 'TKJ', 'XII TKJ 3', 101),
(2002531, 'AKL', 'X AKL 1', 202),
(2003973, 'AKL', 'X AKL 2', 202),
(2004629, 'BDP', 'X BDP 1', 202),
(2005641, 'OTKP', 'X OTKP 1', 202),
(2006284, 'OTKP', 'X OTKP 2', 202),
(2007982, 'TKJ', 'X TKJ 1', 202),
(2008874, 'TKJ', 'X TKJ 2', 202),
(2009657, 'TKJ', 'X TKJ 3', 202),
(2010714, 'AKL', 'XI AKL 1', 202),
(2011822, 'AKL', 'XI AKL 2', 202),
(2012891, 'BDP', 'XI BDP 1', 202),
(2013872, 'BDP', 'XI BDP 2', 202),
(2014732, 'OTKP', 'XI OTKP 1', 202),
(2015323, 'OTKP', 'XI OTKP 2', 202),
(2016903, 'TKJ', 'XI TKJ 1', 202),
(2017942, 'TKJ', 'XI TKJ 2', 202),
(2018897, 'TKJ', 'XI TKJ 3', 202),
(2019362, 'AKL', 'XII AKL 1', 202),
(2020176, 'AKL', 'XII AKL 2', 202),
(2021970, 'BDP', 'XII BDP 1', 202),
(2022257, 'BDP', 'XII BDP 2', 202),
(2023991, 'OTKP', 'XII OTKP 1', 202),
(2024974, 'OTKP', 'XII OTKP 2', 202),
(2025238, 'TKJ', 'XII TKJ 1', 202),
(2026164, 'TKJ', 'XII TKJ 2', 202),
(2027903, 'TKJ', 'XII TKJ 3', 202),
(3031131, 'OTKP', 'XI OTKP 1', 303),
(3031195, 'TKJ', 'XII TKJ 2', 303),
(3031535, 'BDP', 'X BDP 1', 303),
(3031557, 'BDP', 'XII BDP 2', 303),
(3031564, 'AKL', 'XI AKL 2', 303),
(3031901, 'AKL', 'XII AKL 1', 303),
(3031974, 'TKJ', 'XII TKJ 1', 303),
(3032709, 'TKJ', 'XI TKJ 3', 303),
(3032783, 'TKJ', 'X TKJ 1', 303),
(3033468, 'OTKP', 'X OTKP 1', 303),
(3033800, 'BDP', 'XI BDP 1', 303),
(3034929, 'OTKP', 'XI OTKP 2', 303),
(3035146, 'AKL', 'X AKL 1', 303),
(3035241, 'TKJ', 'X TKJ 3', 303),
(3035294, 'DKV', 'X DKV 1', 303),
(3035345, 'TKJ', 'X TKJ 2', 303),
(3035387, 'AKL', 'XII AKL 2', 303),
(3035455, 'AKL', 'XI AKL 1', 303),
(3035861, 'OTKP', 'XII OTKP 1', 303),
(3036135, 'TKJ', 'XII TKJ 3', 303),
(3037072, 'OTKP', 'X OTKP 2', 303),
(3037075, 'AKL', 'X AKL 2', 303),
(3037487, 'BDP', 'XII BDP 1', 303),
(3039219, 'TKJ', 'XI TKJ 1', 303),
(3039274, 'OTKP', 'XII OTKP 2', 303),
(3039924, 'TKJ', 'XI TKJ 2', 303);

-- --------------------------------------------------------

--
-- Table structure for table `pembayaran_spp`
--

CREATE TABLE `pembayaran_spp` (
  `id_spp` int(16) NOT NULL,
  `id_siswa` int(16) NOT NULL,
  `id_kelas` int(16) NOT NULL,
  `bulan` varchar(32) NOT NULL,
  `nominal` int(32) DEFAULT NULL,
  `bayar_perbulan` varchar(32) NOT NULL,
  `tahun_ajaran` varchar(16) NOT NULL,
  `timestamp` timestamp NOT NULL DEFAULT current_timestamp() ON UPDATE current_timestamp()
) ENGINE=InnoDB DEFAULT CHARSET=utf8mb4;

-- --------------------------------------------------------

--
-- Table structure for table `setting_pembayaran`
--

CREATE TABLE `setting_pembayaran` (
  `id_setting_pembayaran` int(16) NOT NULL,
  `nama_pembayaran` varchar(128) NOT NULL,
  `id_groupKelas` int(16) NOT NULL,
  `id_tahun_ajaran` int(16) NOT NULL,
  `jenis_pembayaran` varchar(128) NOT NULL,
  `nominal` int(128) NOT NULL,
  `date` date NOT NULL DEFAULT current_timestamp()
) ENGINE=InnoDB DEFAULT CHARSET=utf8mb4;

--
-- Dumping data for table `setting_pembayaran`
--

INSERT INTO `setting_pembayaran` (`id_setting_pembayaran`, `nama_pembayaran`, `id_groupKelas`, `id_tahun_ajaran`, `jenis_pembayaran`, `nominal`, `date`) VALUES
(192278, 'Pembayaran SPP', 2002, 303, '1001', 450000, '2022-07-17'),
(208139, 'Pembayaran spp', 5005, 202, '1001', 425000, '2022-07-17'),
(431851, 'Pembayaran spp', 3003, 202, '1001', 375000, '2022-07-17'),
(541316, 'Pembayaran spp', 4004, 202, '1001', 450000, '2022-07-17'),
(543802, 'Pembayaran SPP', 4004, 303, '1001', 475000, '2022-07-17'),
(651961, 'pembayaran spp', 2002, 202, '1001', 475000, '2022-07-17'),
(886077, 'pembayaran spp', 1001, 202, '1001', 400000, '2022-07-17'),
(895074, 'Pembayaran SPP', 5005, 303, '1001', 425000, '2022-07-17'),
(927244, 'Pembayaran SPP', 1001, 303, '1001', 400000, '2022-07-17'),
(938219, 'Pembayaran spp', 6006, 202, '1001', 500000, '2022-07-17'),
(954370, 'PEMBAYARAN SPP', 6006, 303, '1001', 500000, '2022-07-17'),
(956412, 'Pembayaran SPP', 3003, 303, '1001', 375000, '2022-07-17');

-- --------------------------------------------------------

--
-- Table structure for table `siswa`
--

CREATE TABLE `siswa` (
  `id_siswa` int(18) NOT NULL,
  `nis` int(32) NOT NULL,
  `nama_siswa` varchar(256) NOT NULL,
  `jurusan` varchar(16) NOT NULL,
  `kelas` varchar(18) NOT NULL,
  `group_kelas` varchar(16) NOT NULL,
  `tahun_ajaran` varchar(32) NOT NULL
) ENGINE=InnoDB DEFAULT CHARSET=utf8mb4 ROW_FORMAT=DYNAMIC;

--
-- Dumping data for table `siswa`
--

INSERT INTO `siswa` (`id_siswa`, `nis`, `nama_siswa`, `jurusan`, `kelas`, `group_kelas`, `tahun_ajaran`) VALUES
(1001202, 218068, 'Aditya Nurul Fikri', 'AKL', 'X AKL 1', '1001', '202'),
(1002202, 218072, 'ALIYA INDRIYANI PUTRI', 'AKL', 'X AKL 1', '1001', '202'),
(1003202, 218073, 'ALYA NASYWA KHAERANI', 'AKL', 'X AKL 1', '1001', '202'),
(1004202, 218074, 'AMRAN DANY', 'AKL', 'X AKL 1', '1001', '202'),
(1005202, 218077, 'BAGUS ARIEF SAPUTRA', 'AKL', 'X AKL 1', '1001', '202'),
(1006202, 218078, 'Caterine Natalia Teja', 'AKL', 'X AKL 1', '1001', '202'),
(1007202, 218080, 'CICI HERDIANTI', 'AKL', 'X AKL 1', '1001', '202'),
(1008202, 218223, 'DAVID UMAR HAMZAH', 'AKL', 'X AKL 1', '1001', '202'),
(1009202, 218081, 'DHEASY NOVITA KUSUMA YETI', 'AKL', 'X AKL 1', '1001', '202'),
(1010202, 218085, 'INDI NOVI TRIANI', 'AKL', 'X AKL 1', '1001', '202'),
(1011202, 218087, 'INTAN HESTIYANA', 'AKL', 'X AKL 1', '1001', '202'),
(1012202, 218090, 'MARCEL EDHI SUTIKNA', 'AKL', 'X AKL 1', '1001', '202'),
(1013202, 218092, 'NABILAH INTAN NURAINI', 'AKL', 'X AKL 1', '1001', '202'),
(1014202, 218093, 'NAILATUSY ARIBAH TASIMA', 'AKL', 'X AKL 1', '1001', '202'),
(1015202, 218095, 'NATASYA ANANDA SANTOSO', 'AKL', 'X AKL 1', '1001', '202'),
(1016202, 218099, 'NAZWA AULIA SALSABILLA', 'AKL', 'X AKL 1', '1001', '202'),
(1017202, 218100, 'NIDA KHOIRURRAHMAH', 'AKL', 'X AKL 1', '1001', '202'),
(1018202, 218103, 'RAMANDA OKTAVIANI', 'AKL', 'X AKL 1', '1001', '202'),
(1019202, 218104, 'RAMDZAN MULIAWAN TRAH SAPUTRA', 'AKL', 'X AKL 1', '1001', '202'),
(1020202, 218106, 'SADIAH', 'AKL', 'X AKL 1', '1001', '202'),
(1021202, 218110, 'SHEREN FEBRIANI', 'AKL', 'X AKL 1', '1001', '202'),
(1022202, 218111, 'STEVANI PUTRI WIJAYA', 'AKL', 'X AKL 1', '1001', '202'),
(1023202, 218112, 'TIARA PUSPITA SARI', 'AKL', 'X AKL 1', '1001', '202'),
(1024202, 218113, 'VANI HARIYANTI', 'AKL', 'X AKL 1', '1001', '202'),
(1025202, 218069, 'ADITYA PRATAMA', 'AKL', 'X AKL 2', '1001', '202'),
(1026202, 218070, 'ADUTA BAYHAQI', 'AKL', 'X AKL 2', '1001', '202'),
(1027202, 218071, 'AHMAD RIDWAN', 'AKL', 'X AKL 2', '1001', '202'),
(1028202, 218075, 'ANIN DWI RAHMAWATI', 'AKL', 'X AKL 2', '1001', '202'),
(1029202, 218076, 'AULIA DZURUN NAFIS', 'AKL', 'X AKL 2', '1001', '202'),
(1030202, 218079, 'Cherryl Deandya Khalishah', 'AKL', 'X AKL 2', '1001', '202'),
(1031202, 218229, 'DEWI PURNAMA SARI', 'AKL', 'X AKL 2', '1001', '202'),
(1032202, 218082, 'DWI PRAMBANDARI', 'AKL', 'X AKL 2', '1001', '202'),
(1033202, 218083, 'ERIKA ILMANISA', 'AKL', 'X AKL 2', '1001', '202'),
(1034202, 218086, 'INEU SANTIKA', 'AKL', 'X AKL 2', '1001', '202'),
(1035202, 218088, 'INTAN MAHARANI', 'AKL', 'X AKL 2', '1001', '202'),
(1036202, 218089, 'IRWANSYAH', 'AKL', 'X AKL 2', '1001', '202'),
(1037202, 218091, 'MUHAMMAD YUSUF FADLAN', 'AKL', 'X AKL 2', '1001', '202'),
(1038202, 218094, 'NANDA AULYA ARIYANDI', 'AKL', 'X AKL 2', '1001', '202'),
(1039202, 218096, 'NATASYA PELITA RAMADHANI', 'AKL', 'X AKL 2', '1001', '202'),
(1040202, 218097, 'NAURAH SASMITA PUTRI', 'AKL', 'X AKL 2', '1001', '202'),
(1041202, 218098, 'NAYLA PUTRI RAHARI', 'AKL', 'X AKL 2', '1001', '202'),
(1042202, 218101, 'NISA UL HASANAH', 'AKL', 'X AKL 2', '1001', '202'),
(1043202, 218102, 'ORYSA SATIVA', 'AKL', 'X AKL 2', '1001', '202'),
(1044202, 218225, 'RIVAL WAHYUDIN', 'AKL', 'X AKL 2', '1001', '202'),
(1045202, 218105, 'RIZKY DWI KARNADI', 'AKL', 'X AKL 2', '1001', '202'),
(1046202, 218107, 'SARAH AULIYA', 'AKL', 'X AKL 2', '1001', '202'),
(1047202, 218108, 'SATRIA PUTRA', 'AKL', 'X AKL 2', '1001', '202'),
(1048202, 218109, 'SELO GIRI ADJI PANGESTU', 'AKL', 'X AKL 2', '1001', '202'),
(1049202, 218114, 'WULAN SUCI PUSPITASARI', 'AKL', 'X AKL 2', '1001', '202'),
(1050202, 218115, 'WULAN TARI', 'AKL', 'X AKL 2', '1001', '202'),
(1051202, 218182, 'AKBAR SADEWA', 'BDP', 'X BDP 1', '1001', '202'),
(1052202, 218185, 'ARDIONA ATTA SAPUTRA', 'BDP', 'X BDP 1', '1001', '202'),
(1053202, 218188, 'BRILLIANT MUHAMMAD PRANAYA', 'BDP', 'X BDP 1', '1001', '202'),
(1054202, 218189, 'CHINDY WULAN SARI ', 'BDP', 'X BDP 1', '1001', '202'),
(1055202, 218190, 'DAYDAEL RAHMAT PRIHARTONO', 'BDP', 'X BDP 1', '1001', '202'),
(1056202, 218191, 'DEVINNA CHRISTIANAH', 'BDP', 'X BDP 1', '1001', '202'),
(1057202, 218193, 'DIKI MUZALFA', 'BDP', 'X BDP 1', '1001', '202'),
(1058202, 218196, 'FIONA FASTAG FARA', 'BDP', 'X BDP 1', '1001', '202'),
(1059202, 218197, 'GURUH PRIYANDONO', 'BDP', 'X BDP 1', '1001', '202'),
(1060202, 218200, 'KEISYA DWI AMELIA', 'BDP', 'X BDP 1', '1001', '202'),
(1061202, 218202, 'MARCELLINO ADI PRATAMA', 'BDP', 'X BDP 1', '1001', '202'),
(1062202, 218203, 'MIFTAHUL SAPUTRA', 'BDP', 'X BDP 1', '1001', '202'),
(1063202, 218205, 'Muhamad Riansyah', 'BDP', 'X BDP 1', '1001', '202'),
(1064202, 218206, 'MUHAMAD ROZAK', 'BDP', 'X BDP 1', '1001', '202'),
(1065202, 218208, 'MUHAMMAD DAFFA ANSORI', 'BDP', 'X BDP 1', '1001', '202'),
(1066202, 218215, 'SELVIA ELVINA DARAPUSPITA', 'BDP', 'X BDP 1', '1001', '202'),
(1067202, 218217, 'SHANDY PUTRA IRWANSYAH', 'BDP', 'X BDP 1', '1001', '202'),
(1068202, 218218, 'SHOHAIH AGYL SAPUTRA', 'BDP', 'X BDP 1', '1001', '202'),
(1069202, 218221, 'TISYA OCTAVIA RAMADHANI', 'BDP', 'X BDP 1', '1001', '202'),
(1070202, 218222, 'YOEDI', 'BDP', 'X BDP 1', '1001', '202'),
(1071202, 218183, 'ANDHIKA DIAN SAPUTRA', 'BDP', 'X BDP 1', '1001', '202'),
(1072202, 218184, 'ANDRE YULIANTO', 'BDP', 'X BDP 1', '1001', '202'),
(1073202, 218186, 'AULIA ANDINI', 'BDP', 'X BDP 1', '1001', '202'),
(1074202, 218187, 'Bahrudin Siroth', 'BDP', 'X BDP 1', '1001', '202'),
(1075202, 218192, 'DIANA FEBRIASTUTI', 'BDP', 'X BDP 1', '1001', '202'),
(1076202, 218194, 'DINI AULIA', 'BDP', 'X BDP 1', '1001', '202'),
(1077202, 218195, 'FAKHRIY PUTRA MAULANA', 'BDP', 'X BDP 1', '1001', '202'),
(1078202, 218198, 'HAFISTH IKHSAN MAULANA', 'BDP', 'X BDP 1', '1001', '202'),
(1079202, 218199, 'JUNEDI', 'BDP', 'X BDP 1', '1001', '202'),
(1080202, 218201, 'M. SYAH HABIANTO', 'BDP', 'X BDP 1', '1001', '202'),
(1081202, 218204, 'Muhamad Raka Hadi Sanjaya', 'BDP', 'X BDP 1', '1001', '202'),
(1082202, 218207, 'MUHAMMAD DAFFA', 'BDP', 'X BDP 1', '1001', '202'),
(1083202, 218209, 'NUR KHOLIS HENDAR', 'BDP', 'X BDP 1', '1001', '202'),
(1084202, 218210, 'PENDI NUR SETIYAWAN', 'BDP', 'X BDP 1', '1001', '202'),
(1085202, 218211, 'RAMA ADLI ALFIAN', 'BDP', 'X BDP 1', '1001', '202'),
(1086202, 218212, 'RIZKI ANANDA PRASETIA', 'BDP', 'X BDP 1', '1001', '202'),
(1087202, 218214, 'SAHRULDIN', 'BDP', 'X BDP 1', '1001', '202'),
(1088202, 218213, 'Savira Zahra', 'BDP', 'X BDP 1', '1001', '202'),
(1089202, 218216, 'SELVY AYU DAVISTA', 'BDP', 'X BDP 1', '1001', '202'),
(1090202, 218219, 'SIDIK DWI MUNAHZAR', 'BDP', 'X BDP 1', '1001', '202'),
(1091202, 218220, 'SYIFATUL HASANAH', 'BDP', 'X BDP 1', '1001', '202'),
(1092202, 218117, 'ADELIA ANGRAINI ZAHRA', 'OTKP', 'X OTKP 1', '1001', '202'),
(1093202, 218119, 'AGNES PASKA TAMBUNAN', 'OTKP', 'X OTKP 1', '1001', '202'),
(1094202, 218120, 'ALIVIA SUCI RAMADHANI', 'OTKP', 'X OTKP 1', '1001', '202'),
(1095202, 218122, 'Amanda Putri Sitio', 'OTKP', 'X OTKP 1', '1001', '202'),
(1096202, 218123, 'AMANDA YULIA PERMATA SARI', 'OTKP', 'X OTKP 1', '1001', '202'),
(1097202, 218126, 'ANISA DINI AYU AGUSTIN', 'OTKP', 'X OTKP 1', '1001', '202'),
(1098202, 218128, 'ARTIKASARI', 'OTKP', 'X OTKP 1', '1001', '202'),
(1099202, 218130, 'AWALIA PUTRI', 'OTKP', 'X OTKP 1', '1001', '202'),
(1100202, 218133, 'DELLY PUSPITA SARI', 'OTKP', 'X OTKP 1', '1001', '202'),
(1101202, 218134, 'DEWI SHINTA WIJAYA', 'OTKP', 'X OTKP 1', '1001', '202'),
(1102202, 218136, 'DIFA AISYAH PUTRI', 'OTKP', 'X OTKP 1', '1001', '202'),
(1103202, 218137, 'ELSA APRILIA SAFITRI', 'OTKP', 'X OTKP 1', '1001', '202'),
(1104202, 218138, 'FANNY DWI MUNAENI', 'OTKP', 'X OTKP 1', '1001', '202'),
(1105202, 218141, 'Frida Siwi Maysawati', 'OTKP', 'X OTKP 1', '1001', '202'),
(1106202, 218142, 'HARTANTI WIJAYA', 'OTKP', 'X OTKP 1', '1001', '202'),
(1107202, 218144, 'Jesica Trisia Putri', 'OTKP', 'X OTKP 1', '1001', '202'),
(1108202, 218145, 'KALISA NABILA', 'OTKP', 'X OTKP 1', '1001', '202'),
(1109202, 218147, 'LAILAH NURJANAH', 'OTKP', 'X OTKP 1', '1001', '202'),
(1110202, 218148, 'MARSELLINA', 'OTKP', 'X OTKP 1', '1001', '202'),
(1111202, 218149, 'MEI RIYANTI', 'OTKP', 'X OTKP 1', '1001', '202'),
(1112202, 218150, 'NABILA MUKHTAR', 'OTKP', 'X OTKP 1', '1001', '202'),
(1113202, 218154, 'NAGITA ZAHARANI', 'OTKP', 'X OTKP 1', '1001', '202'),
(1114202, 218155, 'Najwa Indah Lestari', 'OTKP', 'X OTKP 1', '1001', '202'),
(1115202, 218157, 'NATASYA ALAWIYAH', 'OTKP', 'X OTKP 1', '1001', '202'),
(1116202, 218163, 'NURUL ZHAHRANI', 'OTKP', 'X OTKP 1', '1001', '202'),
(1117202, 218167, 'RISTY INDRIANI PUTRI', 'OTKP', 'X OTKP 1', '1001', '202'),
(1118202, 218169, 'SALSA ZULFA HISANAH', 'OTKP', 'X OTKP 1', '1001', '202'),
(1119202, 218170, 'SEFHIA MAHARANI', 'OTKP', 'X OTKP 1', '1001', '202'),
(1120202, 218171, 'SILVIANA NUGRAHA', 'OTKP', 'X OTKP 1', '1001', '202'),
(1121202, 218172, 'SILVIE', 'OTKP', 'X OTKP 1', '1001', '202'),
(1122202, 218174, 'SITI TWANTI', 'OTKP', 'X OTKP 1', '1001', '202'),
(1123202, 218175, 'SOFHIANA PUTRI SUTRISNO', 'OTKP', 'X OTKP 1', '1001', '202'),
(1124202, 218179, 'VIVIAN CORNELIA SETIAWAN', 'OTKP', 'X OTKP 1', '1001', '202'),
(1125202, 218118, 'ADELIA ZAHRA KHIRANA', 'OTKP', 'X OTKP 2', '1001', '202'),
(1126202, 218121, 'AMANDA NURMALA', 'OTKP', 'X OTKP 2', '1001', '202'),
(1127202, 218125, 'ANIS SYAHIIDAH MEILANI', 'OTKP', 'X OTKP 2', '1001', '202'),
(1128202, 218127, 'ANISSA', 'OTKP', 'X OTKP 2', '1001', '202'),
(1129202, 218129, 'ASHA SHARA APRIANA', 'OTKP', 'X OTKP 2', '1001', '202'),
(1130202, 218131, 'AZ ZAHRA ZIDNI NAYSABILLA', 'OTKP', 'X OTKP 2', '1001', '202'),
(1131202, 218132, 'DEA RAHMA ALYA', 'OTKP', 'X OTKP 2', '1001', '202'),
(1132202, 218135, 'DHEA RAHMAWATI', 'OTKP', 'X OTKP 2', '1001', '202'),
(1133202, 218139, 'FIKA DAVILA', 'OTKP', 'X OTKP 2', '1001', '202'),
(1134202, 218140, 'FLORA CINDY AULIA', 'OTKP', 'X OTKP 2', '1001', '202'),
(1135202, 218143, 'IRMA SEPTIANI IRWANSYAH', 'OTKP', 'X OTKP 2', '1001', '202'),
(1136202, 218146, 'KHUSNUL KHOTIMATUL ZAHRA', 'OTKP', 'X OTKP 2', '1001', '202'),
(1137202, 218151, 'NABILA PUTRI SETIAWAN', 'OTKP', 'X OTKP 2', '1001', '202'),
(1138202, 218152, 'NABILA SEPTYANA DEWI', 'OTKP', 'X OTKP 2', '1001', '202'),
(1139202, 218153, 'NABYLA', 'OTKP', 'X OTKP 2', '1001', '202'),
(1140202, 218156, 'NANDITA PUTRI RAMADHANI', 'OTKP', 'X OTKP 2', '1001', '202'),
(1141202, 218158, 'NEZA CHARLITA', 'OTKP', 'X OTKP 2', '1001', '202'),
(1142202, 218159, 'NIMAS NUR YAUMI', 'OTKP', 'X OTKP 2', '1001', '202'),
(1143202, 218160, 'NIRMALASARI', 'OTKP', 'X OTKP 2', '1001', '202'),
(1144202, 218161, 'NOVIA AMANDA', 'OTKP', 'X OTKP 2', '1001', '202'),
(1145202, 218162, 'NURHIKMAH', 'OTKP', 'X OTKP 2', '1001', '202'),
(1146202, 218164, 'PUTRI AYU WULANDARI', 'OTKP', 'X OTKP 2', '1001', '202'),
(1147202, 218165, 'RATNA DILAH', 'OTKP', 'X OTKP 2', '1001', '202'),
(1148202, 218166, 'RINI NURBAITI', 'OTKP', 'X OTKP 2', '1001', '202'),
(1149202, 218168, 'RIYANTI WAFIQ AZIZAH', 'OTKP', 'X OTKP 2', '1001', '202'),
(1150202, 218226, 'SALSABILA NURUL FITRI', 'OTKP', 'X OTKP 2', '1001', '202'),
(1151202, 218173, 'SITI MUTIARA WARDAH', 'OTKP', 'X OTKP 2', '1001', '202'),
(1152202, 218176, 'SYAIRA RANI ASMARI PUTRI', 'OTKP', 'X OTKP 2', '1001', '202'),
(1153202, 218177, 'TASYA MUTALIFAH ', 'OTKP', 'X OTKP 2', '1001', '202'),
(1154202, 218178, 'Tria Kartini Wahyudi', 'OTKP', 'X OTKP 2', '1001', '202'),
(1155202, 218180, 'WINDA AULIA', 'OTKP', 'X OTKP 2', '1001', '202'),
(1156202, 218181, 'WINDA RESTU FALIHA', 'OTKP', 'X OTKP 2', '1001', '202'),
(1157202, 217969, 'ADI PRATAMA', 'TKJ', 'X TKJ 1', '2002', '202'),
(1158202, 217971, 'AGUNG RAMADHAN', 'TKJ', 'X TKJ 1', '2002', '202'),
(1159202, 217972, 'Ahmad Agus Tawakal', 'TKJ', 'X TKJ 1', '2002', '202'),
(1160202, 217976, 'ALBERTINUS SABAM SILAEN', 'TKJ', 'X TKJ 1', '2002', '202'),
(1161202, 217978, 'ALFIAN FEBRIYANTO', 'TKJ', 'X TKJ 1', '2002', '202'),
(1162202, 217979, 'ALFIAN NUR ILHAM', 'TKJ', 'X TKJ 1', '2002', '202'),
(1163202, 217980, 'ALPIN RAMADAN SETIAWAN', 'TKJ', 'X TKJ 1', '2002', '202'),
(1164202, 217994, 'DENTA FITRI NOVIANI', 'TKJ', 'X TKJ 1', '2002', '202'),
(1165202, 218000, 'EGI KURNIA', 'TKJ', 'X TKJ 1', '2002', '202'),
(1166202, 218001, 'EGNER CONSTANTIN', 'TKJ', 'X TKJ 1', '2002', '202'),
(1167202, 218002, 'ERICH JALEMBA JUNIARTA', 'TKJ', 'X TKJ 1', '2002', '202'),
(1168202, 218004, 'FADLY ERLANGGA', 'TKJ', 'X TKJ 1', '2002', '202'),
(1169202, 218007, 'FATHYA AULIA', 'TKJ', 'X TKJ 1', '2002', '202'),
(1170202, 218010, 'FIKHAR HADISAPUTRA', 'TKJ', 'X TKJ 1', '2002', '202'),
(1171202, 218014, 'FRANS LEONARDO HADIWINATA', 'TKJ', 'X TKJ 1', '2002', '202'),
(1172202, 218017, 'GILANG MAULANA AKBAR', 'TKJ', 'X TKJ 1', '2002', '202'),
(1173202, 218019, 'HAFIDZ SYAHPUTRO', 'TKJ', 'X TKJ 1', '2002', '202'),
(1174202, 218025, 'KELVIN OKTA RAMADHAN', 'TKJ', 'X TKJ 1', '2002', '202'),
(1175202, 218027, 'MAULANA IKSAN', 'TKJ', 'X TKJ 1', '2002', '202'),
(1176202, 218028, 'MOHAMAD RIZKI', 'TKJ', 'X TKJ 1', '2002', '202'),
(1177202, 218034, 'MUHAMAD SUBASTIAN', 'TKJ', 'X TKJ 1', '2002', '202'),
(1178202, 218037, 'MUHAMMAD ANGGI SAPUTRA', 'TKJ', 'X TKJ 1', '2002', '202'),
(1179202, 218038, 'MUHAMMAD DAFFI', 'TKJ', 'X TKJ 1', '2002', '202'),
(1180202, 218228, 'Muhammad Nur Arifin', 'TKJ', 'X TKJ 1', '2002', '202'),
(1181202, 218043, 'MUHAMMAD RIZKY AL AKBAR', 'TKJ', 'X TKJ 1', '2002', '202'),
(1182202, 218045, 'NOVAL RAMADAN', 'TKJ', 'X TKJ 1', '2002', '202'),
(1183202, 218047, 'NOVEL SYAHPUTRA HALIM', 'TKJ', 'X TKJ 1', '2002', '202'),
(1184202, 218048, 'PANJI RAHMADI', 'TKJ', 'X TKJ 1', '2002', '202'),
(1185202, 218051, 'RADIS SETIAWAN', 'TKJ', 'X TKJ 1', '2002', '202'),
(1186202, 218052, 'RAFA MAULANA ARDIANSYAH', 'TKJ', 'X TKJ 1', '2002', '202'),
(1187202, 218053, 'RAFLI AGUNG PRAYOGA', 'TKJ', 'X TKJ 1', '2002', '202'),
(1188202, 218062, 'SIGIT NURCAHYONO', 'TKJ', 'X TKJ 1', '2002', '202'),
(1189202, 218065, 'TYO RIYADI SYAPUTRA', 'TKJ', 'X TKJ 1', '2002', '202'),
(1190202, 218066, 'YULIO LUKAS ADRIANO HUTAGAOL', 'TKJ', 'X TKJ 1', '2002', '202'),
(1191202, 218067, 'ZIDAN RIZKY RAMADHAN', 'TKJ', 'X TKJ 1', '2002', '202'),
(1192202, 217968, 'ADE IRSAD ABIDIN', 'TKJ', 'X TKJ 2', '2002', '202'),
(1193202, 217970, 'Afrizal Ardiansyah', 'TKJ', 'X TKJ 2', '2002', '202'),
(1194202, 217975, 'ALBASRAH MOHAMAD SALEH RAGO', 'TKJ', 'X TKJ 2', '2002', '202'),
(1195202, 217977, 'ALDI AWALUDIN', 'TKJ', 'X TKJ 2', '2002', '202'),
(1196202, 217981, 'ANDIKA', 'TKJ', 'X TKJ 2', '2002', '202'),
(1197202, 217984, 'ARDESTA KURNIAWAN', 'TKJ', 'X TKJ 2', '2002', '202'),
(1198202, 217985, 'ARDI DANU ANGGARA', 'TKJ', 'X TKJ 2', '2002', '202'),
(1199202, 217986, 'ARIEL ILHAMI', 'TKJ', 'X TKJ 2', '2002', '202'),
(1200202, 217988, 'BAYU SAPUTRA', 'TKJ', 'X TKJ 2', '2002', '202'),
(1201202, 217990, 'DAMARUDIN', 'TKJ', 'X TKJ 2', '2002', '202'),
(1202202, 217993, 'DEDI MARDIYANSAH', 'TKJ', 'X TKJ 2', '2002', '202'),
(1203202, 217995, 'DEVFRAN ADITYA SUHERNO PUTRA', 'TKJ', 'X TKJ 2', '2002', '202'),
(1204202, 217996, 'DHIMAS KURNIAWAN BASORI', 'TKJ', 'X TKJ 2', '2002', '202'),
(1205202, 217999, 'Diki Ramadan', 'TKJ', 'X TKJ 2', '2002', '202'),
(1206202, 218005, 'FAJAR NUGRAHA', 'TKJ', 'X TKJ 2', '2002', '202'),
(1207202, 218011, 'FIKRI FAHREZA', 'TKJ', 'X TKJ 2', '2002', '202'),
(1208202, 218013, 'FIRMANSYAH', 'TKJ', 'X TKJ 2', '2002', '202'),
(1209202, 218018, 'HABIB SUFYAN FADILLAH', 'TKJ', 'X TKJ 2', '2002', '202'),
(1210202, 218020, 'HAIKAL FIKRI NURWANTO', 'TKJ', 'X TKJ 2', '2002', '202'),
(1211202, 218021, 'I PT.GALIHANDRA REVA ULUM DINATA', 'TKJ', 'X TKJ 2', '2002', '202'),
(1212202, 218022, 'ILHAM RAHMATTULLOH', 'TKJ', 'X TKJ 2', '2002', '202'),
(1213202, 218023, 'INDAH FAAKHIRA SEBASTIAN', 'TKJ', 'X TKJ 2', '2002', '202'),
(1214202, 218024, 'KEFIN HIDAYAT', 'TKJ', 'X TKJ 2', '2002', '202'),
(1215202, 218030, 'MUHAMAD ARDIANSYAH', 'TKJ', 'X TKJ 2', '2002', '202'),
(1216202, 218039, 'MUHAMMAD MAULANA RAMDHANI', 'TKJ', 'X TKJ 2', '2002', '202'),
(1217202, 218040, 'MUHAMMAD NANDA FIRMANSYAH', 'TKJ', 'X TKJ 2', '2002', '202'),
(1218202, 218042, 'MUHAMMAD RIFKI RABBANI', 'TKJ', 'X TKJ 2', '2002', '202'),
(1219202, 218044, 'NADIA NURLITA', 'TKJ', 'X TKJ 2', '2002', '202'),
(1220202, 218049, 'PINDY AUGY SEPTIANU PUTRA', 'TKJ', 'X TKJ 2', '2002', '202'),
(1221202, 218050, 'PITON', 'TKJ', 'X TKJ 2', '2002', '202'),
(1222202, 218055, 'RIFQI AZHAR SAPUTRA', 'TKJ', 'X TKJ 2', '2002', '202'),
(1223202, 218059, 'Rizky Bagaskoro', 'TKJ', 'X TKJ 2', '2002', '202'),
(1224202, 218060, 'ROFIQY MIRYAL AL MURTADHA', 'TKJ', 'X TKJ 2', '2002', '202'),
(1225202, 218061, 'SATRIAWAN TRIE SAPUTRA', 'TKJ', 'X TKJ 2', '2002', '202'),
(1226202, 217973, 'AHMAD SAPUTRA', 'TKJ', 'X TKJ 3', '2002', '202'),
(1227202, 217974, 'AKMAL FEBRYANSYAH', 'TKJ', 'X TKJ 3', '2002', '202'),
(1228202, 217982, 'ANDYKA PUTRA PRASETYA', 'TKJ', 'X TKJ 3', '2002', '202'),
(1229202, 217983, 'Anis Tiarawati', 'TKJ', 'X TKJ 3', '2002', '202'),
(1230202, 217987, 'ARMANDA PUTRA', 'TKJ', 'X TKJ 3', '2002', '202'),
(1231202, 217989, 'CHANDRA ANDIKA', 'TKJ', 'X TKJ 3', '2002', '202'),
(1232202, 217991, 'DAVI TRISNA PRASETYA', 'TKJ', 'X TKJ 3', '2002', '202'),
(1233202, 217992, 'DAVID HERMANSYAH', 'TKJ', 'X TKJ 3', '2002', '202'),
(1234202, 217997, 'Diah Sintia', 'TKJ', 'X TKJ 3', '2002', '202'),
(1235202, 217998, 'DIEGO RAFI GHATHFAAN', 'TKJ', 'X TKJ 3', '2002', '202'),
(1236202, 218003, 'FABRIAN AFRIANSYAH', 'TKJ', 'X TKJ 3', '2002', '202'),
(1237202, 218006, 'FARIJ ASHIDIQI', 'TKJ', 'X TKJ 3', '2002', '202'),
(1238202, 218008, 'FELIX ADIKA', 'TKJ', 'X TKJ 3', '2002', '202'),
(1239202, 218009, 'FICRI CHOIRUL IMAM', 'TKJ', 'X TKJ 3', '2002', '202'),
(1240202, 218012, 'FIRGIE HAFIANSYAH FAHREVI ', 'TKJ', 'X TKJ 3', '2002', '202'),
(1241202, 218015, 'GAFARA EKA FAHRIZA', 'TKJ', 'X TKJ 3', '2002', '202'),
(1242202, 218016, 'GHUFRON KHAIRULLAH', 'TKJ', 'X TKJ 3', '2002', '202'),
(1243202, 218026, 'KHARENAL ARDIANTONY', 'TKJ', 'X TKJ 3', '2002', '202'),
(1244202, 218029, 'MUHAMAD APRIANSYAH', 'TKJ', 'X TKJ 3', '2002', '202'),
(1245202, 218031, 'MUHAMAD CHAIRIEL', 'TKJ', 'X TKJ 3', '2002', '202'),
(1246202, 218032, 'MUHAMAD RIZKY', 'TKJ', 'X TKJ 3', '2002', '202'),
(1247202, 218033, 'Muhamad Rizky Farizah', 'TKJ', 'X TKJ 3', '2002', '202'),
(1248202, 218035, 'MUHAMMAD AFDANY PUTRA WIJAYA', 'TKJ', 'X TKJ 3', '2002', '202'),
(1249202, 218036, 'MUHAMMAD ALFARIZA', 'TKJ', 'X TKJ 3', '2002', '202'),
(1250202, 218041, 'MUHAMMAD REZA BAGUS SAPUTRA', 'TKJ', 'X TKJ 3', '2002', '202'),
(1251202, 218227, 'MUHAMMAD RISKY', 'TKJ', 'X TKJ 3', '2002', '202'),
(1252202, 218046, 'NOVALLINO', 'TKJ', 'X TKJ 3', '2002', '202'),
(1253202, 218054, 'RAFLY RAMADHAN LESMANA', 'TKJ', 'X TKJ 3', '2002', '202'),
(1254202, 218056, 'RIFQI FADILLA DWIKA', 'TKJ', 'X TKJ 3', '2002', '202'),
(1255202, 218057, 'RISVAL ANGGRA RESTA', 'TKJ', 'X TKJ 3', '2002', '202'),
(1256202, 218058, 'Riyo', 'TKJ', 'X TKJ 3', '2002', '202'),
(1257202, 218224, 'SANDY PUTRA', 'TKJ', 'X TKJ 3', '2002', '202'),
(1258202, 218063, 'Syahril Suganda Saputra', 'TKJ', 'X TKJ 3', '2002', '202'),
(1259202, 218064, 'TUBAGUS ABU BAKAR ZEIN', 'TKJ', 'X TKJ 3', '2002', '202'),
(1260202, 207714, 'ANDREAS ADIANTO', 'AKL', 'XI AKL 1', '3003', '202'),
(1261202, 207719, 'AULIA FATIKA SARI', 'AKL', 'XI AKL 1', '3003', '202'),
(1262202, 207720, 'BINTANG RAMADHANI', 'AKL', 'XI AKL 1', '3003', '202'),
(1263202, 207722, 'Choirul Akmal Hidayat', 'AKL', 'XI AKL 1', '3003', '202'),
(1264202, 207723, 'DEA MARCELLANI', 'AKL', 'XI AKL 1', '3003', '202'),
(1265202, 207724, 'DESFIANAPUTRI WIDYARSANTI', 'AKL', 'XI AKL 1', '3003', '202'),
(1266202, 207727, 'DEVIANA FERNANDA ', 'AKL', 'XI AKL 1', '3003', '202'),
(1267202, 207730, 'FADILLAH ROHMAN', 'AKL', 'XI AKL 1', '3003', '202'),
(1268202, 207731, 'FAUZI WIBOWO', 'AKL', 'XI AKL 1', '3003', '202'),
(1269202, 207733, 'FERDIYANSAH', 'AKL', 'XI AKL 1', '3003', '202'),
(1270202, 207735, 'Fitri Nur Indriani', 'AKL', 'XI AKL 1', '3003', '202'),
(1271202, 207736, 'FITRI ZETIRA SALSA', 'AKL', 'XI AKL 1', '3003', '202'),
(1272202, 207738, 'HABIB YAZID FIKRIANSYAH', 'AKL', 'XI AKL 1', '3003', '202'),
(1273202, 207739, 'Hani Astuti', 'AKL', 'XI AKL 1', '3003', '202'),
(1274202, 207740, 'HELEN SETIABUDI', 'AKL', 'XI AKL 1', '3003', '202'),
(1275202, 207741, 'HERLINA SETIAWAN', 'AKL', 'XI AKL 1', '3003', '202'),
(1276202, 207743, 'ILMA AMALIA', 'AKL', 'XI AKL 1', '3003', '202'),
(1277202, 207744, 'IVANA CHANAFI', 'AKL', 'XI AKL 1', '3003', '202'),
(1278202, 207745, 'JOSIANA GARETZA', 'AKL', 'XI AKL 1', '3003', '202'),
(1279202, 207753, 'MAYDA CHANAFI', 'AKL', 'XI AKL 1', '3003', '202'),
(1280202, 207758, 'MUHAMAD RAFI EKA SAPUTRA', 'AKL', 'XI AKL 1', '3003', '202'),
(1281202, 207748, 'MUHAMMAD ARYA DIVA', 'AKL', 'XI AKL 1', '3003', '202'),
(1282202, 207759, 'NABILA APRILIA SANI', 'AKL', 'XI AKL 1', '3003', '202'),
(1283202, 207760, 'NAJWA SABILLA AMRI', 'AKL', 'XI AKL 1', '3003', '202'),
(1284202, 207764, 'NOVIA ADRIANA ELISANTY', 'AKL', 'XI AKL 1', '3003', '202'),
(1285202, 207767, 'RAFA MALIKI ARDIANSYAH', 'AKL', 'XI AKL 1', '3003', '202'),
(1286202, 207768, 'RAHMA SAECAR ROSSA LIANI', 'AKL', 'XI AKL 1', '3003', '202'),
(1287202, 207769, 'RAHMAH', 'AKL', 'XI AKL 1', '3003', '202'),
(1288202, 207770, 'RAKHEL MARYAM', 'AKL', 'XI AKL 1', '3003', '202'),
(1289202, 207771, 'RATU NUR AYUNINGTIAS', 'AKL', 'XI AKL 1', '3003', '202'),
(1290202, 207774, 'REVANI NADYA DESWIT', 'AKL', 'XI AKL 1', '3003', '202'),
(1291202, 207780, 'ROSY GUSRIA NINGRUM', 'AKL', 'XI AKL 1', '3003', '202'),
(1292202, 207784, 'SISKA AULIA WARYANTO', 'AKL', 'XI AKL 1', '3003', '202'),
(1293202, 207785, 'SITI POUJIYAN', 'AKL', 'XI AKL 1', '3003', '202'),
(1294202, 207786, 'Sri Rahayu Wandirah', 'AKL', 'XI AKL 1', '3003', '202'),
(1295202, 207788, 'SURYANI', 'AKL', 'XI AKL 1', '3003', '202'),
(1296202, 207791, 'Vania Putri Wijaya', 'AKL', 'XI AKL 1', '3003', '202'),
(1297202, 207792, 'VIANA PATRICIA ANG', 'AKL', 'XI AKL 1', '3003', '202'),
(1298202, 207793, 'VIKKY PRIMA SUPELI', 'AKL', 'XI AKL 1', '3003', '202'),
(1299202, 207794, 'ZAHRA AMELIA PUTRI', 'AKL', 'XI AKL 1', '3003', '202'),
(1300202, 207796, 'ZAHRAH LUTFI FEBRIANA', 'AKL', 'XI AKL 1', '3003', '202'),
(1301202, 207712, 'Ahmad Faisal Risaldi', 'AKL', 'XI AKL 2', '3003', '202'),
(1302202, 207713, 'AHMAD TRI APIYAN', 'AKL', 'XI AKL 2', '3003', '202'),
(1303202, 207715, 'ANDRI DWI KURNIAWAN', 'AKL', 'XI AKL 2', '3003', '202'),
(1304202, 207716, 'ARDIAN SYAH', 'AKL', 'XI AKL 2', '3003', '202'),
(1305202, 207717, 'ARIA KRISNA JOHAERI', 'AKL', 'XI AKL 2', '3003', '202'),
(1306202, 207721, 'CECE CUMAIDA', 'AKL', 'XI AKL 2', '3003', '202'),
(1307202, 207725, 'DESI WULANDARI', 'AKL', 'XI AKL 2', '3003', '202'),
(1308202, 207726, 'Deva Puspitasari', 'AKL', 'XI AKL 2', '3003', '202'),
(1309202, 207728, 'DIAH PUTRI LESTARI', 'AKL', 'XI AKL 2', '3003', '202'),
(1310202, 207729, 'EKA ROHMAWATI', 'AKL', 'XI AKL 2', '3003', '202'),
(1311202, 207732, 'FELIANI MEI ASTUTI', 'AKL', 'XI AKL 2', '3003', '202'),
(1312202, 207737, 'FITRIANA', 'AKL', 'XI AKL 2', '3003', '202'),
(1313202, 207742, 'IIN RISKAWATI', 'AKL', 'XI AKL 2', '3003', '202'),
(1314202, 207746, 'LISTIAWATI', 'AKL', 'XI AKL 2', '3003', '202'),
(1315202, 207749, 'MANDA AGRISTINA', 'AKL', 'XI AKL 2', '3003', '202'),
(1316202, 207750, 'Marselina', 'AKL', 'XI AKL 2', '3003', '202'),
(1317202, 207751, 'MARSYA OLIVIA FARHAH', 'AKL', 'XI AKL 2', '3003', '202'),
(1318202, 207752, 'MAYA FIRDAUS SARI', 'AKL', 'XI AKL 2', '3003', '202'),
(1319202, 207754, 'MAYSEL FIDELA', 'AKL', 'XI AKL 2', '3003', '202'),
(1320202, 207755, 'MIRA YANTI', 'AKL', 'XI AKL 2', '3003', '202'),
(1321202, 207756, 'Mohamad Aldi Herdiansah', 'AKL', 'XI AKL 2', '3003', '202'),
(1322202, 207757, 'MUHAMAD MIFTAHUL ATHO', 'AKL', 'XI AKL 2', '3003', '202'),
(1323202, 207761, 'NAZWA DWI FADILLAH', 'AKL', 'XI AKL 2', '3003', '202'),
(1324202, 207762, 'NITA AGUSTINA', 'AKL', 'XI AKL 2', '3003', '202'),
(1325202, 207763, 'NIYA LASITA', 'AKL', 'XI AKL 2', '3003', '202'),
(1326202, 207765, 'NUR KHOIRUNISA', 'AKL', 'XI AKL 2', '3003', '202'),
(1327202, 207766, 'PUTRI SELVIANA', 'AKL', 'XI AKL 2', '3003', '202'),
(1328202, 207772, 'Rayhan Muhammad Dafansyah', 'AKL', 'XI AKL 2', '3003', '202'),
(1329202, 207773, 'RENI MUTIA', 'AKL', 'XI AKL 2', '3003', '202'),
(1330202, 207775, 'REZA SHAFIRA WIJAYA', 'AKL', 'XI AKL 2', '3003', '202'),
(1331202, 207776, 'RINI ALFIYANI', 'AKL', 'XI AKL 2', '3003', '202'),
(1332202, 207777, 'RISKA NURUL KHOTIMAH', 'AKL', 'XI AKL 2', '3003', '202'),
(1333202, 207778, 'RISKI SETIAWAN', 'AKL', 'XI AKL 2', '3003', '202'),
(1334202, 207779, 'ROFAH', 'AKL', 'XI AKL 2', '3003', '202'),
(1335202, 207781, 'Ryan Septian', 'AKL', 'XI AKL 2', '3003', '202'),
(1336202, 207782, 'SEPTI AMINATUL CHASANAH', 'AKL', 'XI AKL 2', '3003', '202'),
(1337202, 207787, 'SUCI RIJKIA SARI', 'AKL', 'XI AKL 2', '3003', '202'),
(1338202, 207789, 'SYAVANA EKI FEBRIYANTI', 'AKL', 'XI AKL 2', '3003', '202'),
(1339202, 207790, 'THERESIA BUI HERA', 'AKL', 'XI AKL 2', '3003', '202'),
(1340202, 207795, 'ZAHRA AZIZAH DHAIFULLAH', 'AKL', 'XI AKL 2', '3003', '202'),
(1341202, 207797, 'ZAHRA NUR NABILA', 'AKL', 'XI AKL 2', '3003', '202'),
(1342202, 207887, 'ABDULLAH RIYAD', 'BDP', 'XI BDP 1', '3003', '202'),
(1343202, 207892, 'Anis Karsella', 'BDP', 'XI BDP 1', '3003', '202'),
(1344202, 207894, 'AQIL IRBANI', 'BDP', 'XI BDP 1', '3003', '202'),
(1345202, 207897, 'DAVID ERIK HERMAWAN', 'BDP', 'XI BDP 1', '3003', '202'),
(1346202, 207899, 'DELLA NORMAYANTIKA', 'BDP', 'XI BDP 1', '3003', '202'),
(1347202, 207900, 'DENNIS RAFAEL', 'BDP', 'XI BDP 1', '3003', '202'),
(1348202, 207901, 'DEVIDA AULIA', 'BDP', 'XI BDP 1', '3003', '202'),
(1349202, 207902, 'DEVINA LORENZA KURNIA PUTRY', 'BDP', 'XI BDP 1', '3003', '202'),
(1350202, 207903, 'DINA CAHYANI', 'BDP', 'XI BDP 1', '3003', '202'),
(1351202, 207904, 'ELISA FEBRIYANTI', 'BDP', 'XI BDP 1', '3003', '202'),
(1352202, 207905, 'FADLY MUHAMAD NUGRAHA', 'BDP', 'XI BDP 1', '3003', '202'),
(1353202, 207906, 'Fatmah Ayu', 'BDP', 'XI BDP 1', '3003', '202'),
(1354202, 207907, 'FEBRIAN FRANSIUS', 'BDP', 'XI BDP 1', '3003', '202'),
(1355202, 207909, 'FERIYAN SYAH', 'BDP', 'XI BDP 1', '3003', '202'),
(1356202, 207914, 'IQBAL ILHAM SYAH', 'BDP', 'XI BDP 1', '3003', '202'),
(1357202, 207916, 'KEZIA CAROLINA NONITEMA', 'BDP', 'XI BDP 1', '3003', '202'),
(1358202, 207921, 'Maysia Laurent Yosephin', 'BDP', 'XI BDP 1', '3003', '202'),
(1359202, 207924, 'MUHAMMAD AJI SURAHMAN', 'BDP', 'XI BDP 1', '3003', '202'),
(1360202, 207928, 'MUHAMMAD FIRDAUS', 'BDP', 'XI BDP 1', '3003', '202'),
(1361202, 207929, 'MUHAMMAD NOVAL ADITYA', 'BDP', 'XI BDP 1', '3003', '202'),
(1362202, 207930, 'MUHAMMAD REVALDI', 'BDP', 'XI BDP 1', '3003', '202'),
(1363202, 207931, 'MUSLIM AZIZ ABDILLAH', 'BDP', 'XI BDP 1', '3003', '202'),
(1364202, 207932, 'Nabila Rizky Tirtananda', 'BDP', 'XI BDP 1', '3003', '202'),
(1365202, 207934, 'Nicholas', 'BDP', 'XI BDP 1', '3003', '202'),
(1366202, 207936, 'NUR INTAN AULIA RAHMADINAH', 'BDP', 'XI BDP 1', '3003', '202'),
(1367202, 207938, 'PENDI PRASETYO', 'BDP', 'XI BDP 1', '3003', '202'),
(1368202, 207939, 'PERNANDO SAPUTRA', 'BDP', 'XI BDP 1', '3003', '202'),
(1369202, 207940, 'PINGKAN LAILA OKTAVIANI', 'BDP', 'XI BDP 1', '3003', '202'),
(1370202, 207941, 'Preti Audia', 'BDP', 'XI BDP 1', '3003', '202'),
(1371202, 207942, 'PUTRI', 'BDP', 'XI BDP 1', '3003', '202'),
(1372202, 207944, 'PUTRI ARIYANI', 'BDP', 'XI BDP 1', '3003', '202'),
(1373202, 207943, 'PUTRI AULIA', 'BDP', 'XI BDP 1', '3003', '202'),
(1374202, 207945, 'RAGIL NURIL ANWAR', 'BDP', 'XI BDP 1', '3003', '202'),
(1375202, 207946, 'RAHMA FITRIYANI', 'BDP', 'XI BDP 1', '3003', '202'),
(1376202, 207952, 'Rini Rustrimiati', 'BDP', 'XI BDP 1', '3003', '202'),
(1377202, 207953, 'RIVALDI AFRIAN', 'BDP', 'XI BDP 1', '3003', '202'),
(1378202, 207961, 'TEGUH SOLEH', 'BDP', 'XI BDP 1', '3003', '202'),
(1379202, 207962, 'ULFA NURMAYANTI', 'BDP', 'XI BDP 1', '3003', '202'),
(1380202, 207963, 'Wahyudi', 'BDP', 'XI BDP 1', '3003', '202'),
(1381202, 207965, 'YUSUP SLAMET RAHARJO', 'BDP', 'XI BDP 1', '3003', '202'),
(1382202, 207886, 'ABDUL MUJIB WADI', 'BDP', 'XI BDP 2', '3003', '202'),
(1383202, 207888, 'AHMAD FAIZ RAMDHANI', 'BDP', 'XI BDP 2', '3003', '202'),
(1384202, 207891, 'ANGGI MAULANA', 'BDP', 'XI BDP 2', '3003', '202'),
(1385202, 207893, 'ANNISA RAHMAN', 'BDP', 'XI BDP 2', '3003', '202'),
(1386202, 207895, 'BINTANG WIDIYASTARA ASROFI', 'BDP', 'XI BDP 2', '3003', '202'),
(1387202, 207896, 'BUNGGA ARSITA PUTRI', 'BDP', 'XI BDP 2', '3003', '202'),
(1388202, 207898, 'DEA SABELA PUTRI', 'BDP', 'XI BDP 2', '3003', '202'),
(1389202, 207908, 'FEBRIANSYAH SANJAYA', 'BDP', 'XI BDP 2', '3003', '202'),
(1390202, 207910, 'FIRJATULLAH ANISSA RAHMAN', 'BDP', 'XI BDP 2', '3003', '202'),
(1391202, 207911, 'ILHAM APRILIANSYAH', 'BDP', 'XI BDP 2', '3003', '202'),
(1392202, 207912, 'INDAH AYUNI SARI', 'BDP', 'XI BDP 2', '3003', '202'),
(1393202, 207915, 'IQBAL SURYADI', 'BDP', 'XI BDP 2', '3003', '202'),
(1394202, 207918, 'Ledia Hanifah', 'BDP', 'XI BDP 2', '3003', '202'),
(1395202, 207919, 'LULU NURFAOLA', 'BDP', 'XI BDP 2', '3003', '202'),
(1396202, 207920, 'MARSELA', 'BDP', 'XI BDP 2', '3003', '202'),
(1397202, 207922, 'MOCHAMAD NUR ZAINI', 'BDP', 'XI BDP 2', '3003', '202'),
(1398202, 207925, 'MUHAMAD ARYA APRIYANTO', 'BDP', 'XI BDP 2', '3003', '202'),
(1399202, 207926, 'MUHAMAD DIAS JUNIAWAN', 'BDP', 'XI BDP 2', '3003', '202'),
(1400202, 207927, 'MUHAMMAD FAHRI HERIYANTO', 'BDP', 'XI BDP 2', '3003', '202'),
(1401202, 207933, 'NAJWAH NUR ASYIYAH', 'BDP', 'XI BDP 2', '3003', '202'),
(1402202, 207935, 'NINIS ANNISYA', 'BDP', 'XI BDP 2', '3003', '202'),
(1403202, 207937, 'Patrialis Bayu Putra', 'BDP', 'XI BDP 2', '3003', '202'),
(1404202, 207948, 'Reizhart Afrino Muslim', 'BDP', 'XI BDP 2', '3003', '202'),
(1405202, 207949, 'RENA ANGELITA', 'BDP', 'XI BDP 2', '3003', '202'),
(1406202, 207950, 'REVIN KHUSNADA SAKTI', 'BDP', 'XI BDP 2', '3003', '202'),
(1407202, 207951, 'RIDHO FATARDHO HAMZAH', 'BDP', 'XI BDP 2', '3003', '202'),
(1408202, 207954, 'RIZKY BUDIANTO', 'BDP', 'XI BDP 2', '3003', '202'),
(1409202, 207955, 'SAMSUDIN RADITYA', 'BDP', 'XI BDP 2', '3003', '202'),
(1410202, 207956, 'Septian Budi Riyanto', 'BDP', 'XI BDP 2', '3003', '202'),
(1411202, 207957, 'SILFIANA SARI', 'BDP', 'XI BDP 2', '3003', '202'),
(1412202, 207959, 'SITI NUR HANIFA', 'BDP', 'XI BDP 2', '3003', '202'),
(1413202, 207958, 'Siti Nurfadilah', 'BDP', 'XI BDP 2', '3003', '202'),
(1414202, 207960, 'Syahrul Al Fatah', 'BDP', 'XI BDP 2', '3003', '202'),
(1415202, 207966, 'ZAHRA FITRIA SETIAWAN', 'BDP', 'XI BDP 2', '3003', '202'),
(1416202, 207967, 'ZAZA NUR ANGGRAINI', 'BDP', 'XI BDP 2', '3003', '202'),
(1417202, 207798, 'ALIFA YULISA RAMADHILA', 'OTKP', 'XI OTKP 1', '3003', '202'),
(1418202, 207799, 'ALYA SAFITRI', 'OTKP', 'XI OTKP 1', '3003', '202'),
(1419202, 207800, 'AMANDA EKA MAULANA', 'OTKP', 'XI OTKP 1', '3003', '202'),
(1420202, 207801, 'AMELIA ANANTA PRATIWI', 'OTKP', 'XI OTKP 1', '3003', '202'),
(1421202, 207802, 'AMELIA FERNANDA TANURAHARDJA', 'OTKP', 'XI OTKP 1', '3003', '202'),
(1422202, 207803, 'Amelia Ismawati', 'OTKP', 'XI OTKP 1', '3003', '202'),
(1423202, 207805, 'ANITA MARISKA', 'OTKP', 'XI OTKP 1', '3003', '202'),
(1424202, 207808, 'APSARINA LAJANA', 'OTKP', 'XI OTKP 1', '3003', '202'),
(1425202, 207809, 'ARIELLA ANDINI', 'OTKP', 'XI OTKP 1', '3003', '202'),
(1426202, 207811, 'AYARIKHA ASIYAH INDARDI', 'OTKP', 'XI OTKP 1', '3003', '202'),
(1427202, 207812, 'AYU RAHMA AULIA', 'OTKP', 'XI OTKP 1', '3003', '202'),
(1428202, 207813, 'AYU SEKAR WANGI', 'OTKP', 'XI OTKP 1', '3003', '202'),
(1429202, 207814, 'CALYSTA MAHARANI', 'OTKP', 'XI OTKP 1', '3003', '202'),
(1430202, 207815, 'Cindy Aulia Putri', 'OTKP', 'XI OTKP 1', '3003', '202'),
(1431202, 207818, 'DEA ANANDA', 'OTKP', 'XI OTKP 1', '3003', '202'),
(1432202, 207819, 'DEA MUTIARA', 'OTKP', 'XI OTKP 1', '3003', '202'),
(1433202, 207820, 'DELIA PINKAN RAHMAWATI', 'OTKP', 'XI OTKP 1', '3003', '202'),
(1434202, 207821, 'DEVA OKTAVIANA', 'OTKP', 'XI OTKP 1', '3003', '202'),
(1435202, 207825, 'Elma Novia Safitri', 'OTKP', 'XI OTKP 1', '3003', '202'),
(1436202, 207828, 'FIRA RESTU HERDIANTI', 'OTKP', 'XI OTKP 1', '3003', '202'),
(1437202, 207830, 'FITRIANI MARA', 'OTKP', 'XI OTKP 1', '3003', '202'),
(1438202, 207836, 'JISCAVIA MAERANY', 'OTKP', 'XI OTKP 1', '3003', '202'),
(1439202, 207837, 'JULIANA DWI PRATIWI', 'OTKP', 'XI OTKP 1', '3003', '202'),
(1440202, 207838, 'JUWITA DE FRETES', 'OTKP', 'XI OTKP 1', '3003', '202'),
(1441202, 207840, 'KRISTINA LUSIANA', 'OTKP', 'XI OTKP 1', '3003', '202'),
(1442202, 207843, 'LULU ULI NUHA ALBANTANI', 'OTKP', 'XI OTKP 1', '3003', '202'),
(1443202, 207844, 'MARIA OKTA STYA LINDA', 'OTKP', 'XI OTKP 1', '3003', '202'),
(1444202, 207851, 'NISRINA FITRIA WIDHAH', 'OTKP', 'XI OTKP 1', '3003', '202'),
(1445202, 207855, 'RAHMAWATI', 'OTKP', 'XI OTKP 1', '3003', '202'),
(1446202, 207858, 'SABRINA AMALIA DEVINAYA', 'OTKP', 'XI OTKP 1', '3003', '202'),
(1447202, 207859, 'Salfarani Putri', 'OTKP', 'XI OTKP 1', '3003', '202'),
(1448202, 207861, 'SARI RAHMAWATI', 'OTKP', 'XI OTKP 1', '3003', '202'),
(1449202, 207862, 'SELVIYANTI MUHSIN', 'OTKP', 'XI OTKP 1', '3003', '202'),
(1450202, 207866, 'SITI AFSYOH TRININGTYAS', 'OTKP', 'XI OTKP 1', '3003', '202'),
(1451202, 207865, 'Siti Febrianti', 'OTKP', 'XI OTKP 1', '3003', '202'),
(1452202, 207867, 'SITI LESTARI', 'OTKP', 'XI OTKP 1', '3003', '202'),
(1453202, 207870, 'SUCI SALVA AULIA', 'OTKP', 'XI OTKP 1', '3003', '202'),
(1454202, 207871, 'SUCI WULAN DINI', 'OTKP', 'XI OTKP 1', '3003', '202'),
(1455202, 207875, 'Tiara Rismayanti', 'OTKP', 'XI OTKP 1', '3003', '202'),
(1456202, 207880, 'WIWID DWI RAHMAWATI', 'OTKP', 'XI OTKP 1', '3003', '202'),
(1457202, 207883, 'YOSI GISELA NINGRUM', 'OTKP', 'XI OTKP 1', '3003', '202'),
(1458202, 207884, 'Yuni Oktapiyana', 'OTKP', 'XI OTKP 1', '3003', '202'),
(1459202, 207885, 'ZAHWA NABILA NATASYAWATI', 'OTKP', 'XI OTKP 1', '3003', '202'),
(1460202, 207804, 'ANANDA PUTRI RAMADHANI', 'OTKP', 'XI OTKP 2', '3003', '202'),
(1461202, 207806, 'ANNISA NUR HIDAYAH', 'OTKP', 'XI OTKP 2', '3003', '202'),
(1462202, 207807, 'APRILLIA IRATUR', 'OTKP', 'XI OTKP 2', '3003', '202'),
(1463202, 207810, 'Aulia Rahma', 'OTKP', 'XI OTKP 2', '3003', '202'),
(1464202, 207816, 'CITRA AULIA SARI', 'OTKP', 'XI OTKP 2', '3003', '202'),
(1465202, 207817, 'CLARA BENITA RAVELIA', 'OTKP', 'XI OTKP 2', '3003', '202'),
(1466202, 207823, 'DIANA ROSANA', 'OTKP', 'XI OTKP 2', '3003', '202'),
(1467202, 207824, 'DWI ANNJANY', 'OTKP', 'XI OTKP 2', '3003', '202'),
(1468202, 207826, 'ELVIRA LUCIANA', 'OTKP', 'XI OTKP 2', '3003', '202'),
(1469202, 207827, 'FIFI RESTU HERDIANTI', 'OTKP', 'XI OTKP 2', '3003', '202'),
(1470202, 207829, 'FIRA SAHIRA', 'OTKP', 'XI OTKP 2', '3003', '202'),
(1471202, 207832, 'HENTI AKILA MARWA', 'OTKP', 'XI OTKP 2', '3003', '202'),
(1472202, 207831, 'HEREN ASHARIANTI', 'OTKP', 'XI OTKP 2', '3003', '202'),
(1473202, 207833, 'INDAH YULITA AZIZ', 'OTKP', 'XI OTKP 2', '3003', '202'),
(1474202, 207834, 'Intan Nur Maicha', 'OTKP', 'XI OTKP 2', '3003', '202'),
(1475202, 207835, 'Irna Amelia Safitri', 'OTKP', 'XI OTKP 2', '3003', '202'),
(1476202, 207841, 'KURNIA YULIANA SAPUTRI', 'OTKP', 'XI OTKP 2', '3003', '202'),
(1477202, 207842, 'LINDA SAFITRI', 'OTKP', 'XI OTKP 2', '3003', '202'),
(1478202, 207845, 'NADIA KHADIJA TEWU', 'OTKP', 'XI OTKP 2', '3003', '202'),
(1479202, 207846, 'NAJWA ADELLA RAMADHANI', 'OTKP', 'XI OTKP 2', '3003', '202'),
(1480202, 207847, 'NANDITA SALSABILA', 'OTKP', 'XI OTKP 2', '3003', '202'),
(1481202, 207848, 'Nayla Khairunnisa', 'OTKP', 'XI OTKP 2', '3003', '202'),
(1482202, 207849, 'NAYLA TASYA', 'OTKP', 'XI OTKP 2', '3003', '202'),
(1483202, 207850, 'NAZWA HANIFAH', 'OTKP', 'XI OTKP 2', '3003', '202'),
(1484202, 207852, 'NOVA SAFITRI', 'OTKP', 'XI OTKP 2', '3003', '202'),
(1485202, 207853, 'Ovris Riyani', 'OTKP', 'XI OTKP 2', '3003', '202'),
(1486202, 207854, 'Pipit Nurlaeli Alpitri', 'OTKP', 'XI OTKP 2', '3003', '202'),
(1487202, 207856, 'RIDHA AMALIAH', 'OTKP', 'XI OTKP 2', '3003', '202'),
(1488202, 207857, 'RIZKA NOVIYANTI', 'OTKP', 'XI OTKP 2', '3003', '202'),
(1489202, 207860, 'SANTI MURJANI', 'OTKP', 'XI OTKP 2', '3003', '202'),
(1490202, 207863, 'SEPTIANI RAHAYU', 'OTKP', 'XI OTKP 2', '3003', '202'),
(1491202, 207864, 'SEVILA', 'OTKP', 'XI OTKP 2', '3003', '202'),
(1492202, 207868, 'Siti Maisaroh', 'OTKP', 'XI OTKP 2', '3003', '202'),
(1493202, 207869, 'SITI NUR HABIBAH', 'OTKP', 'XI OTKP 2', '3003', '202'),
(1494202, 207872, 'SYADIAH NUR LATIFAH', 'OTKP', 'XI OTKP 2', '3003', '202'),
(1495202, 207873, 'TASYA AMELIA', 'OTKP', 'XI OTKP 2', '3003', '202'),
(1496202, 207874, 'THIFAL AZIZAH HARTANTI', 'OTKP', 'XI OTKP 2', '3003', '202'),
(1497202, 207876, 'TIAYU', 'OTKP', 'XI OTKP 2', '3003', '202'),
(1498202, 207877, 'ULPAH LEPIYANI', 'OTKP', 'XI OTKP 2', '3003', '202'),
(1499202, 207878, 'VENDA FERNANDA', 'OTKP', 'XI OTKP 2', '3003', '202'),
(1500202, 207879, 'WILDATUL FADILLAH', 'OTKP', 'XI OTKP 2', '3003', '202'),
(1501202, 207881, 'WULAN SRI RAHAYU', 'OTKP', 'XI OTKP 2', '3003', '202'),
(1502202, 207882, 'Yeni Rahmayanti', 'OTKP', 'XI OTKP 2', '3003', '202'),
(1503202, 207579, 'ADAM WAHYYUDI', 'TKJ', 'XI TKJ 1', '4004', '202'),
(1504202, 207586, 'AHMAD DANY', 'TKJ', 'XI TKJ 1', '4004', '202'),
(1505202, 207592, 'ANGGA PRASETYA PUTRA', 'TKJ', 'XI TKJ 1', '4004', '202'),
(1506202, 207593, 'ANGGA YOGA PRATAMA', 'TKJ', 'XI TKJ 1', '4004', '202'),
(1507202, 207594, 'Anggi Alvianto', 'TKJ', 'XI TKJ 1', '4004', '202'),
(1508202, 207595, 'ARDI PRASETIO', 'TKJ', 'XI TKJ 1', '4004', '202'),
(1509202, 207596, 'ARI ARDIANSYAH', 'TKJ', 'XI TKJ 1', '4004', '202'),
(1510202, 207598, 'ARIFIN', 'TKJ', 'XI TKJ 1', '4004', '202'),
(1511202, 207599, 'Aris Bastyar', 'TKJ', 'XI TKJ 1', '4004', '202'),
(1512202, 207600, 'ARYA ZULFIKAR', 'TKJ', 'XI TKJ 1', '4004', '202'),
(1513202, 207601, 'BAYU FIRMANSYAH', 'TKJ', 'XI TKJ 1', '4004', '202'),
(1514202, 207602, 'Bayu Setiawan', 'TKJ', 'XI TKJ 1', '4004', '202'),
(1515202, 207603, 'CAHYA AJI SAPUTRA', 'TKJ', 'XI TKJ 1', '4004', '202'),
(1516202, 207606, 'CORY INTAN AGUSTIN', 'TKJ', 'XI TKJ 1', '4004', '202'),
(1517202, 207615, 'Dzaky Ramadhani', 'TKJ', 'XI TKJ 1', '4004', '202'),
(1518202, 207621, 'ERIK JAJANG KURNIAWAN', 'TKJ', 'XI TKJ 1', '4004', '202'),
(1519202, 207625, 'FAKHRUL DHAFI', 'TKJ', 'XI TKJ 1', '4004', '202'),
(1520202, 207628, 'FERDIAN AHMAD RUDIANTO', 'TKJ', 'XI TKJ 1', '4004', '202'),
(1521202, 207629, 'FERDIAN WIJAYA ALEXANDRA', 'TKJ', 'XI TKJ 1', '4004', '202'),
(1522202, 207636, 'HARIS', 'TKJ', 'XI TKJ 1', '4004', '202'),
(1523202, 207639, 'HERIXS HIDAYAT', 'TKJ', 'XI TKJ 1', '4004', '202'),
(1524202, 207642, 'Immanuel Tamando Maso', 'TKJ', 'XI TKJ 1', '4004', '202'),
(1525202, 207644, 'Justin Valentino Warouw', 'TKJ', 'XI TKJ 1', '4004', '202'),
(1526202, 207645, 'KELVIN AMANDO ERAWAN', 'TKJ', 'XI TKJ 1', '4004', '202'),
(1527202, 207651, 'Mimin Winata', 'TKJ', 'XI TKJ 1', '4004', '202'),
(1528202, 207664, 'MOHAMMAD KHOIRUL YANI', 'TKJ', 'XI TKJ 1', '4004', '202'),
(1529202, 207656, 'MUHAMAD REZA ANDRIAN', 'TKJ', 'XI TKJ 1', '4004', '202'),
(1530202, 207659, 'MUHAMMAD CAVAN HIZAM', 'TKJ', 'XI TKJ 1', '4004', '202'),
(1531202, 207662, 'Muhammad Gusti Razan', 'TKJ', 'XI TKJ 1', '4004', '202'),
(1532202, 207663, 'Muhammad Hasnul Arifin', 'TKJ', 'XI TKJ 1', '4004', '202'),
(1533202, 207669, 'MUHAMMAD SIROJUDDIN GHOZALI', 'TKJ', 'XI TKJ 1', '4004', '202'),
(1534202, 207672, 'NASHRULLOH FIRDAUS', 'TKJ', 'XI TKJ 1', '4004', '202'),
(1535202, 207674, 'NICHOLLA MULQI BARBAROSSA', 'TKJ', 'XI TKJ 1', '4004', '202'),
(1536202, 207678, 'QALAM RAYDATHUL SABANI', 'TKJ', 'XI TKJ 1', '4004', '202'),
(1537202, 207683, 'RAYNOR SANJIA ANDHIKAFATA', 'TKJ', 'XI TKJ 1', '4004', '202'),
(1538202, 207690, 'RIZAL MAULANA', 'TKJ', 'XI TKJ 1', '4004', '202'),
(1539202, 207695, 'SHEVA SEPTANIO', 'TKJ', 'XI TKJ 1', '4004', '202'),
(1540202, 207696, 'SOPIYAN', 'TKJ', 'XI TKJ 1', '4004', '202'),
(1541202, 207697, 'SUGENG DWI WALUYO', 'TKJ', 'XI TKJ 1', '4004', '202'),
(1542202, 207700, 'SYAHRUL HANAVI', 'TKJ', 'XI TKJ 1', '4004', '202'),
(1543202, 207706, 'WILLYANSYAH', 'TKJ', 'XI TKJ 1', '4004', '202'),
(1544202, 207707, 'YOHANES SETIAWAN', 'TKJ', 'XI TKJ 1', '4004', '202'),
(1545202, 207708, 'YUDHA SEPTYAN', 'TKJ', 'XI TKJ 1', '4004', '202'),
(1546202, 207709, 'ZODI PRASTIYO', 'TKJ', 'XI TKJ 1', '4004', '202'),
(1547202, 207578, 'Abdul Rahman', 'TKJ', 'XI TKJ 2', '4004', '202'),
(1548202, 207582, 'AFIF PRASETYO', 'TKJ', 'XI TKJ 2', '4004', '202'),
(1549202, 207583, 'AGUNG MAULANA FEBRIYANTO', 'TKJ', 'XI TKJ 2', '4004', '202'),
(1550202, 207597, 'ARIF', 'TKJ', 'XI TKJ 2', '4004', '202'),
(1551202, 207604, 'CANDRA AGUS NUGROHO', 'TKJ', 'XI TKJ 2', '4004', '202'),
(1552202, 207605, 'CARLOS LEONARDO', 'TKJ', 'XI TKJ 2', '4004', '202'),
(1553202, 207607, 'DENDI ZAKARIA', 'TKJ', 'XI TKJ 2', '4004', '202'),
(1554202, 207608, 'DENDY CAHYOKO', 'TKJ', 'XI TKJ 2', '4004', '202'),
(1555202, 207610, 'DICKY FADILAH', 'TKJ', 'XI TKJ 2', '4004', '202'),
(1556202, 207612, 'DIMAS ADI SAPUTRA', 'TKJ', 'XI TKJ 2', '4004', '202'),
(1557202, 207614, 'DUWI AMAL MAULIDA AKSAN', 'TKJ', 'XI TKJ 2', '4004', '202'),
(1558202, 207622, 'ERWIN OKTAVIANTO', 'TKJ', 'XI TKJ 2', '4004', '202'),
(1559202, 207623, 'FACHRUL RAMADHAN', 'TKJ', 'XI TKJ 2', '4004', '202'),
(1560202, 207630, 'GALIH ADIVA PRATAMA PUTRA', 'TKJ', 'XI TKJ 2', '4004', '202'),
(1561202, 207634, 'HAERUL ANGGA', 'TKJ', 'XI TKJ 2', '4004', '202'),
(1562202, 207637, 'HARRY RIVALDY', 'TKJ', 'XI TKJ 2', '4004', '202'),
(1563202, 207648, 'MOHAMAD RAGIL ADITYA PUTRA', 'TKJ', 'XI TKJ 2', '4004', '202'),
(1564202, 207661, 'MOHAMMAD FARHAN', 'TKJ', 'XI TKJ 2', '4004', '202'),
(1565202, 207653, 'MOHAMMAD HADI WIJAYA', 'TKJ', 'XI TKJ 2', '4004', '202'),
(1566202, 207658, 'MUHAMMAD AFRIZAL', 'TKJ', 'XI TKJ 2', '4004', '202'),
(1567202, 207660, 'MUHAMMAD DARMA ILLAHI', 'TKJ', 'XI TKJ 2', '4004', '202'),
(1568202, 207665, 'MUHAMMAD PIRMANSAH PUTRA RAGIL ', 'TKJ', 'XI TKJ 2', '4004', '202'),
(1569202, 207666, 'Muhammad Rafandi', 'TKJ', 'XI TKJ 2', '4004', '202'),
(1570202, 207668, 'MUHAMMAD RIDWAN', 'TKJ', 'XI TKJ 2', '4004', '202'),
(1571202, 207650, 'Muhammad Vincen Ramadhan', 'TKJ', 'XI TKJ 2', '4004', '202'),
(1572202, 207671, 'Najib Dzannur', 'TKJ', 'XI TKJ 2', '4004', '202'),
(1573202, 207676, 'PERDANA ANDRE SETIAWAN', 'TKJ', 'XI TKJ 2', '4004', '202'),
(1574202, 207677, 'PUTRA SURYA PRATAMA', 'TKJ', 'XI TKJ 2', '4004', '202'),
(1575202, 207679, 'RACHMAN GANIE', 'TKJ', 'XI TKJ 2', '4004', '202'),
(1576202, 207682, 'RAIHAN MUHAMMAD AKBAR', 'TKJ', 'XI TKJ 2', '4004', '202'),
(1577202, 207684, 'Rehandika Bayu Maarif', 'TKJ', 'XI TKJ 2', '4004', '202'),
(1578202, 207687, 'RENO PRIANDANA', 'TKJ', 'XI TKJ 2', '4004', '202'),
(1579202, 207688, 'REVAN OKTAGIAS RAMADHAN', 'TKJ', 'XI TKJ 2', '4004', '202'),
(1580202, 207689, 'RIAN MAULANA', 'TKJ', 'XI TKJ 2', '4004', '202'),
(1581202, 207691, 'ROSITA ARYANINGSIH', 'TKJ', 'XI TKJ 2', '4004', '202'),
(1582202, 207693, 'SAHRUL ALAM', 'TKJ', 'XI TKJ 2', '4004', '202'),
(1583202, 207692, 'SAIPUL ALI', 'TKJ', 'XI TKJ 2', '4004', '202'),
(1584202, 207694, 'Satria Wahyu Ramadhan ', 'TKJ', 'XI TKJ 2', '4004', '202'),
(1585202, 207699, 'SYAHRIEZA BAGUS WIDIYANTO', 'TKJ', 'XI TKJ 2', '4004', '202'),
(1586202, 207702, 'TEGAR CAHYA PUTRA', 'TKJ', 'XI TKJ 2', '4004', '202'),
(1587202, 207704, 'Ulumuddin Adji Pamungkas', 'TKJ', 'XI TKJ 2', '4004', '202'),
(1588202, 207580, 'ADIS MAULANA', 'TKJ', 'XI TKJ 3', '4004', '202'),
(1589202, 207581, 'ADITTIA DWI SAPUTRA', 'TKJ', 'XI TKJ 3', '4004', '202'),
(1590202, 207584, 'AGUNG PRASETYO NUGROHO', 'TKJ', 'XI TKJ 3', '4004', '202'),
(1591202, 207585, 'AGUS KHOLIFUDIN', 'TKJ', 'XI TKJ 3', '4004', '202'),
(1592202, 207587, 'AHMAD RIPAI', 'TKJ', 'XI TKJ 3', '4004', '202'),
(1593202, 207588, 'AJI PRASSETYO', 'TKJ', 'XI TKJ 3', '4004', '202'),
(1594202, 207589, 'ALTHAF NUR ASEGAF', 'TKJ', 'XI TKJ 3', '4004', '202'),
(1595202, 207590, 'ANANG RAMADHAN', 'TKJ', 'XI TKJ 3', '4004', '202'),
(1596202, 207591, 'ANDI FIRMANSYAH', 'TKJ', 'XI TKJ 3', '4004', '202'),
(1597202, 207609, 'Dewi Rizki Niluardani', 'TKJ', 'XI TKJ 3', '4004', '202'),
(1598202, 207611, 'DIMAS BUDI RIYANTO', 'TKJ', 'XI TKJ 3', '4004', '202'),
(1599202, 207613, 'DION MOHAMAD BARUNA', 'TKJ', 'XI TKJ 3', '4004', '202'),
(1600202, 207616, 'DZAKY ZAHRAN', 'TKJ', 'XI TKJ 3', '4004', '202'),
(1601202, 207617, 'EGA PRATAMA', 'TKJ', 'XI TKJ 3', '4004', '202'),
(1602202, 207619, 'EKY FERDIANSYAH', 'TKJ', 'XI TKJ 3', '4004', '202'),
(1603202, 207620, 'ERI PUTRA PRATAMA', 'TKJ', 'XI TKJ 3', '4004', '202'),
(1604202, 207624, 'FAJAR DWI HARTADI', 'TKJ', 'XI TKJ 3', '4004', '202'),
(1605202, 207627, 'FEBI DWI SULISTIADI', 'TKJ', 'XI TKJ 3', '4004', '202'),
(1606202, 207631, 'GIANLUIGI FADHIL MUSTAQIM', 'TKJ', 'XI TKJ 3', '4004', '202'),
(1607202, 207632, 'GILANG DIAN SAPUTRA', 'TKJ', 'XI TKJ 3', '4004', '202'),
(1608202, 207633, 'GIN GIN', 'TKJ', 'XI TKJ 3', '4004', '202'),
(1609202, 207635, 'HAQI MAULANA', 'TKJ', 'XI TKJ 3', '4004', '202'),
(1610202, 207638, 'Hasrin Abdul Laji', 'TKJ', 'XI TKJ 3', '4004', '202'),
(1611202, 207640, 'I MADE ANTONI', 'TKJ', 'XI TKJ 3', '4004', '202'),
(1612202, 207641, 'IAN SAPUTRA', 'TKJ', 'XI TKJ 3', '4004', '202'),
(1613202, 207643, 'JANUAR BAGUS WIBOWO', 'TKJ', 'XI TKJ 3', '4004', '202'),
(1614202, 207646, 'KUKUH ANGGER MAHARGYO', 'TKJ', 'XI TKJ 3', '4004', '202'),
(1615202, 207647, 'LAKSAMANA PUTRA', 'TKJ', 'XI TKJ 3', '4004', '202'),
(1616202, 207654, 'MOH ALDI NIRWANSYAH', 'TKJ', 'XI TKJ 3', '4004', '202'),
(1617202, 207652, 'MOHAMAD HARYONO', 'TKJ', 'XI TKJ 3', '4004', '202'),
(1618202, 207655, 'MUHAMAD ALBAR ALAMSYAH', 'TKJ', 'XI TKJ 3', '4004', '202'),
(1619202, 207657, 'MUHAMAD RYAN HARDIANSYAH', 'TKJ', 'XI TKJ 3', '4004', '202'),
(1620202, 207649, 'MUHAMAD SABLIK MBIPI', 'TKJ', 'XI TKJ 3', '4004', '202'),
(1621202, 207667, 'MUHAMMAD RAFLI', 'TKJ', 'XI TKJ 3', '4004', '202'),
(1622202, 207670, 'Muhammad Tio', 'TKJ', 'XI TKJ 3', '4004', '202'),
(1623202, 207673, 'NENDI', 'TKJ', 'XI TKJ 3', '4004', '202'),
(1624202, 207675, 'NOVAL TRI HARYANTO', 'TKJ', 'XI TKJ 3', '4004', '202'),
(1625202, 207680, 'RAFAEL MULIA ALFAHDI', 'TKJ', 'XI TKJ 3', '4004', '202'),
(1626202, 207681, 'RAGIL PANGESTU', 'TKJ', 'XI TKJ 3', '4004', '202'),
(1627202, 207685, 'RENDI SAPUTRA', 'TKJ', 'XI TKJ 3', '4004', '202'),
(1628202, 207686, 'Reni Nuraeni', 'TKJ', 'XI TKJ 3', '4004', '202'),
(1629202, 207701, 'TEGAR', 'TKJ', 'XI TKJ 3', '4004', '202'),
(1630202, 207703, 'TRI PUTRA AFRIANSYAH', 'TKJ', 'XI TKJ 3', '4004', '202'),
(1631202, 207705, 'WIDDIYA BAGUS ENDANG WINARYO', 'TKJ', 'XI TKJ 3', '4004', '202'),
(1632202, 197336, 'ABDUL WAHID', 'AKL', 'XII AKL 1', '5005', '202'),
(1633202, 197337, 'ACHMAD IRFAN SHOLAHUDDIN', 'AKL', 'XII AKL 1', '5005', '202'),
(1634202, 197338, 'Agus Arbain Mahmud', 'AKL', 'XII AKL 1', '5005', '202'),
(1635202, 197340, 'ANGEL', 'AKL', 'XII AKL 1', '5005', '202'),
(1636202, 197341, 'ANTIKA SARI', 'AKL', 'XII AKL 1', '5005', '202'),
(1637202, 197347, 'DEVI YULIANTI', 'AKL', 'XII AKL 1', '5005', '202'),
(1638202, 197348, 'DEWI NOPITA SARI', 'AKL', 'XII AKL 1', '5005', '202'),
(1639202, 197349, 'DEWI WULAN SARI', 'AKL', 'XII AKL 1', '5005', '202'),
(1640202, 197350, 'Diana Pungky', 'AKL', 'XII AKL 1', '5005', '202'),
(1641202, 197351, 'Diaz Adrian Praja', 'AKL', 'XII AKL 1', '5005', '202'),
(1642202, 197353, 'FITRI RAMADANI', 'AKL', 'XII AKL 1', '5005', '202'),
(1643202, 197354, 'INDRA', 'AKL', 'XII AKL 1', '5005', '202'),
(1644202, 197356, 'JELITA HANDIANI', 'AKL', 'XII AKL 1', '5005', '202'),
(1645202, 197358, 'Khairunisa Apriandini', 'AKL', 'XII AKL 1', '5005', '202'),
(1646202, 197359, 'LAILA AFRIYANTI', 'AKL', 'XII AKL 1', '5005', '202'),
(1647202, 197360, 'LAURA WANDA PUTRI', 'AKL', 'XII AKL 1', '5005', '202'),
(1648202, 197363, 'LISNAWATI', 'AKL', 'XII AKL 1', '5005', '202'),
(1649202, 197366, 'Marni', 'AKL', 'XII AKL 1', '5005', '202'),
(1650202, 197371, 'MICO RAMDANI SYAHRULTIAS', 'AKL', 'XII AKL 1', '5005', '202'),
(1651202, 197372, 'MUHAMMAD ARIF', 'AKL', 'XII AKL 1', '5005', '202'),
(1652202, 197376, 'MUHAMMAD RAFI', 'AKL', 'XII AKL 1', '5005', '202'),
(1653202, 197377, 'MUHAMMAD RIZKY', 'AKL', 'XII AKL 1', '5005', '202'),
(1654202, 197378, 'MUHHAMAD SATRIO', 'AKL', 'XII AKL 1', '5005', '202'),
(1655202, 197381, 'NG EK HOT', 'AKL', 'XII AKL 1', '5005', '202'),
(1656202, 197385, 'OKTAVIA NENGSIH', 'AKL', 'XII AKL 1', '5005', '202'),
(1657202, 197386, 'PEGGY FITRIANI NURDIN', 'AKL', 'XII AKL 1', '5005', '202'),
(1658202, 197387, 'PUTRI FEBRIANI', 'AKL', 'XII AKL 1', '5005', '202'),
(1659202, 197388, 'PUTRI MAISAROH', 'AKL', 'XII AKL 1', '5005', '202'),
(1660202, 197389, 'PUTRI MIRANTI', 'AKL', 'XII AKL 1', '5005', '202'),
(1661202, 197390, 'RICKO ADI SAPUTRA', 'AKL', 'XII AKL 1', '5005', '202'),
(1662202, 197391, 'RIKA TRI UTAMI', 'AKL', 'XII AKL 1', '5005', '202'),
(1663202, 197394, 'SELVYA ARYANTI', 'AKL', 'XII AKL 1', '5005', '202'),
(1664202, 197396, 'SHINTYA AULIA PUTRI NABILA', 'AKL', 'XII AKL 1', '5005', '202'),
(1665202, 197402, 'SITI NURIKA RAHIM', 'AKL', 'XII AKL 1', '5005', '202'),
(1666202, 197403, 'SITI SADIYAH', 'AKL', 'XII AKL 1', '5005', '202'),
(1667202, 197408, 'TRIYANA MUKTI', 'AKL', 'XII AKL 1', '5005', '202'),
(1668202, 197410, 'VENUS SINTYA RAHAYU', 'AKL', 'XII AKL 1', '5005', '202'),
(1669202, 197412, 'WIDYA MAHARANI WISNU PUTRI', 'AKL', 'XII AKL 1', '5005', '202'),
(1670202, 197414, 'YUSUF KURNIA', 'AKL', 'XII AKL 1', '5005', '202'),
(1671202, 197339, 'AKBAR KUSUMA WIJAYA', 'AKL', 'XII AKL 2', '5005', '202'),
(1672202, 197344, 'CHANDRA PUTRA DARMAWAN', 'AKL', 'XII AKL 2', '5005', '202'),
(1673202, 197345, 'DELA AMELIA DWI SAPUTRI', 'AKL', 'XII AKL 2', '5005', '202'),
(1674202, 197352, 'DWI LIA NOVITA', 'AKL', 'XII AKL 2', '5005', '202'),
(1675202, 197355, 'INSANI METASARI', 'AKL', 'XII AKL 2', '5005', '202'),
(1676202, 197361, 'Lina Nofitasari', 'AKL', 'XII AKL 2', '5005', '202'),
(1677202, 197362, 'LINDA CHANIAGO', 'AKL', 'XII AKL 2', '5005', '202'),
(1678202, 197364, 'MAHARANI ANANDA PUTRI FIRDAUS', 'AKL', 'XII AKL 2', '5005', '202'),
(1679202, 197365, 'MARINI NUROHMA', 'AKL', 'XII AKL 2', '5005', '202'),
(1680202, 197368, 'MEGA AFIANI', 'AKL', 'XII AKL 2', '5005', '202'),
(1681202, 197369, 'MELDA', 'AKL', 'XII AKL 2', '5005', '202'),
(1682202, 197370, 'MELVINA FARADILLA', 'AKL', 'XII AKL 2', '5005', '202'),
(1683202, 197373, 'MUHAMAD HASBI ASHIDIQI', 'AKL', 'XII AKL 2', '5005', '202'),
(1684202, 197374, 'MUHAMMAD BAYU SANJAYA', 'AKL', 'XII AKL 2', '5005', '202'),
(1685202, 197375, 'MUHAMMAD FARHAN DWINANTO', 'AKL', 'XII AKL 2', '5005', '202'),
(1686202, 197379, 'NABILATUN ALFIAH', 'AKL', 'XII AKL 2', '5005', '202'),
(1687202, 197380, 'NELA DESTRIANA DEWI', 'AKL', 'XII AKL 2', '5005', '202'),
(1688202, 197382, 'NINA NURCAHYATI', 'AKL', 'XII AKL 2', '5005', '202'),
(1689202, 197383, 'NUR AHMAD KHAIRI', 'AKL', 'XII AKL 2', '5005', '202'),
(1690202, 197384, 'Nur Rohimah', 'AKL', 'XII AKL 2', '5005', '202'),
(1691202, 197392, 'Rinni Maspupah', 'AKL', 'XII AKL 2', '5005', '202'),
(1692202, 197393, 'RISMA KURNIAWATI', 'AKL', 'XII AKL 2', '5005', '202'),
(1693202, 197395, 'Seviana Eka Saputri', 'AKL', 'XII AKL 2', '5005', '202'),
(1694202, 197397, 'Sifa Nur Fauziah', 'AKL', 'XII AKL 2', '5005', '202');
INSERT INTO `siswa` (`id_siswa`, `nis`, `nama_siswa`, `jurusan`, `kelas`, `group_kelas`, `tahun_ajaran`) VALUES
(1695202, 197398, 'SILVI ATNADINATA', 'AKL', 'XII AKL 2', '5005', '202'),
(1696202, 197399, 'SILVIA ANGGREANI', 'AKL', 'XII AKL 2', '5005', '202'),
(1697202, 197400, 'SITI HODIJAH', 'AKL', 'XII AKL 2', '5005', '202'),
(1698202, 197404, 'SOFIATUN NUFUS', 'AKL', 'XII AKL 2', '5005', '202'),
(1699202, 197405, 'SUCI NOVITA SARI', 'AKL', 'XII AKL 2', '5005', '202'),
(1700202, 197406, 'Suwanah', 'AKL', 'XII AKL 2', '5005', '202'),
(1701202, 197409, 'UUN NAFIA', 'AKL', 'XII AKL 2', '5005', '202'),
(1702202, 197411, 'VIVIT NUR INDASARI', 'AKL', 'XII AKL 2', '5005', '202'),
(1703202, 197413, 'WULAN NUR OKTAVIANI', 'AKL', 'XII AKL 2', '5005', '202'),
(1704202, 197415, 'ZERY HERMAWAN', 'AKL', 'XII AKL 2', '5005', '202'),
(1705202, 197416, 'ZILVI BADRI AULIAH', 'AKL', 'XII AKL 2', '5005', '202'),
(1706202, 197498, 'ABDULLAH NURHALIM', 'BDP', 'XII BDP 1', '5005', '202'),
(1707202, 197499, 'ABELIA AGUSTIN', 'BDP', 'XII BDP 1', '5005', '202'),
(1708202, 197503, 'AHMAD DENI', 'BDP', 'XII BDP 1', '5005', '202'),
(1709202, 197507, 'ANANDA BUDI SUSANTO', 'BDP', 'XII BDP 1', '5005', '202'),
(1710202, 197508, 'ARIEL OCTAREZA', 'BDP', 'XII BDP 1', '5005', '202'),
(1711202, 197509, 'ARIN DWI ALIANI', 'BDP', 'XII BDP 1', '5005', '202'),
(1712202, 197510, 'ARYA BAYU NUR ICHSAN', 'BDP', 'XII BDP 1', '5005', '202'),
(1713202, 197513, 'DANDI SAPUTRA', 'BDP', 'XII BDP 1', '5005', '202'),
(1714202, 197514, 'DEVI AVIELE', 'BDP', 'XII BDP 1', '5005', '202'),
(1715202, 197515, 'Devi Melia Utari', 'BDP', 'XII BDP 1', '5005', '202'),
(1716202, 197521, 'FITRI NURMAZIYAH', 'BDP', 'XII BDP 1', '5005', '202'),
(1717202, 197522, 'GUFRON AZIS', 'BDP', 'XII BDP 1', '5005', '202'),
(1718202, 197525, 'IWAN SANTOSO', 'BDP', 'XII BDP 1', '5005', '202'),
(1719202, 197526, 'Jessy Apriliani', 'BDP', 'XII BDP 1', '5005', '202'),
(1720202, 197530, 'M. Putra Erlangga', 'BDP', 'XII BDP 1', '5005', '202'),
(1721202, 197532, 'Marshel Mahendra', 'BDP', 'XII BDP 1', '5005', '202'),
(1722202, 197529, 'Mohammad Ikmal Maulana', 'BDP', 'XII BDP 1', '5005', '202'),
(1723202, 197534, 'MUHAMAD RIZKI', 'BDP', 'XII BDP 1', '5005', '202'),
(1724202, 197536, 'MUHAMMAD EQI SAPUTRA', 'BDP', 'XII BDP 1', '5005', '202'),
(1725202, 197533, 'MUHAMMAD KHAERUL BAHRI', 'BDP', 'XII BDP 1', '5005', '202'),
(1726202, 197542, 'Najwa Nur Kariem', 'BDP', 'XII BDP 1', '5005', '202'),
(1727202, 197543, 'Nilan Iriyanti', 'BDP', 'XII BDP 1', '5005', '202'),
(1728202, 197544, 'Noni Oktaviani', 'BDP', 'XII BDP 1', '5005', '202'),
(1729202, 197546, 'Pratama Zinedine Yazid Zidane', 'BDP', 'XII BDP 1', '5005', '202'),
(1730202, 197547, 'RAIHAN AHMAD ELIA', 'BDP', 'XII BDP 1', '5005', '202'),
(1731202, 197549, 'RAJA DIKA PRAYOGA', 'BDP', 'XII BDP 1', '5005', '202'),
(1732202, 197550, 'RAMSES GOZALI', 'BDP', 'XII BDP 1', '5005', '202'),
(1733202, 197551, 'RANGGA RAYA SAFAAT', 'BDP', 'XII BDP 1', '5005', '202'),
(1734202, 197553, 'REZA FIRMANSJAH', 'BDP', 'XII BDP 1', '5005', '202'),
(1735202, 197559, 'RISMATU ZAHRA', 'BDP', 'XII BDP 1', '5005', '202'),
(1736202, 197569, 'TRIO ANDIKA', 'BDP', 'XII BDP 1', '5005', '202'),
(1737202, 197570, 'Verdi Putra Satria', 'BDP', 'XII BDP 1', '5005', '202'),
(1738202, 197572, 'WULAN CAHYANI', 'BDP', 'XII BDP 1', '5005', '202'),
(1739202, 197574, 'Yoga Dwi Prasetyo', 'BDP', 'XII BDP 1', '5005', '202'),
(1740202, 197576, 'Yunita Adetia Saputri', 'BDP', 'XII BDP 1', '5005', '202'),
(1741202, 197500, 'Achmad Alfie Sadan Widodo', 'BDP', 'XII BDP 2', '5005', '202'),
(1742202, 197501, 'ADI PUTRA', 'BDP', 'XII BDP 2', '5005', '202'),
(1743202, 197504, 'Aliyah Maisuni', 'BDP', 'XII BDP 2', '5005', '202'),
(1744202, 197505, 'ALYA SAFA KAMILA', 'BDP', 'XII BDP 2', '5005', '202'),
(1745202, 197506, 'AMALIA SYAMSIATI ALIFAH', 'BDP', 'XII BDP 2', '5005', '202'),
(1746202, 197512, 'BAGAS SUKMO', 'BDP', 'XII BDP 2', '5005', '202'),
(1747202, 197518, 'FAIZAH PUTRI AULIA', 'BDP', 'XII BDP 2', '5005', '202'),
(1748202, 197519, 'FANDI SAPUTRA', 'BDP', 'XII BDP 2', '5005', '202'),
(1749202, 197520, 'FIORELLA RAISYA ERVANI', 'BDP', 'XII BDP 2', '5005', '202'),
(1750202, 197524, 'INDRA RUKMANA', 'BDP', 'XII BDP 2', '5005', '202'),
(1751202, 197527, 'JULAEHA', 'BDP', 'XII BDP 2', '5005', '202'),
(1752202, 197528, 'Kevin Afizeno', 'BDP', 'XII BDP 2', '5005', '202'),
(1753202, 197531, 'MAHESA GENTA SAKAWAYANA', 'BDP', 'XII BDP 2', '5005', '202'),
(1754202, 197535, 'MUHAMAD WILDAN RAMADHAN', 'BDP', 'XII BDP 2', '5005', '202'),
(1755202, 197537, 'MUHAMMAD FADIL', 'BDP', 'XII BDP 2', '5005', '202'),
(1756202, 197538, 'MUHAMMAD FARHAN MAULANA', 'BDP', 'XII BDP 2', '5005', '202'),
(1757202, 197539, 'MUHAMMAD JIHAR ADIB', 'BDP', 'XII BDP 2', '5005', '202'),
(1758202, 197545, 'Nur Rizkiyah', 'BDP', 'XII BDP 2', '5005', '202'),
(1759202, 197548, 'RAISAH NURUL AMIN', 'BDP', 'XII BDP 2', '5005', '202'),
(1760202, 197552, 'RAYNANDA DEWATA', 'BDP', 'XII BDP 2', '5005', '202'),
(1761202, 197555, 'RIDHO FIRMAN SYACH', 'BDP', 'XII BDP 2', '5005', '202'),
(1762202, 197556, 'Rifky Akbar Abdullah', 'BDP', 'XII BDP 2', '5005', '202'),
(1763202, 197557, 'RISKA', 'BDP', 'XII BDP 2', '5005', '202'),
(1764202, 197558, 'RISKA NURUL FADILAH', 'BDP', 'XII BDP 2', '5005', '202'),
(1765202, 197560, 'Rosa Widiya Amaliah', 'BDP', 'XII BDP 2', '5005', '202'),
(1766202, 197562, 'SAGDA MAHENDRA', 'BDP', 'XII BDP 2', '5005', '202'),
(1767202, 197563, 'SELBY AYU ALZAHRA', 'BDP', 'XII BDP 2', '5005', '202'),
(1768202, 197565, 'Silvia', 'BDP', 'XII BDP 2', '5005', '202'),
(1769202, 197566, 'SITI MAYANGSARI RAHMADANI', 'BDP', 'XII BDP 2', '5005', '202'),
(1770202, 197567, 'SITI NUR NABILLA', 'BDP', 'XII BDP 2', '5005', '202'),
(1771202, 197568, 'TEGAR SAPUTRA', 'BDP', 'XII BDP 2', '5005', '202'),
(1772202, 197407, 'Tommy Yuscandra', 'BDP', 'XII BDP 2', '5005', '202'),
(1773202, 197575, 'YULIANTI', 'BDP', 'XII BDP 2', '5005', '202'),
(1774202, 197577, 'ZAKI AKBAR WIJAYANTO', 'BDP', 'XII BDP 2', '5005', '202'),
(1775202, 197420, 'AMELIA OKTAVIANI', 'OTKP', 'XII OTKP 1', '5005', '202'),
(1776202, 197421, 'AMELIA SHADIYAH', 'OTKP', 'XII OTKP 1', '5005', '202'),
(1777202, 197422, 'ARDELIA SALSABILA', 'OTKP', 'XII OTKP 1', '5005', '202'),
(1778202, 197423, 'ARINI', 'OTKP', 'XII OTKP 1', '5005', '202'),
(1779202, 197424, 'Audi Valentina', 'OTKP', 'XII OTKP 1', '5005', '202'),
(1780202, 197425, 'AYU LESTARI', 'OTKP', 'XII OTKP 1', '5005', '202'),
(1781202, 197428, 'Dara Wardhani', 'OTKP', 'XII OTKP 1', '5005', '202'),
(1782202, 197429, 'DEDE ARUM SARI', 'OTKP', 'XII OTKP 1', '5005', '202'),
(1783202, 197430, 'DEVI NUR AFRILIA', 'OTKP', 'XII OTKP 1', '5005', '202'),
(1784202, 197432, 'DEWITA CAHYANI', 'OTKP', 'XII OTKP 1', '5005', '202'),
(1785202, 197435, 'DIAN PATRIANI', 'OTKP', 'XII OTKP 1', '5005', '202'),
(1786202, 197437, 'DINA NOVITA', 'OTKP', 'XII OTKP 1', '5005', '202'),
(1787202, 197438, 'Dinii Aditia Putri Lubis', 'OTKP', 'XII OTKP 1', '5005', '202'),
(1788202, 197440, 'EKA YULIA SARI', 'OTKP', 'XII OTKP 1', '5005', '202'),
(1789202, 197441, 'Ersanda Aprilia', 'OTKP', 'XII OTKP 1', '5005', '202'),
(1790202, 197442, 'FADIANA', 'OTKP', 'XII OTKP 1', '5005', '202'),
(1791202, 197444, 'ICHA RAHMA NOVITASARI', 'OTKP', 'XII OTKP 1', '5005', '202'),
(1792202, 197445, 'Ismi Syalina Hidayat', 'OTKP', 'XII OTKP 1', '5005', '202'),
(1793202, 197446, 'JESI HAFILLAH', 'OTKP', 'XII OTKP 1', '5005', '202'),
(1794202, 197447, 'JULIA LESTARI', 'OTKP', 'XII OTKP 1', '5005', '202'),
(1795202, 197449, 'KEKE NURKHOLIFAH', 'OTKP', 'XII OTKP 1', '5005', '202'),
(1796202, 197451, 'KOLIF MULYANI', 'OTKP', 'XII OTKP 1', '5005', '202'),
(1797202, 197452, 'LUVIYANTI', 'OTKP', 'XII OTKP 1', '5005', '202'),
(1798202, 197455, 'MARS WINDA AGUSTIN', 'OTKP', 'XII OTKP 1', '5005', '202'),
(1799202, 197456, 'Maulida Azkia', 'OTKP', 'XII OTKP 1', '5005', '202'),
(1800202, 197459, 'Mellida Devitasari', 'OTKP', 'XII OTKP 1', '5005', '202'),
(1801202, 197461, 'NADILA RISCHA HIDAYAT', 'OTKP', 'XII OTKP 1', '5005', '202'),
(1802202, 197464, 'NESSA APRILA ROSA', 'OTKP', 'XII OTKP 1', '5005', '202'),
(1803202, 197468, 'Oktaviana', 'OTKP', 'XII OTKP 1', '5005', '202'),
(1804202, 197469, 'PATRICIA OLIVIA BUBANE', 'OTKP', 'XII OTKP 1', '5005', '202'),
(1805202, 197472, 'Reza Thalia Salsabila', 'OTKP', 'XII OTKP 1', '5005', '202'),
(1806202, 197475, 'RISNA JUENDANG', 'OTKP', 'XII OTKP 1', '5005', '202'),
(1807202, 197477, 'Ros Setiawati', 'OTKP', 'XII OTKP 1', '5005', '202'),
(1808202, 197478, 'Rosyana Nurani', 'OTKP', 'XII OTKP 1', '5005', '202'),
(1809202, 197480, 'SASKIA ALIYA ZAHRA', 'OTKP', 'XII OTKP 1', '5005', '202'),
(1810202, 197482, 'SINTA ARYANA WENDARI', 'OTKP', 'XII OTKP 1', '5005', '202'),
(1811202, 197485, 'Supriyana', 'OTKP', 'XII OTKP 1', '5005', '202'),
(1812202, 197488, 'TIARA HENDITA PUTRI', 'OTKP', 'XII OTKP 1', '5005', '202'),
(1813202, 197491, 'VERONICA PATRICIA', 'OTKP', 'XII OTKP 1', '5005', '202'),
(1814202, 197493, 'WULAN SUCI FITRIANI', 'OTKP', 'XII OTKP 1', '5005', '202'),
(1815202, 197496, 'ZAHRA WAHYU TRIANDINI', 'OTKP', 'XII OTKP 1', '5005', '202'),
(1816202, 197417, 'AISYA YUNIARTI', 'OTKP', 'XII OTKP 2', '5005', '202'),
(1817202, 197418, 'ALMA ELENA RACHMAN', 'OTKP', 'XII OTKP 2', '5005', '202'),
(1818202, 197419, 'AMANDA SALSABILAH SAFITRI', 'OTKP', 'XII OTKP 2', '5005', '202'),
(1819202, 197426, 'BALQIS AULIA WIJAYA', 'OTKP', 'XII OTKP 2', '5005', '202'),
(1820202, 197427, 'Chika Maulida Dewi', 'OTKP', 'XII OTKP 2', '5005', '202'),
(1821202, 197431, 'DEVI RIANTI', 'OTKP', 'XII OTKP 2', '5005', '202'),
(1822202, 197433, 'Diah Ayu Krisna Dwi Putri', 'OTKP', 'XII OTKP 2', '5005', '202'),
(1823202, 197434, 'Dian Aprilliani', 'OTKP', 'XII OTKP 2', '5005', '202'),
(1824202, 197436, 'Dina Agustina', 'OTKP', 'XII OTKP 2', '5005', '202'),
(1825202, 197439, 'DIYAN RAHMAWATI', 'OTKP', 'XII OTKP 2', '5005', '202'),
(1826202, 197443, 'FUJA LISTY YANTI', 'OTKP', 'XII OTKP 2', '5005', '202'),
(1827202, 197448, 'KARINA PUTRI OXTAVIANI', 'OTKP', 'XII OTKP 2', '5005', '202'),
(1828202, 197450, 'KIKI FATIKA SYAHRANI', 'OTKP', 'XII OTKP 2', '5005', '202'),
(1829202, 197453, 'Maharani Syaidina Djulianti', 'OTKP', 'XII OTKP 2', '5005', '202'),
(1830202, 197454, 'MARLINA', 'OTKP', 'XII OTKP 2', '5005', '202'),
(1831202, 197457, 'Meilinda Felisyawati', 'OTKP', 'XII OTKP 2', '5005', '202'),
(1832202, 197458, 'MELINA NUR SAPITRI', 'OTKP', 'XII OTKP 2', '5005', '202'),
(1833202, 197460, 'MUNIAH', 'OTKP', 'XII OTKP 2', '5005', '202'),
(1834202, 197462, 'Nadya Putri', 'OTKP', 'XII OTKP 2', '5005', '202'),
(1835202, 197463, 'Nanda Jasika', 'OTKP', 'XII OTKP 2', '5005', '202'),
(1836202, 197465, 'Nisa Dwi Ramanda', 'OTKP', 'XII OTKP 2', '5005', '202'),
(1837202, 197467, 'NUR ASIDIAH', 'OTKP', 'XII OTKP 2', '5005', '202'),
(1838202, 197470, 'PIRANIH', 'OTKP', 'XII OTKP 2', '5005', '202'),
(1839202, 197471, 'Putri Widhi Astuti', 'OTKP', 'XII OTKP 2', '5005', '202'),
(1840202, 197473, 'RINI MARSITA', 'OTKP', 'XII OTKP 2', '5005', '202'),
(1841202, 197474, 'RISKA KHARISMA', 'OTKP', 'XII OTKP 2', '5005', '202'),
(1842202, 197476, 'RISNA PRIYANTI', 'OTKP', 'XII OTKP 2', '5005', '202'),
(1843202, 197479, 'RUNI RAHAYU', 'OTKP', 'XII OTKP 2', '5005', '202'),
(1844202, 197481, 'SHEVA HANDINI', 'OTKP', 'XII OTKP 2', '5005', '202'),
(1845202, 197483, 'SITI NURHALIZA ARDI', 'OTKP', 'XII OTKP 2', '5005', '202'),
(1846202, 197484, 'SUCI NABILAH KHAERUS', 'OTKP', 'XII OTKP 2', '5005', '202'),
(1847202, 197486, 'TANIA NUR ALFITRIANI', 'OTKP', 'XII OTKP 2', '5005', '202'),
(1848202, 197487, 'TIAH', 'OTKP', 'XII OTKP 2', '5005', '202'),
(1849202, 197489, 'Umairoh', 'OTKP', 'XII OTKP 2', '5005', '202'),
(1850202, 197490, 'VELINDA NUR AZIZAH', 'OTKP', 'XII OTKP 2', '5005', '202'),
(1851202, 197492, 'WAHYU KURNIAWATI', 'OTKP', 'XII OTKP 2', '5005', '202'),
(1852202, 197494, 'WULAN SUNINGSIH', 'OTKP', 'XII OTKP 2', '5005', '202'),
(1853202, 197495, 'YENTI HERAWATI', 'OTKP', 'XII OTKP 2', '5005', '202'),
(1854202, 197497, 'ZHILA SHOFA NAFSIAH', 'OTKP', 'XII OTKP 2', '5005', '202'),
(1855202, 197217, 'ABDURRAHMAN ASNADI', 'TKJ', 'XII TKJ 1', '6006', '202'),
(1856202, 197219, 'ADI NUR', 'TKJ', 'XII TKJ 1', '6006', '202'),
(1857202, 197221, 'Aditya Saputra', 'TKJ', 'XII TKJ 1', '6006', '202'),
(1858202, 197228, 'AIRA ANDI AHMAD', 'TKJ', 'XII TKJ 1', '6006', '202'),
(1859202, 197229, 'Alfadli Merdianta', 'TKJ', 'XII TKJ 1', '6006', '202'),
(1860202, 197238, 'Ariska Witri Astuti', 'TKJ', 'XII TKJ 1', '6006', '202'),
(1861202, 197241, 'DANI DARMAWAN', 'TKJ', 'XII TKJ 1', '6006', '202'),
(1862202, 197242, 'DANIEL PRADITYA', 'TKJ', 'XII TKJ 1', '6006', '202'),
(1863202, 197244, 'DHANNIS FARDINTA', 'TKJ', 'XII TKJ 1', '6006', '202'),
(1864202, 197246, 'DIMAS ADITIYA', 'TKJ', 'XII TKJ 1', '6006', '202'),
(1865202, 197255, 'FARID IHWATUL MUSLIMIN', 'TKJ', 'XII TKJ 1', '6006', '202'),
(1866202, 197256, 'FAUZI', 'TKJ', 'XII TKJ 1', '6006', '202'),
(1867202, 197260, 'Haryanto', 'TKJ', 'XII TKJ 1', '6006', '202'),
(1868202, 197261, 'HERI SETYAWAN', 'TKJ', 'XII TKJ 1', '6006', '202'),
(1869202, 197263, 'IDHAM RAHMAN', 'TKJ', 'XII TKJ 1', '6006', '202'),
(1870202, 197264, 'Idris Fadila', 'TKJ', 'XII TKJ 1', '6006', '202'),
(1871202, 197269, 'M. JAENI SAPUTRA', 'TKJ', 'XII TKJ 1', '6006', '202'),
(1872202, 197273, 'MARTIN', 'TKJ', 'XII TKJ 1', '6006', '202'),
(1873202, 197275, 'MOHAMMAD ARDIANSYAH RIZKI DERMAWAN', 'TKJ', 'XII TKJ 1', '6006', '202'),
(1874202, 197287, 'Muhamad Jazuli Oktafio', 'TKJ', 'XII TKJ 1', '6006', '202'),
(1875202, 197279, 'MUHAMAT REVA RIZKI SAPUTRA', 'TKJ', 'XII TKJ 1', '6006', '202'),
(1876202, 197282, 'Muhammad Agus Triardi', 'TKJ', 'XII TKJ 1', '6006', '202'),
(1877202, 197290, 'Muhammad Rafli', 'TKJ', 'XII TKJ 1', '6006', '202'),
(1878202, 197291, 'MUHAMMAD RUSYDI MURTADHO', 'TKJ', 'XII TKJ 1', '6006', '202'),
(1879202, 197294, 'Nana Maolana', 'TKJ', 'XII TKJ 1', '6006', '202'),
(1880202, 197295, 'Nanda Arga Raditya', 'TKJ', 'XII TKJ 1', '6006', '202'),
(1881202, 197299, 'NUR OKKY BINTANG SAPUTRA', 'TKJ', 'XII TKJ 1', '6006', '202'),
(1882202, 197304, 'RENDI PEBRIANSYAH', 'TKJ', 'XII TKJ 1', '6006', '202'),
(1883202, 197306, 'Rico Prianto', 'TKJ', 'XII TKJ 1', '6006', '202'),
(1884202, 197313, 'RIVALDY IRAWAN', 'TKJ', 'XII TKJ 1', '6006', '202'),
(1885202, 197314, 'Rizki Dwi Hapijar', 'TKJ', 'XII TKJ 1', '6006', '202'),
(1886202, 197315, 'RIZKI HARI NUGROHO', 'TKJ', 'XII TKJ 1', '6006', '202'),
(1887202, 197316, 'ROBBY ANDRIANSYAH', 'TKJ', 'XII TKJ 1', '6006', '202'),
(1888202, 197323, 'TAUFIK LERA', 'TKJ', 'XII TKJ 1', '6006', '202'),
(1889202, 197324, 'TENGKU ARYA SAPUTRA', 'TKJ', 'XII TKJ 1', '6006', '202'),
(1890202, 197332, 'WISNU HANDOKO', 'TKJ', 'XII TKJ 1', '6006', '202'),
(1891202, 197216, 'AANWAR', 'TKJ', 'XII TKJ 2', '6006', '202'),
(1892202, 197218, 'ABDULLAH PATHUR RACHMAN', 'TKJ', 'XII TKJ 2', '6006', '202'),
(1893202, 197220, 'ADITYA DHARMA', 'TKJ', 'XII TKJ 2', '6006', '202'),
(1894202, 197222, 'ADITYA SAPUTRA', 'TKJ', 'XII TKJ 2', '6006', '202'),
(1895202, 197225, 'Agil Mubaroq', 'TKJ', 'XII TKJ 2', '6006', '202'),
(1896202, 197226, 'AHMAD MAULANA', 'TKJ', 'XII TKJ 2', '6006', '202'),
(1897202, 197231, 'ANDI KOSASIH', 'TKJ', 'XII TKJ 2', '6006', '202'),
(1898202, 197233, 'Andriyansah', 'TKJ', 'XII TKJ 2', '6006', '202'),
(1899202, 197240, 'BIMA BAYU SAMUDRA', 'TKJ', 'XII TKJ 2', '6006', '202'),
(1900202, 197248, 'EGAN BAGUS REHANDIKA ALDA RAKHANTA', 'TKJ', 'XII TKJ 2', '6006', '202'),
(1901202, 197249, 'EKA DHANI', 'TKJ', 'XII TKJ 2', '6006', '202'),
(1902202, 197251, 'ENDAH HERNIATI', 'TKJ', 'XII TKJ 2', '6006', '202'),
(1903202, 197252, 'FACHRUL BINTANG IMZAD', 'TKJ', 'XII TKJ 2', '6006', '202'),
(1904202, 197253, 'FAHREZI JANUAR RISKI', 'TKJ', 'XII TKJ 2', '6006', '202'),
(1905202, 197258, 'HAFIZ NUR ARIF', 'TKJ', 'XII TKJ 2', '6006', '202'),
(1906202, 197259, 'Hanan Febri Awanda', 'TKJ', 'XII TKJ 2', '6006', '202'),
(1907202, 197262, 'Ibnu Adam', 'TKJ', 'XII TKJ 2', '6006', '202'),
(1908202, 197268, 'KHAIRAN MAULANA', 'TKJ', 'XII TKJ 2', '6006', '202'),
(1909202, 197270, 'M. RESA FAHLEVIH ADITYA PUTRA', 'TKJ', 'XII TKJ 2', '6006', '202'),
(1910202, 197272, 'M.FREDY ARDIANSYAH', 'TKJ', 'XII TKJ 2', '6006', '202'),
(1911202, 197274, 'MAULANA RAFI PRASETYO', 'TKJ', 'XII TKJ 2', '6006', '202'),
(1912202, 197276, 'Muhamad Ariyanzah', 'TKJ', 'XII TKJ 2', '6006', '202'),
(1913202, 197278, 'MUHAMAD RIDWAN', 'TKJ', 'XII TKJ 2', '6006', '202'),
(1914202, 197284, 'MUHAMMAD FAHREZA DZULHIJJAH', 'TKJ', 'XII TKJ 2', '6006', '202'),
(1915202, 197285, 'MUHAMMAD FERDIANSYAH', 'TKJ', 'XII TKJ 2', '6006', '202'),
(1916202, 197293, 'Muhammad Ilham', 'TKJ', 'XII TKJ 2', '6006', '202'),
(1917202, 197288, 'MUHAMMAD MUKHTI ABIMANYU', 'TKJ', 'XII TKJ 2', '6006', '202'),
(1918202, 197280, 'MUHAMMAD RUHDIN', 'TKJ', 'XII TKJ 2', '6006', '202'),
(1919202, 197292, 'MUHAMMAD UBAIDILLAH', 'TKJ', 'XII TKJ 2', '6006', '202'),
(1920202, 197302, 'RAHMAT HADI WIJAYA', 'TKJ', 'XII TKJ 2', '6006', '202'),
(1921202, 197300, 'RAKA PRABOWO', 'TKJ', 'XII TKJ 2', '6006', '202'),
(1922202, 197301, 'RAMA HERDIANSYAH', 'TKJ', 'XII TKJ 2', '6006', '202'),
(1923202, 197310, 'Rijik Mulana Yusup', 'TKJ', 'XII TKJ 2', '6006', '202'),
(1924202, 197312, 'RIVAL SAPUTRA', 'TKJ', 'XII TKJ 2', '6006', '202'),
(1925202, 197320, 'SEFI SEPTIANA', 'TKJ', 'XII TKJ 2', '6006', '202'),
(1926202, 197321, 'Siti Nur Kholipah', 'TKJ', 'XII TKJ 2', '6006', '202'),
(1927202, 197325, 'TYO SAPUTRA', 'TKJ', 'XII TKJ 2', '6006', '202'),
(1928202, 197223, 'ADITYA SAPUTRA', 'TKJ', 'XII TKJ 3', '6006', '202'),
(1929202, 197224, 'ADNAN BUKHARI', 'TKJ', 'XII TKJ 3', '6006', '202'),
(1930202, 197227, 'AHMAT SOFBRI', 'TKJ', 'XII TKJ 3', '6006', '202'),
(1931202, 197230, 'Amaika Rachman', 'TKJ', 'XII TKJ 3', '6006', '202'),
(1932202, 197232, 'ANDREAN SAPUTRA', 'TKJ', 'XII TKJ 3', '6006', '202'),
(1933202, 197234, 'Apriadi', 'TKJ', 'XII TKJ 3', '6006', '202'),
(1934202, 197236, 'Ardi Muayad', 'TKJ', 'XII TKJ 3', '6006', '202'),
(1935202, 197237, 'ARIF DWI SAPUTRA', 'TKJ', 'XII TKJ 3', '6006', '202'),
(1936202, 197243, 'DESTA RAHMA NOVIANI', 'TKJ', 'XII TKJ 3', '6006', '202'),
(1937202, 197245, 'DIKKY PANGESTU', 'TKJ', 'XII TKJ 3', '6006', '202'),
(1938202, 197247, 'DODI PRAMUJA', 'TKJ', 'XII TKJ 3', '6006', '202'),
(1939202, 197250, 'ELGA BUDI PURNOMO', 'TKJ', 'XII TKJ 3', '6006', '202'),
(1940202, 197257, 'FAUZY GUNAWAN', 'TKJ', 'XII TKJ 3', '6006', '202'),
(1941202, 197265, 'IKLAS GUSTI PANGESTU', 'TKJ', 'XII TKJ 3', '6006', '202'),
(1942202, 197266, 'ILHAM RAMADHAN', 'TKJ', 'XII TKJ 3', '6006', '202'),
(1943202, 197277, 'MUHAMAD IMAM MAHDI', 'TKJ', 'XII TKJ 3', '6006', '202'),
(1944202, 197281, 'MUHAMMAD ADAM SEPTIAWAN', 'TKJ', 'XII TKJ 3', '6006', '202'),
(1945202, 197283, 'MUHAMMAD BINTANG', 'TKJ', 'XII TKJ 3', '6006', '202'),
(1946202, 197286, 'MUHAMMAD FIKRI GINASTIAR', 'TKJ', 'XII TKJ 3', '6006', '202'),
(1947202, 197289, 'MUHAMMAD NUR IKHSAN', 'TKJ', 'XII TKJ 3', '6006', '202'),
(1948202, 197297, 'NIKO SAPUTRA', 'TKJ', 'XII TKJ 3', '6006', '202'),
(1949202, 197298, 'NOVA YULIANTO', 'TKJ', 'XII TKJ 3', '6006', '202'),
(1950202, 197303, 'REGA ALDO NURCAHYONO', 'TKJ', 'XII TKJ 3', '6006', '202'),
(1951202, 197305, 'REZZA ADITYA PRATAMA', 'TKJ', 'XII TKJ 3', '6006', '202'),
(1952202, 197309, 'Rifkyan Syah', 'TKJ', 'XII TKJ 3', '6006', '202'),
(1953202, 197311, 'RISKY ALFIAN', 'TKJ', 'XII TKJ 3', '6006', '202'),
(1954202, 197319, 'SATRIA PAMUNGKAS', 'TKJ', 'XII TKJ 3', '6006', '202'),
(1955202, 197327, 'Virlya Aulia Rohmah', 'TKJ', 'XII TKJ 3', '6006', '202'),
(1956202, 197328, 'Wafa Fauzan Jamil', 'TKJ', 'XII TKJ 3', '6006', '202'),
(1957202, 197329, 'WAHYU', 'TKJ', 'XII TKJ 3', '6006', '202'),
(1958202, 197330, 'WILLIAM WIJAYA PHANG', 'TKJ', 'XII TKJ 3', '6006', '202'),
(1959202, 197331, 'WILLY RAFIANSYAH', 'TKJ', 'XII TKJ 3', '6006', '202'),
(1960202, 197333, 'YANUAR BUDI PRATAMA', 'TKJ', 'XII TKJ 3', '6006', '202'),
(1961202, 197334, 'YORIKO OKTAVIANUS MAMARODIA', 'TKJ', 'XII TKJ 3', '6006', '202'),
(1962202, 197335, 'ZOKROTUN NIDA', 'TKJ', 'XII TKJ 3', '6006', '202'),
(1963101, 207714, 'ANDREAS ADIANTO', 'AKL', 'X AKL 1', '1001', '101'),
(1964101, 207719, 'AULIA FATIKA SARI', 'AKL', 'X AKL 1', '1001', '101'),
(1965101, 207720, 'BINTANG RAMADHANI', 'AKL', 'X AKL 1', '1001', '101'),
(1966101, 207722, 'Choirul Akmal Hidayat', 'AKL', 'X AKL 1', '1001', '101'),
(1967101, 207723, 'DEA MARCELLANI', 'AKL', 'X AKL 1', '1001', '101'),
(1968101, 207724, 'DESFIANAPUTRI WIDYARSANTI', 'AKL', 'X AKL 1', '1001', '101'),
(1969101, 207727, 'DEVIANA FERNANDA ', 'AKL', 'X AKL 1', '1001', '101'),
(1970101, 207730, 'FADILLAH ROHMAN', 'AKL', 'X AKL 1', '1001', '101'),
(1971101, 207731, 'FAUZI WIBOWO', 'AKL', 'X AKL 1', '1001', '101'),
(1972101, 207733, 'FERDIYANSAH', 'AKL', 'X AKL 1', '1001', '101'),
(1973101, 207734, 'FIRMAN PRAYOGA', 'AKL', 'X AKL 1', '1001', '101'),
(1974101, 207735, 'Fitri Nur Indriani', 'AKL', 'X AKL 1', '1001', '101'),
(1975101, 207736, 'FITRI ZETIRA SALSA', 'AKL', 'X AKL 1', '1001', '101'),
(1976101, 207738, 'HABIB YAZID FIKRIANSYAH', 'AKL', 'X AKL 1', '1001', '101'),
(1977101, 207739, 'Hani Astuti', 'AKL', 'X AKL 1', '1001', '101'),
(1978101, 207740, 'HELEN SETIABUDI', 'AKL', 'X AKL 1', '1001', '101'),
(1979101, 207741, 'HERLINA SETIAWAN', 'AKL', 'X AKL 1', '1001', '101'),
(1980101, 207743, 'ILMA AMALIA', 'AKL', 'X AKL 1', '1001', '101'),
(1981101, 207744, 'IVANA CHANAFI', 'AKL', 'X AKL 1', '1001', '101'),
(1982101, 207745, 'JOSIANA GARETZA', 'AKL', 'X AKL 1', '1001', '101'),
(1983101, 207753, 'MAYDA CHANAFI', 'AKL', 'X AKL 1', '1001', '101'),
(1984101, 207758, 'MUHAMAD RAFI EKA SAPUTRA', 'AKL', 'X AKL 1', '1001', '101'),
(1985101, 207748, 'MUHAMMAD ARYA DIVA', 'AKL', 'X AKL 1', '1001', '101'),
(1986101, 207759, 'NABILA APRILIA SANI', 'AKL', 'X AKL 1', '1001', '101'),
(1987101, 207760, 'NAJWA SABILLA AMRI', 'AKL', 'X AKL 1', '1001', '101'),
(1988101, 207764, 'NOVIA ADRIANA ELISANTY', 'AKL', 'X AKL 1', '1001', '101'),
(1989101, 207767, 'RAFA MALIKI ARDIANSYAH', 'AKL', 'X AKL 1', '1001', '101'),
(1990101, 207768, 'RAHMA SAECAR ROSSA LIANI', 'AKL', 'X AKL 1', '1001', '101'),
(1991101, 207769, 'RAHMAH', 'AKL', 'X AKL 1', '1001', '101'),
(1992101, 207770, 'RAKHEL MARYAM', 'AKL', 'X AKL 1', '1001', '101'),
(1993101, 207771, 'RATU NUR AYUNINGTIAS', 'AKL', 'X AKL 1', '1001', '101'),
(1994101, 207774, 'REVANI NADYA DESWIT', 'AKL', 'X AKL 1', '1001', '101'),
(1995101, 207780, 'ROSY GUSRIA NINGRUM', 'AKL', 'X AKL 1', '1001', '101'),
(1996101, 207783, 'SEVIRA CAHYA NINGRUM', 'AKL', 'X AKL 1', '1001', '101'),
(1997101, 207784, 'SISKA AULIA WARYANTO', 'AKL', 'X AKL 1', '1001', '101'),
(1998101, 207785, 'SITI POUJIYAN', 'AKL', 'X AKL 1', '1001', '101'),
(1999101, 207786, 'Sri Rahayu Wandirah', 'AKL', 'X AKL 1', '1001', '101'),
(2000101, 207788, 'SURYANI', 'AKL', 'X AKL 1', '1001', '101'),
(2001101, 207791, 'Vania Putri Wijaya', 'AKL', 'X AKL 1', '1001', '101'),
(2002101, 207792, 'VIANA PATRICIA ANG', 'AKL', 'X AKL 1', '1001', '101'),
(2003101, 207793, 'VIKKY PRIMA SUPELI', 'AKL', 'X AKL 1', '1001', '101'),
(2004101, 207794, 'ZAHRA AMELIA PUTRI', 'AKL', 'X AKL 1', '1001', '101'),
(2005101, 207796, 'ZAHRAH LUTFI FEBRIANA', 'AKL', 'X AKL 1', '1001', '101'),
(2006101, 207711, 'AGISTI AMELIA', 'AKL', 'X AKL 2', '1001', '101'),
(2007101, 207712, 'Ahmad Faizal Risaldi', 'AKL', 'X AKL 2', '1001', '101'),
(2008101, 207713, 'AHMAD TRI APIYAN', 'AKL', 'X AKL 2', '1001', '101'),
(2009101, 207715, 'ANDRI DWI KURNIAWAN', 'AKL', 'X AKL 2', '1001', '101'),
(2010101, 207716, 'ARDIAN SYAH', 'AKL', 'X AKL 2', '1001', '101'),
(2011101, 207717, 'ARIA KRISNA JOHAERI', 'AKL', 'X AKL 2', '1001', '101'),
(2012101, 207718, 'Aryani Chairunnisa', 'AKL', 'X AKL 2', '1001', '101'),
(2013101, 207721, 'CECE CUMAIDA', 'AKL', 'X AKL 2', '1001', '101'),
(2014101, 207725, 'DESI WULANDARI', 'AKL', 'X AKL 2', '1001', '101'),
(2015101, 207726, 'Deva Pupita Sari', 'AKL', 'X AKL 2', '1001', '101'),
(2016101, 207728, 'DIAH PUTRI LESTARI', 'AKL', 'X AKL 2', '1001', '101'),
(2017101, 207729, 'EKA ROHMAWATI', 'AKL', 'X AKL 2', '1001', '101'),
(2018101, 207732, 'FELIANI MEI ASTUTI', 'AKL', 'X AKL 2', '1001', '101'),
(2019101, 207737, 'FITRIANA', 'AKL', 'X AKL 2', '1001', '101'),
(2020101, 207742, 'IIN RISKAWATI', 'AKL', 'X AKL 2', '1001', '101'),
(2021101, 207746, 'LISTIAWATI', 'AKL', 'X AKL 2', '1001', '101'),
(2022101, 207747, 'LUKY FAUZI', 'AKL', 'X AKL 2', '1001', '101'),
(2023101, 207749, 'MANDA AGRISTINA', 'AKL', 'X AKL 2', '1001', '101'),
(2024101, 207750, 'Marselina', 'AKL', 'X AKL 2', '1001', '101'),
(2025101, 207751, 'MARSYA OLIVIA FARHAH', 'AKL', 'X AKL 2', '1001', '101'),
(2026101, 207752, 'MAYA FIRDAUS SARI', 'AKL', 'X AKL 2', '1001', '101'),
(2027101, 207754, 'MAYSEL FIDELA', 'AKL', 'X AKL 2', '1001', '101'),
(2028101, 207755, 'MIRA YANTI', 'AKL', 'X AKL 2', '1001', '101'),
(2029101, 207756, 'Mohamad Aldi Herdiansah', 'AKL', 'X AKL 2', '1001', '101'),
(2030101, 207757, 'MUHAMAD MIFTAHUL ATHO', 'AKL', 'X AKL 2', '1001', '101'),
(2031101, 207761, 'NAZWA DWI FADILLAH', 'AKL', 'X AKL 2', '1001', '101'),
(2032101, 207762, 'NITA AGUSTINA', 'AKL', 'X AKL 2', '1001', '101'),
(2033101, 207763, 'NIYA LASITA', 'AKL', 'X AKL 2', '1001', '101'),
(2034101, 207765, 'NUR KHOIRUNISA', 'AKL', 'X AKL 2', '1001', '101'),
(2035101, 207766, 'PUTRI SELVIANA', 'AKL', 'X AKL 2', '1001', '101'),
(2036101, 207772, 'Rayhan Muhammad Dafansyah', 'AKL', 'X AKL 2', '1001', '101'),
(2037101, 207773, 'RENI MUTIA', 'AKL', 'X AKL 2', '1001', '101'),
(2038101, 207775, 'REZA SHAFIRA WIJAYA', 'AKL', 'X AKL 2', '1001', '101'),
(2039101, 207776, 'RINI ALFIYANI', 'AKL', 'X AKL 2', '1001', '101'),
(2040101, 207777, 'RISKA NURUL KHOTIMAH', 'AKL', 'X AKL 2', '1001', '101'),
(2041101, 207778, 'RISKI SETIAWAN', 'AKL', 'X AKL 2', '1001', '101'),
(2042101, 207779, 'ROFAH', 'AKL', 'X AKL 2', '1001', '101'),
(2043101, 207781, 'Ryan Septian', 'AKL', 'X AKL 2', '1001', '101'),
(2044101, 207782, 'SEPTI AMINATUL CHASANAH', 'AKL', 'X AKL 2', '1001', '101'),
(2045101, 207787, 'SUCI RIJKIA SARI', 'AKL', 'X AKL 2', '1001', '101'),
(2046101, 207789, 'SYAVANA EKI FEBRIYANTI', 'AKL', 'X AKL 2', '1001', '101'),
(2047101, 207790, 'THERESIA BUI HERA', 'AKL', 'X AKL 2', '1001', '101'),
(2048101, 207795, 'ZAHRA AZIZAH DHAIFULLAH', 'AKL', 'X AKL 2', '1001', '101'),
(2049101, 207797, 'ZAHRA NUR NABILA', 'AKL', 'X AKL 2', '1001', '101'),
(2050101, 207887, 'ABDULLAH RIYAD', 'BDP', 'X BDP 1', '1001', '101'),
(2051101, 207892, 'Anis Karsella', 'BDP', 'X BDP 1', '1001', '101'),
(2052101, 207894, 'AQIL IRBANI', 'BDP', 'X BDP 1', '1001', '101'),
(2053101, 207897, 'DAVID ERIK HERMAWAN', 'BDP', 'X BDP 1', '1001', '101'),
(2054101, 207899, 'DELLA NORMAYANTIKA', 'BDP', 'X BDP 1', '1001', '101'),
(2055101, 207900, 'DENNIS RAFAEL', 'BDP', 'X BDP 1', '1001', '101'),
(2056101, 207901, 'DEVIDA AULIA', 'BDP', 'X BDP 1', '1001', '101'),
(2057101, 207902, 'DEVINA LORENZA KURNIA PUTRY', 'BDP', 'X BDP 1', '1001', '101'),
(2058101, 207903, 'DINA CAHYANI', 'BDP', 'X BDP 1', '1001', '101'),
(2059101, 207904, 'ELISA FEBRIYANTI', 'BDP', 'X BDP 1', '1001', '101'),
(2060101, 207905, 'FADLY MUHAMAD NUGRAHA', 'BDP', 'X BDP 1', '1001', '101'),
(2061101, 207906, 'Fatmah Ayu', 'BDP', 'X BDP 1', '1001', '101'),
(2062101, 207907, 'FEBRIAN FRANSIUS', 'BDP', 'X BDP 1', '1001', '101'),
(2063101, 207909, 'FERIYAN SYAH', 'BDP', 'X BDP 1', '1001', '101'),
(2064101, 207914, 'IQBAL ILHAM SYAH', 'BDP', 'X BDP 1', '1001', '101'),
(2065101, 207916, 'KEZIA CAROLINA NONITEMA', 'BDP', 'X BDP 1', '1001', '101'),
(2066101, 207921, 'Maysia Laurent Yosephin', 'BDP', 'X BDP 1', '1001', '101'),
(2067101, 207924, 'MUHAMMAD AJI SURAHMAN', 'BDP', 'X BDP 1', '1001', '101'),
(2068101, 207928, 'MUHAMMAD FIRDAUS', 'BDP', 'X BDP 1', '1001', '101'),
(2069101, 207929, 'MUHAMMAD NOVAL ADITYA', 'BDP', 'X BDP 1', '1001', '101'),
(2070101, 207930, 'MUHAMMAD REVALDI', 'BDP', 'X BDP 1', '1001', '101'),
(2071101, 207931, 'MUSLIM AZIZ ABDILLAH', 'BDP', 'X BDP 1', '1001', '101'),
(2072101, 207932, 'Nabila Rizky Tirtananda', 'BDP', 'X BDP 1', '1001', '101'),
(2073101, 207934, 'Nicholas', 'BDP', 'X BDP 1', '1001', '101'),
(2074101, 207936, 'NUR INTAN AULIA RAHMADINAH', 'BDP', 'X BDP 1', '1001', '101'),
(2075101, 207938, 'PENDI PRASETYO', 'BDP', 'X BDP 1', '1001', '101'),
(2076101, 207939, 'PERNANDO SAPUTRA', 'BDP', 'X BDP 1', '1001', '101'),
(2077101, 207940, 'PINGKAN LAILA OKTAVIANI ', 'BDP', 'X BDP 1', '1001', '101'),
(2078101, 207941, 'Preti Audia', 'BDP', 'X BDP 1', '1001', '101'),
(2079101, 207942, 'PUTRI', 'BDP', 'X BDP 1', '1001', '101'),
(2080101, 207944, 'PUTRI ARIYANI', 'BDP', 'X BDP 1', '1001', '101'),
(2081101, 207943, 'PUTRI AULIA', 'BDP', 'X BDP 1', '1001', '101'),
(2082101, 207945, 'RAGIL NURIL ANWAR', 'BDP', 'X BDP 1', '1001', '101'),
(2083101, 207946, 'RAHMA FITRIYANI', 'BDP', 'X BDP 1', '1001', '101'),
(2084101, 207952, 'Rini Rustrimiati', 'BDP', 'X BDP 1', '1001', '101'),
(2085101, 207953, 'RIVALDI AFRIAN', 'BDP', 'X BDP 1', '1001', '101'),
(2086101, 207961, 'TEGUH SOLEH', 'BDP', 'X BDP 1', '1001', '101'),
(2087101, 207962, 'ULFA NURMAYANTI', 'BDP', 'X BDP 1', '1001', '101'),
(2088101, 207963, 'Wahyudi', 'BDP', 'X BDP 1', '1001', '101'),
(2089101, 207965, 'YUSUP SLAMET RAHARJO', 'BDP', 'X BDP 1', '1001', '101'),
(2090101, 207886, 'ABDUL MUJIB WADI', 'BDP', 'X BDP 1', '1001', '101'),
(2091101, 207888, 'AHMAD FAIZ RAMDHANI', 'BDP', 'X BDP 1', '1001', '101'),
(2092101, 207891, 'ANGGI MAULANA', 'BDP', 'X BDP 1', '1001', '101'),
(2093101, 207893, 'ANNISA RAHMAN', 'BDP', 'X BDP 1', '1001', '101'),
(2094101, 207895, 'BINTANG WIDIYASTARA ASROFI', 'BDP', 'X BDP 1', '1001', '101'),
(2095101, 207896, 'BUNGGA ARSITA PUTRI', 'BDP', 'X BDP 1', '1001', '101'),
(2096101, 207898, 'DEA SABELA PUTRI', 'BDP', 'X BDP 1', '1001', '101'),
(2097101, 207908, 'FEBRIANSYAH SANJAYA', 'BDP', 'X BDP 1', '1001', '101'),
(2098101, 207910, 'FIRJATULLAH ANISSA RAHMAN', 'BDP', 'X BDP 1', '1001', '101'),
(2099101, 207911, 'ILHAM APRILIANSYAH', 'BDP', 'X BDP 1', '1001', '101'),
(2100101, 207912, 'INDAH AYUNI SARI', 'BDP', 'X BDP 1', '1001', '101'),
(2101101, 207915, 'IQBAL SURYADI', 'BDP', 'X BDP 1', '1001', '101'),
(2102101, 207917, 'KHOLIFATUL RIZKIANA', 'BDP', 'X BDP 1', '1001', '101'),
(2103101, 207918, 'Ledia Hanifah', 'BDP', 'X BDP 1', '1001', '101'),
(2104101, 207919, 'LULU NURFAOLA', 'BDP', 'X BDP 1', '1001', '101'),
(2105101, 207920, 'MARSELA', 'BDP', 'X BDP 1', '1001', '101'),
(2106101, 207922, 'MOCHAMAD NUR ZAINI', 'BDP', 'X BDP 1', '1001', '101'),
(2107101, 207923, 'Muhamad Amar Khadavi', 'BDP', 'X BDP 1', '1001', '101'),
(2108101, 207925, 'MUHAMAD ARYA APRIYANTO', 'BDP', 'X BDP 1', '1001', '101'),
(2109101, 207926, 'MUHAMAD DIAS JUNIAWAN', 'BDP', 'X BDP 1', '1001', '101'),
(2110101, 207927, 'Muhammad Fahri Heriyanto', 'BDP', 'X BDP 1', '1001', '101'),
(2111101, 207933, 'NAJWAH NUR ASYIYAH', 'BDP', 'X BDP 1', '1001', '101'),
(2112101, 207935, 'NINIS ANNISYA', 'BDP', 'X BDP 1', '1001', '101'),
(2113101, 207937, 'Patrialis Bayu Putra', 'BDP', 'X BDP 1', '1001', '101'),
(2114101, 207947, 'RAMADHANTI', 'BDP', 'X BDP 1', '1001', '101'),
(2115101, 207948, 'Reizhart Afrino Muslim', 'BDP', 'X BDP 1', '1001', '101'),
(2116101, 207949, 'RENA ANGELITA', 'BDP', 'X BDP 1', '1001', '101'),
(2117101, 207950, 'REVIN KHUSNADA SAKTI', 'BDP', 'X BDP 1', '1001', '101'),
(2118101, 207951, 'RIDHO FATARDHO HAMZAH', 'BDP', 'X BDP 1', '1001', '101'),
(2119101, 207954, 'RIZKY BUDIANTO', 'BDP', 'X BDP 1', '1001', '101'),
(2120101, 207955, 'SAMSUDIN RADITYA', 'BDP', 'X BDP 1', '1001', '101'),
(2121101, 207956, 'Septian Budi Riyanto', 'BDP', 'X BDP 1', '1001', '101'),
(2122101, 207957, 'SILFIANA SARI', 'BDP', 'X BDP 1', '1001', '101'),
(2123101, 207959, 'SITI NUR HANIFA', 'BDP', 'X BDP 1', '1001', '101'),
(2124101, 207958, 'Siti Nurfadilah', 'BDP', 'X BDP 1', '1001', '101'),
(2125101, 207960, 'Syahrul Al Fatah', 'BDP', 'X BDP 1', '1001', '101'),
(2126101, 207964, 'WINDYANA HANDAYANI ', 'BDP', 'X BDP 1', '1001', '101'),
(2127101, 207966, 'ZAHRA FITRIA SETIAWAN', 'BDP', 'X BDP 1', '1001', '101'),
(2128101, 207967, 'ZAZA NUR ANGGRAINI', 'BDP', 'X BDP 1', '1001', '101'),
(2129101, 207798, 'ALIFA YULISA RAMADHILA', 'OTKP', 'X OTKP 1', '1001', '101'),
(2130101, 207799, 'ALYA SAFITRI', 'OTKP', 'X OTKP 1', '1001', '101'),
(2131101, 207800, 'AMANDA EKA MAULANA', 'OTKP', 'X OTKP 1', '1001', '101'),
(2132101, 207801, 'AMELIA ANANTA PRATIWI', 'OTKP', 'X OTKP 1', '1001', '101'),
(2133101, 207802, 'AMELIA FERNANDA TANURAHARDJA', 'OTKP', 'X OTKP 1', '1001', '101'),
(2134101, 207803, 'Amelia Ismawati', 'OTKP', 'X OTKP 1', '1001', '101'),
(2135101, 207805, 'ANITA MARISKA', 'OTKP', 'X OTKP 1', '1001', '101'),
(2136101, 207808, 'APSARINA LAJANA', 'OTKP', 'X OTKP 1', '1001', '101'),
(2137101, 207809, 'ARIELLA ANDINI', 'OTKP', 'X OTKP 1', '1001', '101'),
(2138101, 207811, 'AYARIKHA ASIYAH INDARDI', 'OTKP', 'X OTKP 1', '1001', '101'),
(2139101, 207812, 'AYU RAHMA AULIA', 'OTKP', 'X OTKP 1', '1001', '101'),
(2140101, 207813, 'AYU SEKAR WANGI', 'OTKP', 'X OTKP 1', '1001', '101'),
(2141101, 207814, 'CALYSTA MAHARANI', 'OTKP', 'X OTKP 1', '1001', '101'),
(2142101, 207815, 'Cindy Aulia Putri', 'OTKP', 'X OTKP 1', '1001', '101'),
(2143101, 207818, 'DEA ANANDA', 'OTKP', 'X OTKP 1', '1001', '101'),
(2144101, 207819, 'DEA MUTIARA', 'OTKP', 'X OTKP 1', '1001', '101'),
(2145101, 207820, 'DELIA PINKAN RAHMAWATI', 'OTKP', 'X OTKP 1', '1001', '101'),
(2146101, 207821, 'DEVA OKTAVIANA', 'OTKP', 'X OTKP 1', '1001', '101'),
(2147101, 207825, 'Elma Novia S', 'OTKP', 'X OTKP 1', '1001', '101'),
(2148101, 207828, 'FIRA RESTU HERDIANTI', 'OTKP', 'X OTKP 1', '1001', '101'),
(2149101, 207830, 'FITRIANI MARA', 'OTKP', 'X OTKP 1', '1001', '101'),
(2150101, 207836, 'JISCAVIA MAERANY', 'OTKP', 'X OTKP 1', '1001', '101'),
(2151101, 207837, 'JULIANA DWI PRATIWI', 'OTKP', 'X OTKP 1', '1001', '101'),
(2152101, 207838, 'JUWITA DE FRETES', 'OTKP', 'X OTKP 1', '1001', '101'),
(2153101, 207839, 'KHUSNUL MEY YANA PUTRI', 'OTKP', 'X OTKP 1', '1001', '101'),
(2154101, 207840, 'KRISTINA LUSIANA', 'OTKP', 'X OTKP 1', '1001', '101'),
(2155101, 207843, 'LULU ULI NUHA ALBANTANI', 'OTKP', 'X OTKP 1', '1001', '101'),
(2156101, 207844, 'MARIA OKTA STYA LINDA', 'OTKP', 'X OTKP 1', '1001', '101'),
(2157101, 207851, 'NISRINA FITRIA WIDHAH', 'OTKP', 'X OTKP 1', '1001', '101'),
(2158101, 207855, 'RAHMAWATI', 'OTKP', 'X OTKP 1', '1001', '101'),
(2159101, 207858, 'SABRINA AMALIA DEVINAYA', 'OTKP', 'X OTKP 1', '1001', '101'),
(2160101, 207859, 'Salfarani Putri', 'OTKP', 'X OTKP 1', '1001', '101'),
(2161101, 207861, 'SARI RAHMAWATI', 'OTKP', 'X OTKP 1', '1001', '101'),
(2162101, 207862, 'SELVIYANTI MUHSIN', 'OTKP', 'X OTKP 1', '1001', '101'),
(2163101, 207866, 'SITI AFSYOH TRININGTYAS', 'OTKP', 'X OTKP 1', '1001', '101'),
(2164101, 207865, 'Siti Febrianti', 'OTKP', 'X OTKP 1', '1001', '101'),
(2165101, 207867, 'SITI LESTARI', 'OTKP', 'X OTKP 1', '1001', '101'),
(2166101, 207870, 'SUCI SALVA AULIA', 'OTKP', 'X OTKP 1', '1001', '101'),
(2167101, 207871, 'SUCI WULAN DINI', 'OTKP', 'X OTKP 1', '1001', '101'),
(2168101, 207875, 'Tiara Rismayanti', 'OTKP', 'X OTKP 1', '1001', '101'),
(2169101, 207880, 'WIWID DWI RAHMAWATI', 'OTKP', 'X OTKP 1', '1001', '101'),
(2170101, 207883, 'YOSI GISELA NINGRUM', 'OTKP', 'X OTKP 1', '1001', '101'),
(2171101, 207884, 'Yuni Oktapiyana', 'OTKP', 'X OTKP 1', '1001', '101'),
(2172101, 207885, 'ZAHWA NABILA NATASYAWATI', 'OTKP', 'X OTKP 1', '1001', '101'),
(2173101, 207804, 'ANANDA PUTRI RAMADHANI', 'OTKP', 'X OTKP 2', '1001', '101'),
(2174101, 207806, 'ANNISA NUR HIDAYAH', 'OTKP', 'X OTKP 2', '1001', '101'),
(2175101, 207807, 'APRILLIA IRATUR', 'OTKP', 'X OTKP 2', '1001', '101'),
(2176101, 207810, 'Aulia Rahma', 'OTKP', 'X OTKP 2', '1001', '101'),
(2177101, 207816, 'CITRA AULIA SARI', 'OTKP', 'X OTKP 2', '1001', '101'),
(2178101, 207817, 'CLARA BENITA RAVELIA', 'OTKP', 'X OTKP 2', '1001', '101'),
(2179101, 207822, 'DESNITA PUTRI CANIAGO', 'OTKP', 'X OTKP 2', '1001', '101'),
(2180101, 207823, 'DIANA ROSANA', 'OTKP', 'X OTKP 2', '1001', '101'),
(2181101, 207824, 'DWI ANNJANY', 'OTKP', 'X OTKP 2', '1001', '101'),
(2182101, 207826, 'ELVIRA LUCIANA', 'OTKP', 'X OTKP 2', '1001', '101'),
(2183101, 207827, 'FIFI RESTU HERDIANTI', 'OTKP', 'X OTKP 2', '1001', '101'),
(2184101, 207829, 'FIRA SAHIRA', 'OTKP', 'X OTKP 2', '1001', '101'),
(2185101, 207832, 'HENTI AKILA MARWA', 'OTKP', 'X OTKP 2', '1001', '101'),
(2186101, 207831, 'HEREN ASHARIANTI', 'OTKP', 'X OTKP 2', '1001', '101'),
(2187101, 207833, 'INDAH YULITA AZIZ', 'OTKP', 'X OTKP 2', '1001', '101'),
(2188101, 207834, 'Intan Nur Maicha', 'OTKP', 'X OTKP 2', '1001', '101'),
(2189101, 207835, 'Irna Amelia Safitri', 'OTKP', 'X OTKP 2', '1001', '101'),
(2190101, 207841, 'KURNIA YULIANA SAPUTRI', 'OTKP', 'X OTKP 2', '1001', '101'),
(2191101, 207842, 'LINDA SAFITRI', 'OTKP', 'X OTKP 2', '1001', '101'),
(2192101, 207845, 'NADIA KHADIJA TEWU', 'OTKP', 'X OTKP 2', '1001', '101'),
(2193101, 207846, 'NAJWA ADELLA RAMADHANI', 'OTKP', 'X OTKP 2', '1001', '101'),
(2194101, 207847, 'NANDITA SALSABILA', 'OTKP', 'X OTKP 2', '1001', '101'),
(2195101, 207848, 'Nayla Khairunnisa', 'OTKP', 'X OTKP 2', '1001', '101'),
(2196101, 207849, 'NAYLA TASYA', 'OTKP', 'X OTKP 2', '1001', '101'),
(2197101, 207850, 'NAZWA HANIFAH', 'OTKP', 'X OTKP 2', '1001', '101'),
(2198101, 207852, 'NOVA SAFITRI', 'OTKP', 'X OTKP 2', '1001', '101'),
(2199101, 207853, 'Ovris Riyani', 'OTKP', 'X OTKP 2', '1001', '101'),
(2200101, 207854, 'Pipit Nurlaeli Alpitri', 'OTKP', 'X OTKP 2', '1001', '101'),
(2201101, 207856, 'RIDHA AMALIAH', 'OTKP', 'X OTKP 2', '1001', '101'),
(2202101, 207857, 'RIZKA NOVIYANTI', 'OTKP', 'X OTKP 2', '1001', '101'),
(2203101, 207860, 'SANTI MURJANI', 'OTKP', 'X OTKP 2', '1001', '101'),
(2204101, 207863, 'SEPTIANI RAHAYU', 'OTKP', 'X OTKP 2', '1001', '101'),
(2205101, 207864, 'SEVILA', 'OTKP', 'X OTKP 2', '1001', '101'),
(2206101, 207868, 'Siti Maisaroh', 'OTKP', 'X OTKP 2', '1001', '101'),
(2207101, 207869, 'SITI NUR HABIBAH', 'OTKP', 'X OTKP 2', '1001', '101'),
(2208101, 207872, 'SYADIAH NUR LATIFAH', 'OTKP', 'X OTKP 2', '1001', '101'),
(2209101, 207873, 'TASYA AMELIA', 'OTKP', 'X OTKP 2', '1001', '101'),
(2210101, 207874, 'THIFAL AZIZAH HARTANTI', 'OTKP', 'X OTKP 2', '1001', '101'),
(2211101, 207876, 'TIAYU', 'OTKP', 'X OTKP 2', '1001', '101'),
(2212101, 207877, 'ULPAH LEPIYANI', 'OTKP', 'X OTKP 2', '1001', '101'),
(2213101, 207878, 'VENDA FERNANDA', 'OTKP', 'X OTKP 2', '1001', '101'),
(2214101, 207879, 'WILDATUL FADILLAH', 'OTKP', 'X OTKP 2', '1001', '101'),
(2215101, 207881, 'WULAN SRI RAHAYU', 'OTKP', 'X OTKP 2', '1001', '101'),
(2216101, 207882, 'Yeni Rahmayanti', 'OTKP', 'X OTKP 2', '1001', '101'),
(2217101, 207579, 'ADAM WAHYYUDI', 'TKJ', 'X TKJ 1', '2002', '101'),
(2218101, 207586, 'AHMAD DANY', 'TKJ', 'X TKJ 1', '2002', '101'),
(2219101, 207592, 'ANGGA PRASETYA PUTRA', 'TKJ', 'X TKJ 1', '2002', '101'),
(2220101, 207593, 'ANGGA YOGA PRATAMA', 'TKJ', 'X TKJ 1', '2002', '101'),
(2221101, 207594, 'Anggi Alvianto', 'TKJ', 'X TKJ 1', '2002', '101'),
(2222101, 207595, 'ARDI PRASETIO', 'TKJ', 'X TKJ 1', '2002', '101'),
(2223101, 207596, 'ARI ARDIANSYAH', 'TKJ', 'X TKJ 1', '2002', '101'),
(2224101, 207598, 'ARIFIN', 'TKJ', 'X TKJ 1', '2002', '101'),
(2225101, 207599, 'Aris Bastyar', 'TKJ', 'X TKJ 1', '2002', '101'),
(2226101, 207600, 'ARYA ZULFIKAR', 'TKJ', 'X TKJ 1', '2002', '101'),
(2227101, 207601, 'BAYU FIRMANSYAH', 'TKJ', 'X TKJ 1', '2002', '101'),
(2228101, 207602, 'Bayu Setiawan', 'TKJ', 'X TKJ 1', '2002', '101'),
(2229101, 207603, 'CAHYA AJI SAPUTRA', 'TKJ', 'X TKJ 1', '2002', '101'),
(2230101, 207606, 'CORY INTAN AGUSTIN', 'TKJ', 'X TKJ 1', '2002', '101'),
(2231101, 207615, 'Dzaky Ramadhani', 'TKJ', 'X TKJ 1', '2002', '101'),
(2232101, 207621, 'ERIK JAJANG KURNIAWAN', 'TKJ', 'X TKJ 1', '2002', '101'),
(2233101, 207625, 'FAKHRUL DHAFI', 'TKJ', 'X TKJ 1', '2002', '101'),
(2234101, 207628, 'FERDIAN AHMAD RUDIANTO', 'TKJ', 'X TKJ 1', '2002', '101'),
(2235101, 207629, 'FERDIAN WIJAYA ALEXANDRA', 'TKJ', 'X TKJ 1', '2002', '101'),
(2236101, 207636, 'HARIS', 'TKJ', 'X TKJ 1', '2002', '101'),
(2237101, 207639, 'HERIXS HIDAYAT', 'TKJ', 'X TKJ 1', '2002', '101'),
(2238101, 207642, 'Immanuel Tamando Maso', 'TKJ', 'X TKJ 1', '2002', '101'),
(2239101, 207644, 'Justin Valentino Warouw', 'TKJ', 'X TKJ 1', '2002', '101'),
(2240101, 207645, 'KELVIN AMANDO ERAWAN', 'TKJ', 'X TKJ 1', '2002', '101'),
(2241101, 207651, 'Mimin Winata', 'TKJ', 'X TKJ 1', '2002', '101'),
(2242101, 207664, 'MOHAMMAD KHOIRUL YANI', 'TKJ', 'X TKJ 1', '2002', '101'),
(2243101, 207656, 'MUHAMAD REZA ANDRIAN', 'TKJ', 'X TKJ 1', '2002', '101'),
(2244101, 207659, 'MUHAMMAD CAVAN HIZAM', 'TKJ', 'X TKJ 1', '2002', '101'),
(2245101, 207662, 'Muhammad Gusti Razan', 'TKJ', 'X TKJ 1', '2002', '101'),
(2246101, 207663, 'Muhammad Hasnul Arifin', 'TKJ', 'X TKJ 1', '2002', '101'),
(2247101, 207669, 'MUHAMMAD SIROJUDDIN GHOZALI', 'TKJ', 'X TKJ 1', '2002', '101'),
(2248101, 207672, 'NASHRULLOH FIRDAUS', 'TKJ', 'X TKJ 1', '2002', '101'),
(2249101, 207674, 'NICHOLLA MULQI BARBAROSSA', 'TKJ', 'X TKJ 1', '2002', '101'),
(2250101, 207678, 'QALAM RAYDATHUL SABANI', 'TKJ', 'X TKJ 1', '2002', '101'),
(2251101, 207683, 'RAYNOR SANJIA ANDHIKAFATA', 'TKJ', 'X TKJ 1', '2002', '101'),
(2252101, 207690, 'RIZAL MAULANA', 'TKJ', 'X TKJ 1', '2002', '101'),
(2253101, 207695, 'SHEVA SEPTANIO', 'TKJ', 'X TKJ 1', '2002', '101'),
(2254101, 207696, 'SOPIYAN', 'TKJ', 'X TKJ 1', '2002', '101'),
(2255101, 207697, 'SUGENG DWI WALUYO', 'TKJ', 'X TKJ 1', '2002', '101'),
(2256101, 207700, 'SYAHRUL HANAVI', 'TKJ', 'X TKJ 1', '2002', '101'),
(2257101, 207706, 'WILLYANSYAH', 'TKJ', 'X TKJ 1', '2002', '101'),
(2258101, 207707, 'YOHANES SETIAWAN', 'TKJ', 'X TKJ 1', '2002', '101'),
(2259101, 207708, 'YUDHA SEPTYAN', 'TKJ', 'X TKJ 1', '2002', '101'),
(2260101, 207709, 'ZODI PRASTIYO', 'TKJ', 'X TKJ 1', '2002', '101'),
(2261101, 207578, 'Abdul Rahman', 'TKJ', 'X TKJ 2', '2002', '101'),
(2262101, 207582, 'AFIF PRASETYO', 'TKJ', 'X TKJ 2', '2002', '101'),
(2263101, 207583, 'AGUNG MAULANA FEBRIYANTO', 'TKJ', 'X TKJ 2', '2002', '101'),
(2264101, 207597, 'ARIF', 'TKJ', 'X TKJ 2', '2002', '101'),
(2265101, 207604, 'CANDRA AGUS NUGROHO', 'TKJ', 'X TKJ 2', '2002', '101'),
(2266101, 207605, 'CARLOS LEONARDO', 'TKJ', 'X TKJ 2', '2002', '101'),
(2267101, 207607, 'DENDI ZAKARIA', 'TKJ', 'X TKJ 2', '2002', '101'),
(2268101, 207608, 'DENDY CAHYOKO', 'TKJ', 'X TKJ 2', '2002', '101'),
(2269101, 207610, 'DICKY FADILAH', 'TKJ', 'X TKJ 2', '2002', '101'),
(2270101, 207612, 'DIMAS ADI SAPUTRA', 'TKJ', 'X TKJ 2', '2002', '101'),
(2271101, 207614, 'DUWI AMAL MAULIDA AKSAN', 'TKJ', 'X TKJ 2', '2002', '101'),
(2272101, 207622, 'ERWIN OKTAVIANTO', 'TKJ', 'X TKJ 2', '2002', '101'),
(2273101, 207623, 'FACHRUL RAMADHAN', 'TKJ', 'X TKJ 2', '2002', '101'),
(2274101, 207626, 'FAUZI ABDUL AZIZ', 'TKJ', 'X TKJ 2', '2002', '101'),
(2275101, 207630, 'GALIH ADIVA PRATAMA PUTRA', 'TKJ', 'X TKJ 2', '2002', '101'),
(2276101, 207634, 'HAERUL ANGGA', 'TKJ', 'X TKJ 2', '2002', '101'),
(2277101, 207637, 'HARRY RIVALDY', 'TKJ', 'X TKJ 2', '2002', '101'),
(2278101, 207648, 'MOHAMAD RAGIL ADITYA PUTRA', 'TKJ', 'X TKJ 2', '2002', '101'),
(2279101, 207661, 'MOHAMMAD FARHAN', 'TKJ', 'X TKJ 2', '2002', '101'),
(2280101, 207653, 'MOHAMMAD HADI WIJAYA', 'TKJ', 'X TKJ 2', '2002', '101'),
(2281101, 207658, 'MUHAMMAD AFRIZAL', 'TKJ', 'X TKJ 2', '2002', '101'),
(2282101, 207660, 'MUHAMMAD DARMA ILLAHI', 'TKJ', 'X TKJ 2', '2002', '101'),
(2283101, 207665, 'MUHAMMAD PIRMANSAH PUTRA RAGIL ', 'TKJ', 'X TKJ 2', '2002', '101'),
(2284101, 207666, 'Muhammad Rafandi', 'TKJ', 'X TKJ 2', '2002', '101'),
(2285101, 207668, 'MUHAMMAD RIDWAN', 'TKJ', 'X TKJ 2', '2002', '101'),
(2286101, 207650, 'Muhammad Vincen Ramadhan', 'TKJ', 'X TKJ 2', '2002', '101'),
(2287101, 207671, 'Najib Dzannur', 'TKJ', 'X TKJ 2', '2002', '101'),
(2288101, 207676, 'PERDANA ANDRE SETIAWAN', 'TKJ', 'X TKJ 2', '2002', '101'),
(2289101, 207677, 'PUTRA SURYA PRATAMA', 'TKJ', 'X TKJ 2', '2002', '101'),
(2290101, 207679, 'RACHMAN GANIE', 'TKJ', 'X TKJ 2', '2002', '101'),
(2291101, 207682, 'RAIHAN MUHAMMAD AKBAR', 'TKJ', 'X TKJ 2', '2002', '101'),
(2292101, 207684, 'Rehandika Bayu Maarif', 'TKJ', 'X TKJ 2', '2002', '101'),
(2293101, 207687, 'RENO PRIANDANA', 'TKJ', 'X TKJ 2', '2002', '101'),
(2294101, 207688, 'REVAN OKTAGIAS RAMADHAN', 'TKJ', 'X TKJ 2', '2002', '101'),
(2295101, 207689, 'RIAN MAULANA', 'TKJ', 'X TKJ 2', '2002', '101'),
(2296101, 207691, 'ROSITA ARYANINGSIH', 'TKJ', 'X TKJ 2', '2002', '101'),
(2297101, 207693, 'SAHRUL ALAM', 'TKJ', 'X TKJ 2', '2002', '101'),
(2298101, 207692, 'SAIPUL ALI', 'TKJ', 'X TKJ 2', '2002', '101'),
(2299101, 207694, 'Satria Wahyu Ramadhan ', 'TKJ', 'X TKJ 2', '2002', '101'),
(2300101, 207698, 'SUTINAH', 'TKJ', 'X TKJ 2', '2002', '101'),
(2301101, 207699, 'SYAHRIEZA BAGUS WIDIYANTO', 'TKJ', 'X TKJ 2', '2002', '101'),
(2302101, 207702, 'TEGAR CAHYA PUTRA', 'TKJ', 'X TKJ 2', '2002', '101'),
(2303101, 207704, 'Ulumuddin Adji Pamungkas', 'TKJ', 'X TKJ 2', '2002', '101'),
(2304101, 207580, 'ADIS MAULANA', 'TKJ', 'X TKJ 3', '2002', '101'),
(2305101, 207581, 'ADITTIA DWI SAPUTRA', 'TKJ', 'X TKJ 3', '2002', '101'),
(2306101, 207584, 'AGUNG PRASETYO NUGROHO', 'TKJ', 'X TKJ 3', '2002', '101'),
(2307101, 207585, 'AGUS KHOLIFUDIN', 'TKJ', 'X TKJ 3', '2002', '101'),
(2308101, 207587, 'AHMAD RIPAI', 'TKJ', 'X TKJ 3', '2002', '101'),
(2309101, 207588, 'AJI PRASSETYO', 'TKJ', 'X TKJ 3', '2002', '101'),
(2310101, 207589, 'ALTHAF NUR ASEGAF', 'TKJ', 'X TKJ 3', '2002', '101'),
(2311101, 207590, 'ANANG RAMADHAN', 'TKJ', 'X TKJ 3', '2002', '101'),
(2312101, 207591, 'ANDI FIRMANSYAH', 'TKJ', 'X TKJ 3', '2002', '101'),
(2313101, 207609, 'Dewi Rizki Niluardani', 'TKJ', 'X TKJ 3', '2002', '101'),
(2314101, 207611, 'DIMAS BUDI RIYANTO', 'TKJ', 'X TKJ 3', '2002', '101'),
(2315101, 207613, 'DION MOHAMAD BARUNA', 'TKJ', 'X TKJ 3', '2002', '101'),
(2316101, 207616, 'DZAKY ZAHRAN', 'TKJ', 'X TKJ 3', '2002', '101'),
(2317101, 207617, 'EGA PRATAMA', 'TKJ', 'X TKJ 3', '2002', '101'),
(2318101, 207619, 'EKY FERDIANSYAH', 'TKJ', 'X TKJ 3', '2002', '101'),
(2319101, 207620, 'ERI PUTRA PRATAMA', 'TKJ', 'X TKJ 3', '2002', '101'),
(2320101, 207624, 'FAJAR DWI HARTADI', 'TKJ', 'X TKJ 3', '2002', '101'),
(2321101, 207627, 'FEBI DWI SULISTIADI', 'TKJ', 'X TKJ 3', '2002', '101'),
(2322101, 207631, 'GIANLUIGI FADHIL MUSTAQIM', 'TKJ', 'X TKJ 3', '2002', '101'),
(2323101, 207632, 'GILANG DIAN SAPUTRA', 'TKJ', 'X TKJ 3', '2002', '101'),
(2324101, 207633, 'GIN GIN', 'TKJ', 'X TKJ 3', '2002', '101'),
(2325101, 207635, 'HAQI MAULANA', 'TKJ', 'X TKJ 3', '2002', '101'),
(2326101, 207638, 'Hasrin Abdul Laji', 'TKJ', 'X TKJ 3', '2002', '101'),
(2327101, 207640, 'I MADE ANTONI', 'TKJ', 'X TKJ 3', '2002', '101'),
(2328101, 207641, 'IAN SAPUTRA', 'TKJ', 'X TKJ 3', '2002', '101'),
(2329101, 207643, 'JANUAR BAGUS WIBOWO', 'TKJ', 'X TKJ 3', '2002', '101'),
(2330101, 207646, 'KUKUH ANGGER MAHARGYO', 'TKJ', 'X TKJ 3', '2002', '101'),
(2331101, 207647, 'LAKSAMANA PUTRA', 'TKJ', 'X TKJ 3', '2002', '101'),
(2332101, 207654, 'MOH ALDI NIRWANSYAH', 'TKJ', 'X TKJ 3', '2002', '101'),
(2333101, 207652, 'MOHAMAD HARYONO', 'TKJ', 'X TKJ 3', '2002', '101'),
(2334101, 207655, 'MUHAMAD ALBAR ALAMSYAH', 'TKJ', 'X TKJ 3', '2002', '101'),
(2335101, 207657, 'MUHAMAD RYAN HARDIANSYAH', 'TKJ', 'X TKJ 3', '2002', '101'),
(2336101, 207649, 'MUHAMAD SABLIK MBIPI', 'TKJ', 'X TKJ 3', '2002', '101'),
(2337101, 207667, 'MUHAMMAD RAFLI', 'TKJ', 'X TKJ 3', '2002', '101'),
(2338101, 207670, 'Muhammad Tio', 'TKJ', 'X TKJ 3', '2002', '101'),
(2339101, 207673, 'NENDI', 'TKJ', 'X TKJ 3', '2002', '101'),
(2340101, 207675, 'NOVAL TRI HARYANTO', 'TKJ', 'X TKJ 3', '2002', '101'),
(2341101, 207680, 'RAFAEL MULIA ALFAHDI', 'TKJ', 'X TKJ 3', '2002', '101'),
(2342101, 207681, 'RAGIL PANGESTU', 'TKJ', 'X TKJ 3', '2002', '101'),
(2343101, 207685, 'RENDI SAPUTRA', 'TKJ', 'X TKJ 3', '2002', '101'),
(2344101, 207686, 'Reni Nuraeni', 'TKJ', 'X TKJ 3', '2002', '101'),
(2345101, 207701, 'TEGAR', 'TKJ', 'X TKJ 3', '2002', '101'),
(2346101, 207703, 'TRI PUTRA AFRIANSYAH', 'TKJ', 'X TKJ 3', '2002', '101'),
(2347101, 207705, 'WIDDIYA BAGUS ENDANG WINARYO', 'TKJ', 'X TKJ 3', '2002', '101'),
(2348101, 197336, 'ABDUL WAHID', 'AKL', 'XI AKL 1', '3003', '101'),
(2349101, 197337, 'ACHMAD IRFAN SHOLAHUDDIN', 'AKL', 'XI AKL 1', '3003', '101'),
(2350101, 197338, 'Agus Arbain Mahmud', 'AKL', 'XI AKL 1', '3003', '101'),
(2351101, 197340, 'ANGEL', 'AKL', 'XI AKL 1', '3003', '101'),
(2352101, 197341, 'ANTIKA SARI', 'AKL', 'XI AKL 1', '3003', '101'),
(2353101, 197343, 'Aulia Fitri', 'AKL', 'XI AKL 1', '3003', '101'),
(2354101, 197347, 'DEVI YULIANTI', 'AKL', 'XI AKL 1', '3003', '101'),
(2355101, 197348, 'DEWI NOPITA SARI', 'AKL', 'XI AKL 1', '3003', '101'),
(2356101, 197349, 'DEWI WULAN SARI', 'AKL', 'XI AKL 1', '3003', '101'),
(2357101, 197350, 'Diana Pungky', 'AKL', 'XI AKL 1', '3003', '101'),
(2358101, 197351, 'Diaz Adrian Praja', 'AKL', 'XI AKL 1', '3003', '101'),
(2359101, 197353, 'FITRI RAMADANI', 'AKL', 'XI AKL 1', '3003', '101'),
(2360101, 197354, 'INDRA', 'AKL', 'XI AKL 1', '3003', '101'),
(2361101, 197356, 'JELITA HANDIANI', 'AKL', 'XI AKL 1', '3003', '101'),
(2362101, 197358, 'Khairunisa Apriandini', 'AKL', 'XI AKL 1', '3003', '101'),
(2363101, 197359, 'LAILA AFRIYANTI', 'AKL', 'XI AKL 1', '3003', '101'),
(2364101, 197360, 'LAURA WANDA PUTRI', 'AKL', 'XI AKL 1', '3003', '101'),
(2365101, 197363, 'LISNAWATI', 'AKL', 'XI AKL 1', '3003', '101'),
(2366101, 197366, 'Marni', 'AKL', 'XI AKL 1', '3003', '101'),
(2367101, 197371, 'MICO RAMDANI SYAHRULTIAS', 'AKL', 'XI AKL 1', '3003', '101'),
(2368101, 197372, 'MUHAMMAD ARIF', 'AKL', 'XI AKL 1', '3003', '101'),
(2369101, 197376, 'MUHAMMAD RAFI', 'AKL', 'XI AKL 1', '3003', '101'),
(2370101, 197377, 'MUHAMMAD RIZKY', 'AKL', 'XI AKL 1', '3003', '101'),
(2371101, 197378, 'MUHHAMAD SATRIO', 'AKL', 'XI AKL 1', '3003', '101'),
(2372101, 197381, 'NG EK HOT', 'AKL', 'XI AKL 1', '3003', '101'),
(2373101, 197385, 'OKTAVIA NENGSIH', 'AKL', 'XI AKL 1', '3003', '101'),
(2374101, 197386, 'PEGGY FITRIANI NURDIN', 'AKL', 'XI AKL 1', '3003', '101'),
(2375101, 197387, 'PUTRI FEBRIANI', 'AKL', 'XI AKL 1', '3003', '101'),
(2376101, 197388, 'PUTRI MAISAROH', 'AKL', 'XI AKL 1', '3003', '101'),
(2377101, 197389, 'PUTRI MIRANTI', 'AKL', 'XI AKL 1', '3003', '101'),
(2378101, 197390, 'RICKO ADI SAPUTRA', 'AKL', 'XI AKL 1', '3003', '101'),
(2379101, 197391, 'RIKA TRI UTAMI', 'AKL', 'XI AKL 1', '3003', '101'),
(2380101, 197394, 'SELVYA ARYANTI', 'AKL', 'XI AKL 1', '3003', '101'),
(2381101, 197396, 'SHINTYA AULIA PUTRI NABILA', 'AKL', 'XI AKL 1', '3003', '101'),
(2382101, 197401, 'SITI NAZWATUN NISA', 'AKL', 'XI AKL 1', '3003', '101'),
(2383101, 197402, 'SITI NURIKA RAHIM', 'AKL', 'XI AKL 1', '3003', '101'),
(2384101, 197403, 'SITI SADIYAH', 'AKL', 'XI AKL 1', '3003', '101'),
(2385101, 197408, 'TRIYANA MUKTI', 'AKL', 'XI AKL 1', '3003', '101'),
(2386101, 197410, 'VENUS SINTYA RAHAYU', 'AKL', 'XI AKL 1', '3003', '101'),
(2387101, 197412, 'WIDYA MAHARANI WISNU PUTRI', 'AKL', 'XI AKL 1', '3003', '101'),
(2388101, 197414, 'YUSUF KURNIA', 'AKL', 'XI AKL 1', '3003', '101'),
(2389101, 197339, 'AKBAR KUSUMA WIJAYA', 'AKL', 'XI AKL 2', '3003', '101'),
(2390101, 197344, 'CHANDRA PUTRA DARMAWAN', 'AKL', 'XI AKL 2', '3003', '101'),
(2391101, 197345, 'DELA AMELIA DWI SAPUTRI', 'AKL', 'XI AKL 2', '3003', '101'),
(2392101, 197352, 'DWI LIA NOVITA', 'AKL', 'XI AKL 2', '3003', '101');
INSERT INTO `siswa` (`id_siswa`, `nis`, `nama_siswa`, `jurusan`, `kelas`, `group_kelas`, `tahun_ajaran`) VALUES
(2393101, 197355, 'INSANI METASARI', 'AKL', 'XI AKL 2', '3003', '101'),
(2394101, 197361, 'Lina Nofitasari', 'AKL', 'XI AKL 2', '3003', '101'),
(2395101, 197362, 'LINDA CHANIAGO', 'AKL', 'XI AKL 2', '3003', '101'),
(2396101, 197364, 'MAHARANI ANANDA PUTRI FIRDAUS', 'AKL', 'XI AKL 2', '3003', '101'),
(2397101, 197365, 'MARINI NUROHMA', 'AKL', 'XI AKL 2', '3003', '101'),
(2398101, 197368, 'MEGA AFIANI', 'AKL', 'XI AKL 2', '3003', '101'),
(2399101, 197369, 'MELDA', 'AKL', 'XI AKL 2', '3003', '101'),
(2400101, 197370, 'MELVINA FARADILLA', 'AKL', 'XI AKL 2', '3003', '101'),
(2401101, 197373, 'MUHAMAD HASBI ASHIDIQI', 'AKL', 'XI AKL 2', '3003', '101'),
(2402101, 197374, 'MUHAMMAD BAYU SANJAYA', 'AKL', 'XI AKL 2', '3003', '101'),
(2403101, 197375, 'MUHAMMAD FARHAN DWINANTO', 'AKL', 'XI AKL 2', '3003', '101'),
(2404101, 197379, 'NABILATUN ALFIAH', 'AKL', 'XI AKL 2', '3003', '101'),
(2405101, 197380, 'NELA DESTRIANA DEWI', 'AKL', 'XI AKL 2', '3003', '101'),
(2406101, 197382, 'NINA NURCAHYATI', 'AKL', 'XI AKL 2', '3003', '101'),
(2407101, 197383, 'NUR AHMAD KHAIRI', 'AKL', 'XI AKL 2', '3003', '101'),
(2408101, 197384, 'Nur Rohimah', 'AKL', 'XI AKL 2', '3003', '101'),
(2409101, 197392, 'Rinni Maspupah', 'AKL', 'XI AKL 2', '3003', '101'),
(2410101, 197393, 'RISMA KURNIAWATI', 'AKL', 'XI AKL 2', '3003', '101'),
(2411101, 197395, 'Seviana Eka Saputri', 'AKL', 'XI AKL 2', '3003', '101'),
(2412101, 197397, 'Sifa Nur Fauziah', 'AKL', 'XI AKL 2', '3003', '101'),
(2413101, 197398, 'SILVI ATNADINATA', 'AKL', 'XI AKL 2', '3003', '101'),
(2414101, 197399, 'SILVIA ANGGREANI', 'AKL', 'XI AKL 2', '3003', '101'),
(2415101, 197400, 'SITI HODIJAH', 'AKL', 'XI AKL 2', '3003', '101'),
(2416101, 197404, 'SOFIATUN NUFUS', 'AKL', 'XI AKL 2', '3003', '101'),
(2417101, 197405, 'SUCI NOVITA SARI', 'AKL', 'XI AKL 2', '3003', '101'),
(2418101, 197406, 'Suwanah', 'AKL', 'XI AKL 2', '3003', '101'),
(2419101, 197409, 'UUN NAFIA', 'AKL', 'XI AKL 2', '3003', '101'),
(2420101, 197411, 'VIVIT NUR INDASARI', 'AKL', 'XI AKL 2', '3003', '101'),
(2421101, 197413, 'WULAN NUR OKTAVIANI', 'AKL', 'XI AKL 2', '3003', '101'),
(2422101, 197415, 'ZERY HERMAWAN', 'AKL', 'XI AKL 2', '3003', '101'),
(2423101, 197416, 'ZILVI BADRI AULIAH', 'AKL', 'XI AKL 2', '3003', '101'),
(2424101, 197498, 'ABDULLAH NURHALIM', 'BDP', 'XI BDP 1', '3003', '101'),
(2425101, 197499, 'ABELIA AGUSTIN', 'BDP', 'XI BDP 1', '3003', '101'),
(2426101, 197503, 'AHMAD DENI', 'BDP', 'XI BDP 1', '3003', '101'),
(2427101, 197507, 'ANANDA BUDI SUSANTO', 'BDP', 'XI BDP 1', '3003', '101'),
(2428101, 197508, 'ARIEL OCTAREZA', 'BDP', 'XI BDP 1', '3003', '101'),
(2429101, 197509, 'ARIN DWI ALIANI', 'BDP', 'XI BDP 1', '3003', '101'),
(2430101, 197510, 'ARYA BAYU NUR ICHSAN', 'BDP', 'XI BDP 1', '3003', '101'),
(2431101, 197513, 'DANDI SAPUTRA', 'BDP', 'XI BDP 1', '3003', '101'),
(2432101, 197514, 'DEVI AVIELE', 'BDP', 'XI BDP 1', '3003', '101'),
(2433101, 197515, 'Devi Melia Utari', 'BDP', 'XI BDP 1', '3003', '101'),
(2434101, 197521, 'FITRI NURMAZIYAH', 'BDP', 'XI BDP 1', '3003', '101'),
(2435101, 197522, 'GUFRON AZIS', 'BDP', 'XI BDP 1', '3003', '101'),
(2436101, 197525, 'IWAN SANTOSO', 'BDP', 'XI BDP 1', '3003', '101'),
(2437101, 197526, 'Jessy Apriliani', 'BDP', 'XI BDP 1', '3003', '101'),
(2438101, 197530, 'M. Putra Erlangga', 'BDP', 'XI BDP 1', '3003', '101'),
(2439101, 197532, 'Marshel Mahendra', 'BDP', 'XI BDP 1', '3003', '101'),
(2440101, 197529, 'Mohammad Ikmal Maulana', 'BDP', 'XI BDP 1', '3003', '101'),
(2441101, 197534, 'MUHAMAD RIZKI', 'BDP', 'XI BDP 1', '3003', '101'),
(2442101, 197536, 'MUHAMMAD EQI SAPUTRA', 'BDP', 'XI BDP 1', '3003', '101'),
(2443101, 197533, 'MUHAMMAD KHAERUL BAHRI', 'BDP', 'XI BDP 1', '3003', '101'),
(2444101, 197542, 'Najwa Nur Kariem', 'BDP', 'XI BDP 1', '3003', '101'),
(2445101, 197543, 'Nilan Iriyanti', 'BDP', 'XI BDP 1', '3003', '101'),
(2446101, 197544, 'Noni Oktaviani', 'BDP', 'XI BDP 1', '3003', '101'),
(2447101, 197546, 'Pratama Zinedine Yazid Zidane', 'BDP', 'XI BDP 1', '3003', '101'),
(2448101, 197547, 'RAIHAN AHMAD ELIA', 'BDP', 'XI BDP 1', '3003', '101'),
(2449101, 197549, 'RAJA DIKA PRAYOGA', 'BDP', 'XI BDP 1', '3003', '101'),
(2450101, 197550, 'RAMSES GOZALI', 'BDP', 'XI BDP 1', '3003', '101'),
(2451101, 197551, 'RANGGA RAYA SAFAAT', 'BDP', 'XI BDP 1', '3003', '101'),
(2452101, 197553, 'REZA FIRMANSJAH', 'BDP', 'XI BDP 1', '3003', '101'),
(2453101, 197554, 'RIAN IRAWAN', 'BDP', 'XI BDP 1', '3003', '101'),
(2454101, 197559, 'RISMATU ZAHRA', 'BDP', 'XI BDP 1', '3003', '101'),
(2455101, 197569, 'TRIO ANDIKA', 'BDP', 'XI BDP 1', '3003', '101'),
(2456101, 197570, 'Verdi Putra Satria', 'BDP', 'XI BDP 1', '3003', '101'),
(2457101, 197572, 'WULAN CAHYANI', 'BDP', 'XI BDP 1', '3003', '101'),
(2458101, 197574, 'Yoga Dwi Prasetyo', 'BDP', 'XI BDP 1', '3003', '101'),
(2459101, 197576, 'Yunita Adetia Saputri', 'BDP', 'XI BDP 1', '3003', '101'),
(2460101, 197500, 'Achmad Alfie Sadan Widodo', 'BDP', 'XI BDP 2', '3003', '101'),
(2461101, 197501, 'ADI PUTRA', 'BDP', 'XI BDP 2', '3003', '101'),
(2462101, 197504, 'Aliyah Maisuni', 'BDP', 'XI BDP 2', '3003', '101'),
(2463101, 197505, 'ALYA SAFA KAMILA', 'BDP', 'XI BDP 2', '3003', '101'),
(2464101, 197506, 'AMALIA SYAMSIATI ALIFAH', 'BDP', 'XI BDP 2', '3003', '101'),
(2465101, 197511, 'Ayu Andriani', 'BDP', 'XI BDP 2', '3003', '101'),
(2466101, 197512, 'BAGAS SUKMO', 'BDP', 'XI BDP 2', '3003', '101'),
(2467101, 197518, 'FAIZAH PUTRI AULIA', 'BDP', 'XI BDP 2', '3003', '101'),
(2468101, 197519, 'FANDI SAPUTRA', 'BDP', 'XI BDP 2', '3003', '101'),
(2469101, 197520, 'FIORELLA RAISYA ERVANI', 'BDP', 'XI BDP 2', '3003', '101'),
(2470101, 197523, 'Habil Pratama', 'BDP', 'XI BDP 2', '3003', '101'),
(2471101, 197524, 'INDRA RUKMANA', 'BDP', 'XI BDP 2', '3003', '101'),
(2472101, 197527, 'JULAEHA', 'BDP', 'XI BDP 2', '3003', '101'),
(2473101, 197528, 'Kevin Afizeno', 'BDP', 'XI BDP 2', '3003', '101'),
(2474101, 197531, 'MAHESA GENTA SAKAWAYANA', 'BDP', 'XI BDP 2', '3003', '101'),
(2475101, 197535, 'MUHAMAD WILDAN RAMADHAN', 'BDP', 'XI BDP 2', '3003', '101'),
(2476101, 197537, 'MUHAMMAD FADIL', 'BDP', 'XI BDP 2', '3003', '101'),
(2477101, 197538, 'MUHAMMAD FARHAN MAULANA', 'BDP', 'XI BDP 2', '3003', '101'),
(2478101, 197539, 'MUHAMMAD JIHAR ADIB', 'BDP', 'XI BDP 2', '3003', '101'),
(2479101, 197545, 'Nur Rizkiyah', 'BDP', 'XI BDP 2', '3003', '101'),
(2480101, 197548, 'RAISAH NURUL AMIN', 'BDP', 'XI BDP 2', '3003', '101'),
(2481101, 197552, 'RAYNANDA DEWATA', 'BDP', 'XI BDP 2', '3003', '101'),
(2482101, 197555, 'RIDHO FIRMAN SYACH', 'BDP', 'XI BDP 2', '3003', '101'),
(2483101, 197556, 'Rifky Akbar Abdullah', 'BDP', 'XI BDP 2', '3003', '101'),
(2484101, 197557, 'RISKA', 'BDP', 'XI BDP 2', '3003', '101'),
(2485101, 197558, 'RISKA NURUL FADILAH', 'BDP', 'XI BDP 2', '3003', '101'),
(2486101, 197560, 'Rosa Widiya Amaliah', 'BDP', 'XI BDP 2', '3003', '101'),
(2487101, 197562, 'SAGDA MAHENDRA', 'BDP', 'XI BDP 2', '3003', '101'),
(2488101, 197563, 'SELBY AYU ALZAHRA', 'BDP', 'XI BDP 2', '3003', '101'),
(2489101, 197565, 'Silvia', 'BDP', 'XI BDP 2', '3003', '101'),
(2490101, 197566, 'SITI MAYANGSARI RAHMADANI', 'BDP', 'XI BDP 2', '3003', '101'),
(2491101, 197567, 'SITI NUR NABILLA', 'BDP', 'XI BDP 2', '3003', '101'),
(2492101, 197568, 'TEGAR SAPUTRA', 'BDP', 'XI BDP 2', '3003', '101'),
(2493101, 197407, 'Tommy Yuscandra', 'BDP', 'XI BDP 2', '3003', '101'),
(2494101, 197575, 'YULIANTI', 'BDP', 'XI BDP 2', '3003', '101'),
(2495101, 197577, 'ZAKI AKBAR WIJAYANTO', 'BDP', 'XI BDP 2', '3003', '101'),
(2496101, 197420, 'AMELIA OKTAVIANI', 'OTKP', 'XI OTKP 1', '3003', '101'),
(2497101, 197421, 'AMELIA SHADIYAH', 'OTKP', 'XI OTKP 1', '3003', '101'),
(2498101, 197422, 'ARDELIA SALSABILA', 'OTKP', 'XI OTKP 1', '3003', '101'),
(2499101, 197423, 'ARINI', 'OTKP', 'XI OTKP 1', '3003', '101'),
(2500101, 197424, 'Audi Valentina', 'OTKP', 'XI OTKP 1', '3003', '101'),
(2501101, 197425, 'AYU LESTARI', 'OTKP', 'XI OTKP 1', '3003', '101'),
(2502101, 197428, 'Dara Wardhani', 'OTKP', 'XI OTKP 1', '3003', '101'),
(2503101, 197429, 'DEDE ARUM SARI', 'OTKP', 'XI OTKP 1', '3003', '101'),
(2504101, 197430, 'DEVI NUR AFRILIA', 'OTKP', 'XI OTKP 1', '3003', '101'),
(2505101, 197432, 'DEWITA CAHYANI', 'OTKP', 'XI OTKP 1', '3003', '101'),
(2506101, 197435, 'DIAN PATRIANI', 'OTKP', 'XI OTKP 1', '3003', '101'),
(2507101, 197437, 'DINA NOVITA', 'OTKP', 'XI OTKP 1', '3003', '101'),
(2508101, 197438, 'Dinii Aditia Putri Lubis', 'OTKP', 'XI OTKP 1', '3003', '101'),
(2509101, 197440, 'EKA YULIA SARI', 'OTKP', 'XI OTKP 1', '3003', '101'),
(2510101, 197441, 'Ersanda Aprilia', 'OTKP', 'XI OTKP 1', '3003', '101'),
(2511101, 197442, 'FADIANA', 'OTKP', 'XI OTKP 1', '3003', '101'),
(2512101, 197444, 'ICHA RAHMA NOVITASARI', 'OTKP', 'XI OTKP 1', '3003', '101'),
(2513101, 197445, 'Ismi Syalina Hidayat', 'OTKP', 'XI OTKP 1', '3003', '101'),
(2514101, 197446, 'JESI HAFILLAH', 'OTKP', 'XI OTKP 1', '3003', '101'),
(2515101, 197447, 'JULIA LESTARI', 'OTKP', 'XI OTKP 1', '3003', '101'),
(2516101, 197449, 'KEKE NURKHOLIFAH', 'OTKP', 'XI OTKP 1', '3003', '101'),
(2517101, 197451, 'KOLIF MULYANI', 'OTKP', 'XI OTKP 1', '3003', '101'),
(2518101, 197452, 'LUVIYANTI', 'OTKP', 'XI OTKP 1', '3003', '101'),
(2519101, 197455, 'MARS WINDA AGUSTIN', 'OTKP', 'XI OTKP 1', '3003', '101'),
(2520101, 197456, 'Maulida Azkia', 'OTKP', 'XI OTKP 1', '3003', '101'),
(2521101, 197459, 'Mellida Devitasari', 'OTKP', 'XI OTKP 1', '3003', '101'),
(2522101, 197461, 'NADILA RISCHA HIDAYAT', 'OTKP', 'XI OTKP 1', '3003', '101'),
(2523101, 197464, 'NESSA APRILA ROSA', 'OTKP', 'XI OTKP 1', '3003', '101'),
(2524101, 197468, 'Oktaviana', 'OTKP', 'XI OTKP 1', '3003', '101'),
(2525101, 197469, 'PATRICIA OLIVIA BUBANE', 'OTKP', 'XI OTKP 1', '3003', '101'),
(2526101, 197472, 'Reza Thalia Salsabila', 'OTKP', 'XI OTKP 1', '3003', '101'),
(2527101, 197475, 'RISNA JUENDANG', 'OTKP', 'XI OTKP 1', '3003', '101'),
(2528101, 197477, 'Ros Setiawati', 'OTKP', 'XI OTKP 1', '3003', '101'),
(2529101, 197478, 'Rosyana Nurani', 'OTKP', 'XI OTKP 1', '3003', '101'),
(2530101, 197480, 'SASKIA ALIYA ZAHRA', 'OTKP', 'XI OTKP 1', '3003', '101'),
(2531101, 197482, 'SINTA ARYANA WENDARI', 'OTKP', 'XI OTKP 1', '3003', '101'),
(2532101, 197485, 'Supriyana', 'OTKP', 'XI OTKP 1', '3003', '101'),
(2533101, 197488, 'TIARA HENDITA PUTRI', 'OTKP', 'XI OTKP 1', '3003', '101'),
(2534101, 197491, 'VERONICA PATRICIA', 'OTKP', 'XI OTKP 1', '3003', '101'),
(2535101, 197493, 'WULAN SUCI FITRIANI', 'OTKP', 'XI OTKP 1', '3003', '101'),
(2536101, 197496, 'ZAHRA WAHYU TRIANDINI', 'OTKP', 'XI OTKP 1', '3003', '101'),
(2537101, 197417, 'AISYA YUNIARTI', 'OTKP', 'XI OTKP 2', '3003', '101'),
(2538101, 197418, 'ALMA ELENA RACHMAN', 'OTKP', 'XI OTKP 2', '3003', '101'),
(2539101, 197419, 'AMANDA SALSABILAH SAFITRI', 'OTKP', 'XI OTKP 2', '3003', '101'),
(2540101, 197426, 'BALQIS AULIA WIJAYA', 'OTKP', 'XI OTKP 2', '3003', '101'),
(2541101, 197427, 'Chika Maulida Dewi', 'OTKP', 'XI OTKP 2', '3003', '101'),
(2542101, 197431, 'DEVI RIANTI', 'OTKP', 'XI OTKP 2', '3003', '101'),
(2543101, 197433, 'Diah Ayu Krisna Dwi Putri', 'OTKP', 'XI OTKP 2', '3003', '101'),
(2544101, 197434, 'Dian Aprilliani', 'OTKP', 'XI OTKP 2', '3003', '101'),
(2545101, 197436, 'Dina Agustina', 'OTKP', 'XI OTKP 2', '3003', '101'),
(2546101, 197439, 'DIYAN RAHMAWATI', 'OTKP', 'XI OTKP 2', '3003', '101'),
(2547101, 197443, 'FUJA LISTY YANTI', 'OTKP', 'XI OTKP 2', '3003', '101'),
(2548101, 197448, 'KARINA PUTRI OXTAVIANI', 'OTKP', 'XI OTKP 2', '3003', '101'),
(2549101, 197450, 'KIKI FATIKA SYAHRANI', 'OTKP', 'XI OTKP 2', '3003', '101'),
(2550101, 197453, 'Maharani Syaidina Djulianti', 'OTKP', 'XI OTKP 2', '3003', '101'),
(2551101, 197454, 'MARLINA', 'OTKP', 'XI OTKP 2', '3003', '101'),
(2552101, 197457, 'Meilinda Felisyawati', 'OTKP', 'XI OTKP 2', '3003', '101'),
(2553101, 197458, 'MELINA NUR SAPITRI', 'OTKP', 'XI OTKP 2', '3003', '101'),
(2554101, 197460, 'MUNIAH', 'OTKP', 'XI OTKP 2', '3003', '101'),
(2555101, 197462, 'Nadya Putri', 'OTKP', 'XI OTKP 2', '3003', '101'),
(2556101, 197463, 'Nanda Jasika', 'OTKP', 'XI OTKP 2', '3003', '101'),
(2557101, 197465, 'Nisa Dwi Ramanda', 'OTKP', 'XI OTKP 2', '3003', '101'),
(2558101, 197467, 'NUR ASIDIAH', 'OTKP', 'XI OTKP 2', '3003', '101'),
(2559101, 197470, 'PIRANIH', 'OTKP', 'XI OTKP 2', '3003', '101'),
(2560101, 197471, 'Putri Widhi Astuti', 'OTKP', 'XI OTKP 2', '3003', '101'),
(2561101, 197473, 'RINI MARSITA', 'OTKP', 'XI OTKP 2', '3003', '101'),
(2562101, 197474, 'RISKA KHARISMA', 'OTKP', 'XI OTKP 2', '3003', '101'),
(2563101, 197476, 'RISNA PRIYANTI', 'OTKP', 'XI OTKP 2', '3003', '101'),
(2564101, 197479, 'RUNI RAHAYU', 'OTKP', 'XI OTKP 2', '3003', '101'),
(2565101, 197481, 'SHEVA HANDINI', 'OTKP', 'XI OTKP 2', '3003', '101'),
(2566101, 197483, 'SITI NURHALIZA ARDI', 'OTKP', 'XI OTKP 2', '3003', '101'),
(2567101, 197484, 'SUCI NABILAH KHAERUS', 'OTKP', 'XI OTKP 2', '3003', '101'),
(2568101, 197486, 'TANIA NUR ALFITRIANI', 'OTKP', 'XI OTKP 2', '3003', '101'),
(2569101, 197487, 'TIAH', 'OTKP', 'XI OTKP 2', '3003', '101'),
(2570101, 197489, 'Umairoh', 'OTKP', 'XI OTKP 2', '3003', '101'),
(2571101, 197490, 'VELINDA NUR AZIZAH', 'OTKP', 'XI OTKP 2', '3003', '101'),
(2572101, 197492, 'WAHYU KURNIAWATI', 'OTKP', 'XI OTKP 2', '3003', '101'),
(2573101, 197494, 'WULAN SUNINGSIH', 'OTKP', 'XI OTKP 2', '3003', '101'),
(2574101, 197495, 'YENTI HERAWATI', 'OTKP', 'XI OTKP 2', '3003', '101'),
(2575101, 197497, 'ZHILA SHOFA NAFSIAH', 'OTKP', 'XI OTKP 2', '3003', '101'),
(2576101, 197217, 'ABDURRAHMAN ASNADI', 'TKJ', 'XI TKJ 1', '4004', '101'),
(2577101, 197219, 'ADI NUR', 'TKJ', 'XI TKJ 1', '4004', '101'),
(2578101, 197221, 'Aditya Saputra', 'TKJ', 'XI TKJ 1', '4004', '101'),
(2579101, 197228, 'AIRA ANDI AHMAD', 'TKJ', 'XI TKJ 1', '4004', '101'),
(2580101, 197229, 'Alfadli Merdianta', 'TKJ', 'XI TKJ 1', '4004', '101'),
(2581101, 197238, 'Ariska Witri Astuti', 'TKJ', 'XI TKJ 1', '4004', '101'),
(2582101, 197241, 'DANI DARMAWAN', 'TKJ', 'XI TKJ 1', '4004', '101'),
(2583101, 197242, 'DANIEL PRADITYA', 'TKJ', 'XI TKJ 1', '4004', '101'),
(2584101, 197244, 'DHANNIS FARDINTA', 'TKJ', 'XI TKJ 1', '4004', '101'),
(2585101, 197246, 'DIMAS ADITIYA', 'TKJ', 'XI TKJ 1', '4004', '101'),
(2586101, 197255, 'FARID IHWATUL MUSLIMIN', 'TKJ', 'XI TKJ 1', '4004', '101'),
(2587101, 197256, 'FAUZI', 'TKJ', 'XI TKJ 1', '4004', '101'),
(2588101, 197260, 'Haryanto', 'TKJ', 'XI TKJ 1', '4004', '101'),
(2589101, 197261, 'HERI SETYAWAN', 'TKJ', 'XI TKJ 1', '4004', '101'),
(2590101, 197263, 'IDHAM RAHMAN', 'TKJ', 'XI TKJ 1', '4004', '101'),
(2591101, 197264, 'Idris Fadila', 'TKJ', 'XI TKJ 1', '4004', '101'),
(2592101, 197269, 'M. JAENI SAPUTRA', 'TKJ', 'XI TKJ 1', '4004', '101'),
(2593101, 197273, 'MARTIN', 'TKJ', 'XI TKJ 1', '4004', '101'),
(2594101, 197275, 'MOHAMAD ARDIANSYAH RIZKI DERMAWAN', 'TKJ', 'XI TKJ 1', '4004', '101'),
(2595101, 197287, 'Muhamad Jazuli Oktafio', 'TKJ', 'XI TKJ 1', '4004', '101'),
(2596101, 197279, 'MUHAMAT REVA RIZKI SAPUTRA', 'TKJ', 'XI TKJ 1', '4004', '101'),
(2597101, 197282, 'Muhammad Agus Triardi', 'TKJ', 'XI TKJ 1', '4004', '101'),
(2598101, 197290, 'Muhammad Rafli', 'TKJ', 'XI TKJ 1', '4004', '101'),
(2599101, 197291, 'MUHAMMAD RUSYDI MURTADHO', 'TKJ', 'XI TKJ 1', '4004', '101'),
(2600101, 197294, 'Nana Maolana', 'TKJ', 'XI TKJ 1', '4004', '101'),
(2601101, 197295, 'Nanda Arga Raditya', 'TKJ', 'XI TKJ 1', '4004', '101'),
(2602101, 197299, 'NUR OKKY BINTANG SAPUTRA', 'TKJ', 'XI TKJ 1', '4004', '101'),
(2603101, 197304, 'RENDI PEBRIANSYAH', 'TKJ', 'XI TKJ 1', '4004', '101'),
(2604101, 197306, 'Rico Prianto', 'TKJ', 'XI TKJ 1', '4004', '101'),
(2605101, 197313, 'RIVALDY IRAWAN', 'TKJ', 'XI TKJ 1', '4004', '101'),
(2606101, 197314, 'Rizki Dwi Hapijar', 'TKJ', 'XI TKJ 1', '4004', '101'),
(2607101, 197315, 'RIZKI HARI NUGROHO', 'TKJ', 'XI TKJ 1', '4004', '101'),
(2608101, 197316, 'ROBBY ANDRIANSYAH', 'TKJ', 'XI TKJ 1', '4004', '101'),
(2609101, 197323, 'TAUFIK LERA', 'TKJ', 'XI TKJ 1', '4004', '101'),
(2610101, 197324, 'TENGKU ARYA SAPUTRA', 'TKJ', 'XI TKJ 1', '4004', '101'),
(2611101, 197332, 'WISNU HANDOKO', 'TKJ', 'XI TKJ 1', '4004', '101'),
(2612101, 197216, 'AANWAR', 'TKJ', 'XI TKJ 2', '4004', '101'),
(2613101, 197218, 'ABDULLAH PATHUR RACHMAN', 'TKJ', 'XI TKJ 2', '4004', '101'),
(2614101, 197220, 'ADITYA DHARMA', 'TKJ', 'XI TKJ 2', '4004', '101'),
(2615101, 197222, 'ADITYA SAPUTRA', 'TKJ', 'XI TKJ 2', '4004', '101'),
(2616101, 197225, 'Agil Mubaroq', 'TKJ', 'XI TKJ 2', '4004', '101'),
(2617101, 197226, 'AHMAD MAULANA', 'TKJ', 'XI TKJ 2', '4004', '101'),
(2618101, 197231, 'ANDI KOSASIH', 'TKJ', 'XI TKJ 2', '4004', '101'),
(2619101, 197233, 'Andriyansah', 'TKJ', 'XI TKJ 2', '4004', '101'),
(2620101, 197235, 'APRIALDI SAPUTRA WIJAYA', 'TKJ', 'XI TKJ 2', '4004', '101'),
(2621101, 197240, 'BIMA BAYU SAMUDRA', 'TKJ', 'XI TKJ 2', '4004', '101'),
(2622101, 197248, 'EGAN BAGUS REHANDIKA ALDA RAKHANTA', 'TKJ', 'XI TKJ 2', '4004', '101'),
(2623101, 197249, 'EKA DHANI', 'TKJ', 'XI TKJ 2', '4004', '101'),
(2624101, 197251, 'ENDAH HERNIATI', 'TKJ', 'XI TKJ 2', '4004', '101'),
(2625101, 197252, 'FACHRUL BINTANG IMZAD', 'TKJ', 'XI TKJ 2', '4004', '101'),
(2626101, 197253, 'FAHREZI JANUAR RISKI', 'TKJ', 'XI TKJ 2', '4004', '101'),
(2627101, 197258, 'HAFIZ NUR ARIF', 'TKJ', 'XI TKJ 2', '4004', '101'),
(2628101, 197259, 'Hanan Febri Awanda', 'TKJ', 'XI TKJ 2', '4004', '101'),
(2629101, 197262, 'Ibnu Adam', 'TKJ', 'XI TKJ 2', '4004', '101'),
(2630101, 197268, 'KHAIRAN MAULANA', 'TKJ', 'XI TKJ 2', '4004', '101'),
(2631101, 197270, 'M. RESA FAHLEVIH ADITYA PUTRA', 'TKJ', 'XI TKJ 2', '4004', '101'),
(2632101, 197272, 'M.FREDY ARDIANSYAH', 'TKJ', 'XI TKJ 2', '4004', '101'),
(2633101, 197274, 'MAULANA RAFI PRASETYO', 'TKJ', 'XI TKJ 2', '4004', '101'),
(2634101, 197276, 'Muhamad Ariyanzah', 'TKJ', 'XI TKJ 2', '4004', '101'),
(2635101, 197278, 'MUHAMAD RIDWAN', 'TKJ', 'XI TKJ 2', '4004', '101'),
(2636101, 197284, 'MUHAMMAD FAHREZA DZULHIJJAH', 'TKJ', 'XI TKJ 2', '4004', '101'),
(2637101, 197285, 'MUHAMMAD FERDIANSYAH', 'TKJ', 'XI TKJ 2', '4004', '101'),
(2638101, 197293, 'Muhammad Ilham', 'TKJ', 'XI TKJ 2', '4004', '101'),
(2639101, 197288, 'MUHAMMAD MUKHTI ABIMANYU', 'TKJ', 'XI TKJ 2', '4004', '101'),
(2640101, 197280, 'MUHAMMAD RUHDIN', 'TKJ', 'XI TKJ 2', '4004', '101'),
(2641101, 197292, 'MUHAMMAD UBAIDILLAH', 'TKJ', 'XI TKJ 2', '4004', '101'),
(2642101, 197302, 'RAHMAT HADI WIJAYA', 'TKJ', 'XI TKJ 2', '4004', '101'),
(2643101, 197300, 'RAKA PRABOWO', 'TKJ', 'XI TKJ 2', '4004', '101'),
(2644101, 197301, 'RAMA HERDIANSYAH', 'TKJ', 'XI TKJ 2', '4004', '101'),
(2645101, 197308, 'RIDWAN PRATAMA', 'TKJ', 'XI TKJ 2', '4004', '101'),
(2646101, 197310, 'Rijik Mulana Yusup', 'TKJ', 'XI TKJ 2', '4004', '101'),
(2647101, 197312, 'RIVAL SAPUTRA', 'TKJ', 'XI TKJ 2', '4004', '101'),
(2648101, 197320, 'SEFI SEPTIANA', 'TKJ', 'XI TKJ 2', '4004', '101'),
(2649101, 197321, 'Siti Nur Kholipah', 'TKJ', 'XI TKJ 2', '4004', '101'),
(2650101, 197325, 'TYO SAPUTRA', 'TKJ', 'XI TKJ 2', '4004', '101'),
(2651101, 197223, 'ADITYA SAPUTRA', 'TKJ', 'XI TKJ 3', '4004', '101'),
(2652101, 197224, 'ADNAN BUKHARI', 'TKJ', 'XI TKJ 3', '4004', '101'),
(2653101, 197227, 'AHMAT SOFBRI', 'TKJ', 'XI TKJ 3', '4004', '101'),
(2654101, 197230, 'Amaika Rachman', 'TKJ', 'XI TKJ 3', '4004', '101'),
(2655101, 197232, 'ANDREAN SAPUTRA', 'TKJ', 'XI TKJ 3', '4004', '101'),
(2656101, 197234, 'Apriadi', 'TKJ', 'XI TKJ 3', '4004', '101'),
(2657101, 197236, 'Ardi Muayad', 'TKJ', 'XI TKJ 3', '4004', '101'),
(2658101, 197237, 'ARIF DWI SAPUTRA', 'TKJ', 'XI TKJ 3', '4004', '101'),
(2659101, 197243, 'DESTA RAHMA NOVIANI', 'TKJ', 'XI TKJ 3', '4004', '101'),
(2660101, 197245, 'DIKKY PANGESTU', 'TKJ', 'XI TKJ 3', '4004', '101'),
(2661101, 197247, 'DODI PRAMUJA', 'TKJ', 'XI TKJ 3', '4004', '101'),
(2662101, 197250, 'ELGA BUDI PURNOMO', 'TKJ', 'XI TKJ 3', '4004', '101'),
(2663101, 197257, 'FAUZY GUNAWAN', 'TKJ', 'XI TKJ 3', '4004', '101'),
(2664101, 197265, 'IKLAS GUSTI PANGESTU', 'TKJ', 'XI TKJ 3', '4004', '101'),
(2665101, 197266, 'ILHAM RAMADHAN', 'TKJ', 'XI TKJ 3', '4004', '101'),
(2666101, 197277, 'MUHAMAD IMAM MAHDI', 'TKJ', 'XI TKJ 3', '4004', '101'),
(2667101, 197281, 'MUHAMMAD ADAM SEPTIAWAN', 'TKJ', 'XI TKJ 3', '4004', '101'),
(2668101, 197283, 'MUHAMMAD BINTANG', 'TKJ', 'XI TKJ 3', '4004', '101'),
(2669101, 197286, 'MUHAMMAD FIKRI GINASTIAR', 'TKJ', 'XI TKJ 3', '4004', '101'),
(2670101, 197289, 'MUHAMMAD NUR IKHSAN', 'TKJ', 'XI TKJ 3', '4004', '101'),
(2671101, 197297, 'NIKO SAPUTRA', 'TKJ', 'XI TKJ 3', '4004', '101'),
(2672101, 197298, 'NOVA YULIANTO', 'TKJ', 'XI TKJ 3', '4004', '101'),
(2673101, 197303, 'REGA ALDO NURCAHYONO', 'TKJ', 'XI TKJ 3', '4004', '101'),
(2674101, 197305, 'REZZA ADITYA PRATAMA', 'TKJ', 'XI TKJ 3', '4004', '101'),
(2675101, 197309, 'Rifkyan Syah', 'TKJ', 'XI TKJ 3', '4004', '101'),
(2676101, 197311, 'RISKY ALFIAN', 'TKJ', 'XI TKJ 3', '4004', '101'),
(2677101, 197319, 'SATRIA PAMUNGKAS', 'TKJ', 'XI TKJ 3', '4004', '101'),
(2678101, 197326, 'Vaizudin', 'TKJ', 'XI TKJ 3', '4004', '101'),
(2679101, 197327, 'Virlya Aulia Rohmah', 'TKJ', 'XI TKJ 3', '4004', '101'),
(2680101, 197328, 'Wafa Fauzan Jamil', 'TKJ', 'XI TKJ 3', '4004', '101'),
(2681101, 197329, 'WAHYU', 'TKJ', 'XI TKJ 3', '4004', '101'),
(2682101, 197330, 'WILLIAM WIJAYA PHANG', 'TKJ', 'XI TKJ 3', '4004', '101'),
(2683101, 197331, 'WILLY RAFIANSYAH', 'TKJ', 'XI TKJ 3', '4004', '101'),
(2684101, 197333, 'YANUAR BUDI PRATAMA', 'TKJ', 'XI TKJ 3', '4004', '101'),
(2685101, 197334, 'YORIKO OKTAVIANUS MAMARODIA', 'TKJ', 'XI TKJ 3', '4004', '101'),
(2686101, 197335, 'ZOKROTUN NIDA', 'TKJ', 'XI TKJ 3', '4004', '101'),
(2687101, 186822, 'AFIFAH ZAHRA', 'AKL', 'XII AKL 1', '5005', '101'),
(2688101, 186823, 'AGUS SAYUTI', 'AKL', 'XII AKL 1', '5005', '101'),
(2689101, 186824, 'AHMAD ERLANGGA SAHPUTRA', 'AKL', 'XII AKL 1', '5005', '101'),
(2690101, 186826, 'ALVIANSYAH BUDI PRATAMA', 'AKL', 'XII AKL 1', '5005', '101'),
(2691101, 186827, 'ANANDA DESTI MAHARANI', 'AKL', 'XII AKL 1', '5005', '101'),
(2692101, 186835, 'DELIA AYU FITRIANI', 'AKL', 'XII AKL 1', '5005', '101'),
(2693101, 186838, 'DEVIANA DAMAYANTI', 'AKL', 'XII AKL 1', '5005', '101'),
(2694101, 186839, 'DEWI RATNANINGSIH', 'AKL', 'XII AKL 1', '5005', '101'),
(2695101, 186840, 'DINANTY SANDRA BAHAR', 'AKL', 'XII AKL 1', '5005', '101'),
(2696101, 186842, 'EKA HUNAFA', 'AKL', 'XII AKL 1', '5005', '101'),
(2697101, 186843, 'EPI HERAWATI', 'AKL', 'XII AKL 1', '5005', '101'),
(2698101, 186844, 'ERIKA MAULITA', 'AKL', 'XII AKL 1', '5005', '101'),
(2699101, 186849, 'FITRI ANDRIYANI PUTRI', 'AKL', 'XII AKL 1', '5005', '101'),
(2700101, 186851, 'FRANSISKA DWI YULIA', 'AKL', 'XII AKL 1', '5005', '101'),
(2701101, 186852, 'GHAIB SAMUDRA ALAM SEMESTA', 'AKL', 'XII AKL 1', '5005', '101'),
(2702101, 186853, 'IFAN ALI ROMADHON', 'AKL', 'XII AKL 1', '5005', '101'),
(2703101, 186854, 'ILHAM MANZIS', 'AKL', 'XII AKL 1', '5005', '101'),
(2704101, 186860, 'LISA DIA DAMAYANTI', 'AKL', 'XII AKL 1', '5005', '101'),
(2705101, 186861, 'MARISA SONATA', 'AKL', 'XII AKL 1', '5005', '101'),
(2706101, 186862, 'MUHAMMAD ALVIAN RIZKY', 'AKL', 'XII AKL 1', '5005', '101'),
(2707101, 186866, 'NADIVA DHEA PUSPITA', 'AKL', 'XII AKL 1', '5005', '101'),
(2708101, 186869, 'NIMATUL AWWALIYA AZZAHRA', 'AKL', 'XII AKL 1', '5005', '101'),
(2709101, 186871, 'NURUL ASHITA', 'AKL', 'XII AKL 1', '5005', '101'),
(2710101, 186873, 'PUTRI ANGGITA SARI', 'AKL', 'XII AKL 1', '5005', '101'),
(2711101, 186874, 'PUTRI INDAH ROSYANTI', 'AKL', 'XII AKL 1', '5005', '101'),
(2712101, 186877, 'RAYHAN FERDIAN', 'AKL', 'XII AKL 1', '5005', '101'),
(2713101, 186878, 'REFI APRIYANI', 'AKL', 'XII AKL 1', '5005', '101'),
(2714101, 186883, 'RISA SETIAWATI', 'AKL', 'XII AKL 1', '5005', '101'),
(2715101, 186885, 'RIZKY SETIAWAN', 'AKL', 'XII AKL 1', '5005', '101'),
(2716101, 186886, 'ROKANA SYIFAIYAH', 'AKL', 'XII AKL 1', '5005', '101'),
(2717101, 186887, 'SABRINA PUTRI', 'AKL', 'XII AKL 1', '5005', '101'),
(2718101, 186890, 'SEPINA', 'AKL', 'XII AKL 1', '5005', '101'),
(2719101, 186892, 'SITI ALAWIYYAH', 'AKL', 'XII AKL 1', '5005', '101'),
(2720101, 186893, 'SITI AMELIA', 'AKL', 'XII AKL 1', '5005', '101'),
(2721101, 186894, 'SRI WAHYUNI', 'AKL', 'XII AKL 1', '5005', '101'),
(2722101, 186895, 'SUKMO BUDIANGGORO', 'AKL', 'XII AKL 1', '5005', '101'),
(2723101, 186896, 'SYAHRUL FATHUR ROYAN', 'AKL', 'XII AKL 1', '5005', '101'),
(2724101, 186897, 'Syahrul Rafliyansyah', 'AKL', 'XII AKL 1', '5005', '101'),
(2725101, 186900, 'TEGAR AFFANDI', 'AKL', 'XII AKL 1', '5005', '101'),
(2726101, 186906, 'WULAN CAHYA NINGRUM', 'AKL', 'XII AKL 1', '5005', '101'),
(2727101, 186820, 'ADINDA RAMADHONA', 'AKL', 'XII AKL 2', '5005', '101'),
(2728101, 186821, 'ADINDA RIZKE JULIA', 'AKL', 'XII AKL 2', '5005', '101'),
(2729101, 186825, 'AHMAD RIO', 'AKL', 'XII AKL 2', '5005', '101'),
(2730101, 186828, 'ANISA PUJIASTUTI', 'AKL', 'XII AKL 2', '5005', '101'),
(2731101, 186829, 'APRIAL BAHRIANSYAH', 'AKL', 'XII AKL 2', '5005', '101'),
(2732101, 186830, 'ARSYDIO RIZKY ANDRIATNA', 'AKL', 'XII AKL 2', '5005', '101'),
(2733101, 186832, 'AUDI ALDIANSIH', 'AKL', 'XII AKL 2', '5005', '101'),
(2734101, 186831, 'AUDRY SYAHPUTRI', 'AKL', 'XII AKL 2', '5005', '101'),
(2735101, 186833, 'DAHLIA GITA SAFITRI', 'AKL', 'XII AKL 2', '5005', '101'),
(2736101, 186836, 'DEVI INDRIYANI', 'AKL', 'XII AKL 2', '5005', '101'),
(2737101, 186837, 'DEVI PURNAMA SARI', 'AKL', 'XII AKL 2', '5005', '101'),
(2738101, 186841, 'DITA SEPTIANA', 'AKL', 'XII AKL 2', '5005', '101'),
(2739101, 186846, 'FARADILLAH AYU LARASATI', 'AKL', 'XII AKL 2', '5005', '101'),
(2740101, 186847, 'FEBY NADIA SARI', 'AKL', 'XII AKL 2', '5005', '101'),
(2741101, 186850, 'FITRI DEVIANTI', 'AKL', 'XII AKL 2', '5005', '101'),
(2742101, 186855, 'ILHAM NUR DIANSYAH', 'AKL', 'XII AKL 2', '5005', '101'),
(2743101, 186856, 'INDAYATI', 'AKL', 'XII AKL 2', '5005', '101'),
(2744101, 186857, 'INDRA MAULANA', 'AKL', 'XII AKL 2', '5005', '101'),
(2745101, 186858, 'KHAILA ALIFIA DEWI', 'AKL', 'XII AKL 2', '5005', '101'),
(2746101, 186859, 'LAELY DWI PATRIA IKKA', 'AKL', 'XII AKL 2', '5005', '101'),
(2747101, 186863, 'MUHAMMAD SAIPULLOH', 'AKL', 'XII AKL 2', '5005', '101'),
(2748101, 186864, 'MUHAMMAD SURYA PADLY', 'AKL', 'XII AKL 2', '5005', '101'),
(2749101, 186865, 'MUJI IRWANTO', 'AKL', 'XII AKL 2', '5005', '101'),
(2750101, 186867, 'NANDA ANDRIANI', 'AKL', 'XII AKL 2', '5005', '101'),
(2751101, 186870, 'NOVI AMELIA PUTRI', 'AKL', 'XII AKL 2', '5005', '101'),
(2752101, 186875, 'PUTRI YUNIARTI DEWI', 'AKL', 'XII AKL 2', '5005', '101'),
(2753101, 186879, 'RICCI IRAWAN', 'AKL', 'XII AKL 2', '5005', '101'),
(2754101, 186880, 'RIFANI YUMULTRI', 'AKL', 'XII AKL 2', '5005', '101'),
(2755101, 186881, 'Rika Wulandari', 'AKL', 'XII AKL 2', '5005', '101'),
(2756101, 186882, 'RIKE NUR SAFITRI', 'AKL', 'XII AKL 2', '5005', '101'),
(2757101, 186884, 'RIYANA', 'AKL', 'XII AKL 2', '5005', '101'),
(2758101, 187210, 'RIZKA AYU NUNGGRAENI', 'AKL', 'XII AKL 2', '5005', '101'),
(2759101, 186888, 'SANDY PUTRA SETIAWAN', 'AKL', 'XII AKL 2', '5005', '101'),
(2760101, 186891, 'SEPTIA MAHARANI', 'AKL', 'XII AKL 2', '5005', '101'),
(2761101, 186898, 'SYAIF FIKRI ALFARIZI', 'AKL', 'XII AKL 2', '5005', '101'),
(2762101, 186899, 'SYELVI NURUL AINI', 'AKL', 'XII AKL 2', '5005', '101'),
(2763101, 186902, 'TRI FAUZI SOEKARNO PUTRA', 'AKL', 'XII AKL 2', '5005', '101'),
(2764101, 186903, 'TRIANA', 'AKL', 'XII AKL 2', '5005', '101'),
(2765101, 186904, 'TRIANI', 'AKL', 'XII AKL 2', '5005', '101'),
(2766101, 186905, 'Wahyu Alamsyah', 'AKL', 'XII AKL 2', '5005', '101'),
(2767101, 186997, 'ADE ARIYANTO', 'BDP', 'XII BDP 1', '5005', '101'),
(2768101, 186998, 'ADITYA GHOFUR ALIM', 'BDP', 'XII BDP 1', '5005', '101'),
(2769101, 187004, 'ANNISA ARYANI RAMADHANI', 'BDP', 'XII BDP 1', '5005', '101'),
(2770101, 187006, 'ARSYA MANDAHURI', 'BDP', 'XII BDP 1', '5005', '101'),
(2771101, 187010, 'BERTHA AMANDA PUTRI', 'BDP', 'XII BDP 1', '5005', '101'),
(2772101, 187012, 'DEFAL SULYA', 'BDP', 'XII BDP 1', '5005', '101'),
(2773101, 187013, 'DELLA FEBRIYANTI', 'BDP', 'XII BDP 1', '5005', '101'),
(2774101, 187019, 'FADHLI HAYKAL AZHMI', 'BDP', 'XII BDP 1', '5005', '101'),
(2775101, 187020, 'FADLI SETIAWAN RAMADHAN', 'BDP', 'XII BDP 1', '5005', '101'),
(2776101, 187024, 'FIKI REZA MAESA PUTRA', 'BDP', 'XII BDP 1', '5005', '101'),
(2777101, 187026, 'HALIM SYAEPUDIN', 'BDP', 'XII BDP 1', '5005', '101'),
(2778101, 187027, 'HANIEKA ZAKARIA PUTRI', 'BDP', 'XII BDP 1', '5005', '101'),
(2779101, 187029, 'ILHAM SAPUTRA', 'BDP', 'XII BDP 1', '5005', '101'),
(2780101, 187030, 'Indira Riski', 'BDP', 'XII BDP 1', '5005', '101'),
(2781101, 187032, 'INTAN PERMATA SARI', 'BDP', 'XII BDP 1', '5005', '101'),
(2782101, 187036, 'LIDIYA URLIA SARI', 'BDP', 'XII BDP 1', '5005', '101'),
(2783101, 187037, 'M. ERIK FIDIANTO', 'BDP', 'XII BDP 1', '5005', '101'),
(2784101, 187047, 'MUHAMAD IRPAN', 'BDP', 'XII BDP 1', '5005', '101'),
(2785101, 187049, 'MUHAMAD TAUFIK ILHAM', 'BDP', 'XII BDP 1', '5005', '101'),
(2786101, 187042, 'MUHAMAD ZHIDANE PUTRA NIFANO', 'BDP', 'XII BDP 1', '5005', '101'),
(2787101, 187048, 'MUHAMMAD RIAN ANDRIANSYAH', 'BDP', 'XII BDP 1', '5005', '101'),
(2788101, 187050, 'MUHAMMAD YASIN', 'BDP', 'XII BDP 1', '5005', '101'),
(2789101, 187051, 'NABIB ROHUL AHMADA', 'BDP', 'XII BDP 1', '5005', '101'),
(2790101, 187052, 'NABIILAH AUDIANSYAH', 'BDP', 'XII BDP 1', '5005', '101'),
(2791101, 187053, 'NADILA LINTANG SARI', 'BDP', 'XII BDP 1', '5005', '101'),
(2792101, 187054, 'NANDA FITRIA', 'BDP', 'XII BDP 1', '5005', '101'),
(2793101, 187055, 'NANDAR ROMADONI', 'BDP', 'XII BDP 1', '5005', '101'),
(2794101, 187056, 'Naswiti', 'BDP', 'XII BDP 1', '5005', '101'),
(2795101, 187214, 'PURNAMASARI', 'BDP', 'XII BDP 1', '5005', '101'),
(2796101, 187060, 'PUTRA MINANDA', 'BDP', 'XII BDP 1', '5005', '101'),
(2797101, 187061, 'RAFI CHESTA ADABI', 'BDP', 'XII BDP 1', '5005', '101'),
(2798101, 187064, 'REGITA OLIA ANGGRAYANI', 'BDP', 'XII BDP 1', '5005', '101'),
(2799101, 187066, 'RICKY NUGROHO', 'BDP', 'XII BDP 1', '5005', '101'),
(2800101, 187067, 'RIFQI RAMADHAN', 'BDP', 'XII BDP 1', '5005', '101'),
(2801101, 187212, 'RIJAL', 'BDP', 'XII BDP 1', '5005', '101'),
(2802101, 187069, 'RIZAL PRATAMA PUTRA', 'BDP', 'XII BDP 1', '5005', '101'),
(2803101, 187070, 'RIZKY JULIANTO', 'BDP', 'XII BDP 1', '5005', '101'),
(2804101, 187211, 'WAHYU', 'BDP', 'XII BDP 1', '5005', '101'),
(2805101, 186996, 'ACHMAD KHOZIN', 'BDP', 'XII BDP 2', '5005', '101'),
(2806101, 187001, 'AMILDA NOPASARI', 'BDP', 'XII BDP 2', '5005', '101'),
(2807101, 187002, 'ANDRI ARDIANSYAH', 'BDP', 'XII BDP 2', '5005', '101'),
(2808101, 187003, 'ANDRI PURNIAWAN', 'BDP', 'XII BDP 2', '5005', '101'),
(2809101, 187005, 'ANNISA FAJRI YANTI', 'BDP', 'XII BDP 2', '5005', '101'),
(2810101, 187008, 'BAGAS DWIYANTO', 'BDP', 'XII BDP 2', '5005', '101'),
(2811101, 187009, 'BARRIANSYAH RAMADHAN', 'BDP', 'XII BDP 2', '5005', '101'),
(2812101, 187011, 'DAFFA MUHAMMAD SYARIP', 'BDP', 'XII BDP 2', '5005', '101'),
(2813101, 187014, 'DHEAJENG NOOR AZIZAH', 'BDP', 'XII BDP 2', '5005', '101'),
(2814101, 187015, 'DIAN LESTARI', 'BDP', 'XII BDP 2', '5005', '101'),
(2815101, 187017, 'EKA SEFTIAN', 'BDP', 'XII BDP 2', '5005', '101'),
(2816101, 187018, 'ENES ROSIANA', 'BDP', 'XII BDP 2', '5005', '101'),
(2817101, 187021, 'FAUZAN HUDAYATULLAH', 'BDP', 'XII BDP 2', '5005', '101'),
(2818101, 187022, 'FAUZIA SALMA HANIFAH', 'BDP', 'XII BDP 2', '5005', '101'),
(2819101, 187028, 'HEGI YULIO', 'BDP', 'XII BDP 2', '5005', '101'),
(2820101, 187033, 'IRENE NOPTIA ANINDITA', 'BDP', 'XII BDP 2', '5005', '101'),
(2821101, 187034, 'IVONNE LISDIANA', 'BDP', 'XII BDP 2', '5005', '101'),
(2822101, 187035, 'KENDI PRIATNO', 'BDP', 'XII BDP 2', '5005', '101'),
(2823101, 187038, 'MELVIS PERMANA', 'BDP', 'XII BDP 2', '5005', '101'),
(2824101, 187039, 'MOH. NOVAL SAIPULLOH', 'BDP', 'XII BDP 2', '5005', '101'),
(2825101, 187040, 'MOHAMMAD SODIK', 'BDP', 'XII BDP 2', '5005', '101'),
(2826101, 187041, 'MOHAMMAD VIQY ADRIAN', 'BDP', 'XII BDP 2', '5005', '101'),
(2827101, 187043, 'MUHAMAT SATRIO CAHYADI', 'BDP', 'XII BDP 2', '5005', '101'),
(2828101, 187044, 'MUHAMMAD ERLANGGA', 'BDP', 'XII BDP 2', '5005', '101'),
(2829101, 187046, 'Muhammad Iqbal Maulana', 'BDP', 'XII BDP 2', '5005', '101'),
(2830101, 187057, 'NURHALIM', 'BDP', 'XII BDP 2', '5005', '101'),
(2831101, 187058, 'PREMADI PRATAMA', 'BDP', 'XII BDP 2', '5005', '101'),
(2832101, 187059, 'PURWA AJI SEPTIANA', 'BDP', 'XII BDP 2', '5005', '101'),
(2833101, 187062, 'RAFLI ANANDA ANDY RIVAI', 'BDP', 'XII BDP 2', '5005', '101'),
(2834101, 187063, 'RAHMANIA ISNAINI', 'BDP', 'XII BDP 2', '5005', '101'),
(2835101, 187068, 'RIO BAGASKARA', 'BDP', 'XII BDP 2', '5005', '101'),
(2836101, 187072, 'SEPTISANI MARYANI', 'BDP', 'XII BDP 2', '5005', '101'),
(2837101, 187073, 'SIGIT ARYANTO', 'BDP', 'XII BDP 2', '5005', '101'),
(2838101, 187074, 'SITI MAISAROH', 'BDP', 'XII BDP 2', '5005', '101'),
(2839101, 187075, 'Umiyati', 'BDP', 'XII BDP 2', '5005', '101'),
(2840101, 187076, 'VIVIE NOVIYANA PUTRI', 'BDP', 'XII BDP 2', '5005', '101'),
(2841101, 187077, 'WAHYU SETIABUDI', 'BDP', 'XII BDP 2', '5005', '101'),
(2842101, 186909, 'AMELIA ROHAENI', 'OTKP', 'XII OTKP 1', '5005', '101'),
(2843101, 186910, 'ANGGI SURYANI', 'OTKP', 'XII OTKP 1', '5005', '101'),
(2844101, 186911, 'Annisa Oktaviani', 'OTKP', 'XII OTKP 1', '5005', '101'),
(2845101, 186912, 'ARTIKA DIVA TIANA', 'OTKP', 'XII OTKP 1', '5005', '101'),
(2846101, 186913, 'AULIA PUTRI', 'OTKP', 'XII OTKP 1', '5005', '101'),
(2847101, 186915, 'BELLA NURFARIDA', 'OTKP', 'XII OTKP 1', '5005', '101'),
(2848101, 186917, 'CRISTINA', 'OTKP', 'XII OTKP 1', '5005', '101'),
(2849101, 186918, 'DAMAYANTI', 'OTKP', 'XII OTKP 1', '5005', '101'),
(2850101, 186919, 'DELLA AMANDA FITRIANI', 'OTKP', 'XII OTKP 1', '5005', '101'),
(2851101, 186920, 'DELLARAS PUTRI HERMAWATI', 'OTKP', 'XII OTKP 1', '5005', '101'),
(2852101, 186921, 'DESVITA AULIA WULAN', 'OTKP', 'XII OTKP 1', '5005', '101'),
(2853101, 186922, 'DHEA PARAMITA SUHANDI', 'OTKP', 'XII OTKP 1', '5005', '101'),
(2854101, 186923, 'DIAN PUSPITA SARI', 'OTKP', 'XII OTKP 1', '5005', '101'),
(2855101, 186924, 'DINA FATHIMATUZ ZAHRO', 'OTKP', 'XII OTKP 1', '5005', '101'),
(2856101, 186925, 'DWI YUNIARTI', 'OTKP', 'XII OTKP 1', '5005', '101'),
(2857101, 186926, 'EKA JULIANTI', 'OTKP', 'XII OTKP 1', '5005', '101'),
(2858101, 186928, 'ERFINA FIRDANI', 'OTKP', 'XII OTKP 1', '5005', '101'),
(2859101, 186929, 'ERIN WERDIANINGSIH', 'OTKP', 'XII OTKP 1', '5005', '101'),
(2860101, 186932, 'FITRI PURNAMASARI', 'OTKP', 'XII OTKP 1', '5005', '101'),
(2861101, 186934, 'GANIS RISKA SUKESIH', 'OTKP', 'XII OTKP 1', '5005', '101'),
(2862101, 186936, 'Helen Estepani', 'OTKP', 'XII OTKP 1', '5005', '101'),
(2863101, 186937, 'INDAH OCTAVIANI', 'OTKP', 'XII OTKP 1', '5005', '101'),
(2864101, 186938, 'INTAN MUHARROMAH', 'OTKP', 'XII OTKP 1', '5005', '101'),
(2865101, 186940, 'Juhri Permata Septiani', 'OTKP', 'XII OTKP 1', '5005', '101'),
(2866101, 186942, 'LUSI FEBRIANI', 'OTKP', 'XII OTKP 1', '5005', '101'),
(2867101, 186945, 'MELINDA NOVITASARI', 'OTKP', 'XII OTKP 1', '5005', '101'),
(2868101, 186946, 'MELLYANTI KIRANI', 'OTKP', 'XII OTKP 1', '5005', '101'),
(2869101, 186947, 'NABILA SHOBRIYAH', 'OTKP', 'XII OTKP 1', '5005', '101'),
(2870101, 186949, 'NAILAH WAFA KAMILAH', 'OTKP', 'XII OTKP 1', '5005', '101'),
(2871101, 186950, 'NIKEN AYU LESTARI', 'OTKP', 'XII OTKP 1', '5005', '101'),
(2872101, 186953, 'NURAFNI SETIAWANTI', 'OTKP', 'XII OTKP 1', '5005', '101'),
(2873101, 186954, 'NURISKA PUJAYANTI', 'OTKP', 'XII OTKP 1', '5005', '101'),
(2874101, 186955, 'NURUL MAI SAROH', 'OTKP', 'XII OTKP 1', '5005', '101'),
(2875101, 186958, 'PUTRI RAHMADANI', 'OTKP', 'XII OTKP 1', '5005', '101'),
(2876101, 186959, 'Putri Salsabila', 'OTKP', 'XII OTKP 1', '5005', '101'),
(2877101, 186964, 'RAHMAWATI', 'OTKP', 'XII OTKP 1', '5005', '101'),
(2878101, 186965, 'RANI', 'OTKP', 'XII OTKP 1', '5005', '101'),
(2879101, 186967, 'RIFDA SALSABIL', 'OTKP', 'XII OTKP 1', '5005', '101'),
(2880101, 186977, 'SELVI DIANA', 'OTKP', 'XII OTKP 1', '5005', '101'),
(2881101, 186983, 'SYAHARANI BAHRI PUTRI', 'OTKP', 'XII OTKP 1', '5005', '101'),
(2882101, 186984, 'TIA PERTIWI', 'OTKP', 'XII OTKP 1', '5005', '101'),
(2883101, 186989, 'WIDI ASTUTIK', 'OTKP', 'XII OTKP 1', '5005', '101'),
(2884101, 186808, 'AMANDA RERE BACHTIAR', 'OTKP', 'XII OTKP 2', '5005', '101'),
(2885101, 186914, 'AYU NING TYAS PUTRI', 'OTKP', 'XII OTKP 2', '5005', '101'),
(2886101, 186927, 'EKA ROSANTI', 'OTKP', 'XII OTKP 2', '5005', '101'),
(2887101, 186930, 'EVA HERAWATI', 'OTKP', 'XII OTKP 2', '5005', '101'),
(2888101, 186957, 'FEBIE PEBRIYANI', 'OTKP', 'XII OTKP 2', '5005', '101'),
(2889101, 186935, 'HABIBAH FITRIANI TOSI', 'OTKP', 'XII OTKP 2', '5005', '101'),
(2890101, 186939, 'Ira Syahrin', 'OTKP', 'XII OTKP 2', '5005', '101'),
(2891101, 186941, 'KHOIRUN NISA', 'OTKP', 'XII OTKP 2', '5005', '101'),
(2892101, 186943, 'MARINDA SALSA BILA', 'OTKP', 'XII OTKP 2', '5005', '101'),
(2893101, 186944, 'MAYA DAMAYANTI', 'OTKP', 'XII OTKP 2', '5005', '101'),
(2894101, 186948, 'NADYA RAHMA', 'OTKP', 'XII OTKP 2', '5005', '101'),
(2895101, 186951, 'Niken Sriyuliana', 'OTKP', 'XII OTKP 2', '5005', '101'),
(2896101, 186952, 'Nofitasari Asmiyati', 'OTKP', 'XII OTKP 2', '5005', '101'),
(2897101, 186960, 'PUTRI SEKAR HESTI', 'OTKP', 'XII OTKP 2', '5005', '101'),
(2898101, 186961, 'PUTRI WINDASARI', 'OTKP', 'XII OTKP 2', '5005', '101'),
(2899101, 186962, 'RAHMA AINI SHOLEHAH', 'OTKP', 'XII OTKP 2', '5005', '101'),
(2900101, 186963, 'RAHMA NOVIA PUTRI', 'OTKP', 'XII OTKP 2', '5005', '101'),
(2901101, 186966, 'RIA ANGGRAENI', 'OTKP', 'XII OTKP 2', '5005', '101'),
(2902101, 186968, 'RINI RAHMAWATI', 'OTKP', 'XII OTKP 2', '5005', '101'),
(2903101, 186969, 'Sabina Aulia Putri', 'OTKP', 'XII OTKP 2', '5005', '101'),
(2904101, 186970, 'SABRINA MAULIDA KUSUMA', 'OTKP', 'XII OTKP 2', '5005', '101'),
(2905101, 186971, 'SAFAATUL MUSLIMAH', 'OTKP', 'XII OTKP 2', '5005', '101'),
(2906101, 189672, 'SAFIRA PUTRI NABILLA PRAYUGA', 'OTKP', 'XII OTKP 2', '5005', '101'),
(2907101, 186974, 'SALSABILA ISNAINI PUTRI', 'OTKP', 'XII OTKP 2', '5005', '101'),
(2908101, 186973, 'SALSABILLA ANNISA', 'OTKP', 'XII OTKP 2', '5005', '101'),
(2909101, 186975, 'SAPNAH FITRIYANI', 'OTKP', 'XII OTKP 2', '5005', '101'),
(2910101, 186976, 'SELMA PUTRI SARI', 'OTKP', 'XII OTKP 2', '5005', '101'),
(2911101, 186978, 'SELVI UBEDILAH', 'OTKP', 'XII OTKP 2', '5005', '101'),
(2912101, 186979, 'SEPTI WIDIASTUTI', 'OTKP', 'XII OTKP 2', '5005', '101'),
(2913101, 186980, 'SHILFIA NUR FEBRIYANI', 'OTKP', 'XII OTKP 2', '5005', '101'),
(2914101, 186981, 'SITI DEWI SAPITRI', 'OTKP', 'XII OTKP 2', '5005', '101'),
(2915101, 187213, 'TARISA CASWINDI', 'OTKP', 'XII OTKP 2', '5005', '101'),
(2916101, 186985, 'VERONICA MURDIANTI', 'OTKP', 'XII OTKP 2', '5005', '101'),
(2917101, 186986, 'VINA NUR AISYAH', 'OTKP', 'XII OTKP 2', '5005', '101'),
(2918101, 186987, 'WAHYUNI', 'OTKP', 'XII OTKP 2', '5005', '101'),
(2919101, 186988, 'WANDA EKA PRADEVI', 'OTKP', 'XII OTKP 2', '5005', '101'),
(2920101, 186990, 'Widya Hertiningsih', 'OTKP', 'XII OTKP 2', '5005', '101'),
(2921101, 186992, 'WINDI SAKIRA', 'OTKP', 'XII OTKP 2', '5005', '101'),
(2922101, 186991, 'WINDY OKTAPIA', 'OTKP', 'XII OTKP 2', '5005', '101'),
(2923101, 186993, 'YASINTA IKA PRAMESTI', 'OTKP', 'XII OTKP 2', '5005', '101'),
(2924101, 186994, 'YOYOH SURYANTI', 'OTKP', 'XII OTKP 2', '5005', '101'),
(2925101, 187079, 'ABDUL ROIS DZULQARNAIN', 'TKJ', 'XII TKJ 1', '6006', '101'),
(2926101, 187082, 'ADITIYA SURYA PRAYOGA', 'TKJ', 'XII TKJ 1', '6006', '101'),
(2927101, 187081, 'ADITYA FERDINAND', 'TKJ', 'XII TKJ 1', '6006', '101'),
(2928101, 187083, 'ADRIAN GUNAWAN', 'TKJ', 'XII TKJ 1', '6006', '101'),
(2929101, 187084, 'ADYTYA MAULANA YUSUF', 'TKJ', 'XII TKJ 1', '6006', '101'),
(2930101, 187085, 'AHMAD ARDIKA', 'TKJ', 'XII TKJ 1', '6006', '101'),
(2931101, 187104, 'BIMA BUDIMULIA', 'TKJ', 'XII TKJ 1', '6006', '101'),
(2932101, 187106, 'DESI KHOMISATUL FITRI', 'TKJ', 'XII TKJ 1', '6006', '101'),
(2933101, 187107, 'DHARMA GUNAWAN', 'TKJ', 'XII TKJ 1', '6006', '101'),
(2934101, 187113, 'ELY FAUZIAH', 'TKJ', 'XII TKJ 1', '6006', '101'),
(2935101, 187114, 'FAQIH BAIHAKI', 'TKJ', 'XII TKJ 1', '6006', '101'),
(2936101, 187115, 'FEBRIANTO AJI ANDIKA', 'TKJ', 'XII TKJ 1', '6006', '101'),
(2937101, 187116, 'FIQRY FERDINAN NURHIDAYAT', 'TKJ', 'XII TKJ 1', '6006', '101'),
(2938101, 187118, 'GANANG DWI SAJIWO', 'TKJ', 'XII TKJ 1', '6006', '101'),
(2939101, 187119, 'GARY GARCIA', 'TKJ', 'XII TKJ 1', '6006', '101'),
(2940101, 187120, 'GAVIN SEAN SULIVAN', 'TKJ', 'XII TKJ 1', '6006', '101'),
(2941101, 187121, 'Ghalih Perwira Hutama', 'TKJ', 'XII TKJ 1', '6006', '101'),
(2942101, 187122, 'GILANG FAJAR RAMADHAN', 'TKJ', 'XII TKJ 1', '6006', '101'),
(2943101, 187143, 'MALVINO FAIZ RADITYA', 'TKJ', 'XII TKJ 1', '6006', '101'),
(2944101, 187148, 'MOCHAMAD BIMA', 'TKJ', 'XII TKJ 1', '6006', '101'),
(2945101, 187145, 'Muhamad Arip', 'TKJ', 'XII TKJ 1', '6006', '101'),
(2946101, 187151, 'MUHAMAD FARID', 'TKJ', 'XII TKJ 1', '6006', '101'),
(2947101, 187149, 'MUHAMMAD ELZA SYAH FAHLEVY', 'TKJ', 'XII TKJ 1', '6006', '101'),
(2948101, 187150, 'MUHAMMAD FACHRUL ZEIN', 'TKJ', 'XII TKJ 1', '6006', '101'),
(2949101, 187153, 'MUHAMMAD FATIH BUDIONO', 'TKJ', 'XII TKJ 1', '6006', '101'),
(2950101, 187154, 'MUHAMMAD FIKRI HADI PERMANA', 'TKJ', 'XII TKJ 1', '6006', '101'),
(2951101, 187155, 'MUHAMMAD FIQRI AWALUDIN', 'TKJ', 'XII TKJ 1', '6006', '101'),
(2952101, 187172, 'NAUFAL HIDAYAT', 'TKJ', 'XII TKJ 1', '6006', '101'),
(2953101, 187175, 'PUTU YOGA ADIPRATAMA', 'TKJ', 'XII TKJ 1', '6006', '101'),
(2954101, 187180, 'RENDY NASRIANTO', 'TKJ', 'XII TKJ 1', '6006', '101'),
(2955101, 187182, 'RIDHO GILANG PRATAMA', 'TKJ', 'XII TKJ 1', '6006', '101'),
(2956101, 187183, 'RIDO RIZKI SAPUTRA', 'TKJ', 'XII TKJ 1', '6006', '101'),
(2957101, 187184, 'Rido Setiawan', 'TKJ', 'XII TKJ 1', '6006', '101'),
(2958101, 187185, 'RIDZUAN OKTAVIAN SUSANTO', 'TKJ', 'XII TKJ 1', '6006', '101'),
(2959101, 187187, 'RIKHO SAHPUTRA', 'TKJ', 'XII TKJ 1', '6006', '101'),
(2960101, 187188, 'RIO JERYANSYAH', 'TKJ', 'XII TKJ 1', '6006', '101'),
(2961101, 187189, 'RIO KARISMA', 'TKJ', 'XII TKJ 1', '6006', '101'),
(2962101, 187190, 'RISQY DARMAWAN', 'TKJ', 'XII TKJ 1', '6006', '101'),
(2963101, 187191, 'RIZIEQ CHANDRA RIVALQI', 'TKJ', 'XII TKJ 1', '6006', '101'),
(2964101, 187197, 'SANDI JOANDRA', 'TKJ', 'XII TKJ 1', '6006', '101'),
(2965101, 187202, 'VERA ANGGRAENI', 'TKJ', 'XII TKJ 1', '6006', '101'),
(2966101, 187086, 'AHMAD DAEROJI', 'TKJ', 'XII TKJ 2', '6006', '101'),
(2967101, 187087, 'AHMAD ILHAM JAELANI', 'TKJ', 'XII TKJ 2', '6006', '101'),
(2968101, 187088, 'AHMAD RAMDANI', 'TKJ', 'XII TKJ 2', '6006', '101'),
(2969101, 187089, 'AHMAD SAHAL MAHFUD', 'TKJ', 'XII TKJ 2', '6006', '101'),
(2970101, 187090, 'AKBAR HANDOYO', 'TKJ', 'XII TKJ 2', '6006', '101'),
(2971101, 187091, 'ALDI AL VRYANDI', 'TKJ', 'XII TKJ 2', '6006', '101'),
(2972101, 187092, 'ALDI DARMAWAN', 'TKJ', 'XII TKJ 2', '6006', '101'),
(2973101, 187103, 'BAYU INDRA PRATAMA', 'TKJ', 'XII TKJ 2', '6006', '101'),
(2974101, 187108, 'DHENI RAMADHAN', 'TKJ', 'XII TKJ 2', '6006', '101'),
(2975101, 187117, 'GALIH GUNAWAN', 'TKJ', 'XII TKJ 2', '6006', '101'),
(2976101, 187123, 'GUNTUR', 'TKJ', 'XII TKJ 2', '6006', '101'),
(2977101, 187124, 'GUS MAULANA', 'TKJ', 'XII TKJ 2', '6006', '101'),
(2978101, 187125, 'GYANT LUHMA WIRA YUDHA', 'TKJ', 'XII TKJ 2', '6006', '101'),
(2979101, 187126, 'HADIS HANDIKA HAYA', 'TKJ', 'XII TKJ 2', '6006', '101'),
(2980101, 187127, 'HESTY NURAINI', 'TKJ', 'XII TKJ 2', '6006', '101'),
(2981101, 187128, 'IKMAL IHSAN FADILLAH', 'TKJ', 'XII TKJ 2', '6006', '101'),
(2982101, 187129, 'ILBI NURFAHRI', 'TKJ', 'XII TKJ 2', '6006', '101'),
(2983101, 187130, 'IQBAL FIRMANSYAH', 'TKJ', 'XII TKJ 2', '6006', '101'),
(2984101, 187132, 'IRMA NIRMALASARI', 'TKJ', 'XII TKJ 2', '6006', '101'),
(2985101, 187140, 'Lefiansya', 'TKJ', 'XII TKJ 2', '6006', '101'),
(2986101, 187156, 'Muchamad Iqbal Gimastian', 'TKJ', 'XII TKJ 2', '6006', '101'),
(2987101, 187160, 'MUHAMAD RAFDI AL WAFI', 'TKJ', 'XII TKJ 2', '6006', '101'),
(2988101, 187167, 'MUHAMAD RIDHO MAULANA', 'TKJ', 'XII TKJ 2', '6006', '101'),
(2989101, 187157, 'MUHAMMAD JERRY AL MIRAJ', 'TKJ', 'XII TKJ 2', '6006', '101'),
(2990101, 187158, 'MUHAMMAD MALIKI IVAN FADILLAH', 'TKJ', 'XII TKJ 2', '6006', '101'),
(2991101, 187161, 'MUHAMMAD RAFI FERDIAZ', 'TKJ', 'XII TKJ 2', '6006', '101'),
(2992101, 187162, 'MUHAMMAD RAFLI', 'TKJ', 'XII TKJ 2', '6006', '101'),
(2993101, 187163, 'MUHAMMAD RAIHAN', 'TKJ', 'XII TKJ 2', '6006', '101'),
(2994101, 187165, 'MUHAMMAD RENDI', 'TKJ', 'XII TKJ 2', '6006', '101'),
(2995101, 187166, 'MUHAMMAD REZA PRATAMA', 'TKJ', 'XII TKJ 2', '6006', '101'),
(2996101, 187178, 'RAFLIANDY PAKSY RAHARJO', 'TKJ', 'XII TKJ 2', '6006', '101'),
(2997101, 187192, 'RIZKI SURYANTO', 'TKJ', 'XII TKJ 2', '6006', '101'),
(2998101, 187193, 'RIZKY ADE IRAWAN', 'TKJ', 'XII TKJ 2', '6006', '101'),
(2999101, 187194, 'SAHRUL ANWAR', 'TKJ', 'XII TKJ 2', '6006', '101'),
(3000101, 187195, 'SALMAN AL BANA', 'TKJ', 'XII TKJ 2', '6006', '101'),
(3001101, 187196, 'SALSABILA PUTRI', 'TKJ', 'XII TKJ 2', '6006', '101'),
(3002101, 187198, 'SONI ALFIAN', 'TKJ', 'XII TKJ 2', '6006', '101'),
(3003101, 187200, 'TEGUH ADITIYO NUGROHO', 'TKJ', 'XII TKJ 2', '6006', '101'),
(3004101, 187201, 'TRI FANDI JUNIOR', 'TKJ', 'XII TKJ 2', '6006', '101'),
(3005101, 187203, 'VICKY ARDIANSYAH', 'TKJ', 'XII TKJ 2', '6006', '101'),
(3006101, 187204, 'WAHYU ANGGARA PUTRA', 'TKJ', 'XII TKJ 2', '6006', '101'),
(3007101, 187093, 'AMIR', 'TKJ', 'XII TKJ 3', '6006', '101'),
(3008101, 187094, 'ANDIKA AGASTA', 'TKJ', 'XII TKJ 3', '6006', '101'),
(3009101, 187095, 'ANDJAS SETIAWAN', 'TKJ', 'XII TKJ 3', '6006', '101'),
(3010101, 187096, 'ANDRE', 'TKJ', 'XII TKJ 3', '6006', '101'),
(3011101, 187097, 'ANDREAN MERDIANSAH', 'TKJ', 'XII TKJ 3', '6006', '101'),
(3012101, 187098, 'ANDRI WIDIYATMOKO', 'TKJ', 'XII TKJ 3', '6006', '101'),
(3013101, 187099, 'ANDY SAPUTRA', 'TKJ', 'XII TKJ 3', '6006', '101'),
(3014101, 187100, 'APIN SAPUTRA WIJAYA', 'TKJ', 'XII TKJ 3', '6006', '101'),
(3015101, 187101, 'BAGUS SETO', 'TKJ', 'XII TKJ 3', '6006', '101'),
(3016101, 187109, 'DICKY SATYA EKAPRAMUNDA', 'TKJ', 'XII TKJ 3', '6006', '101'),
(3017101, 187110, 'DIMAS PERMANA', 'TKJ', 'XII TKJ 3', '6006', '101'),
(3018101, 187112, 'ELANG AGUSTIAN SAPUTRA', 'TKJ', 'XII TKJ 3', '6006', '101'),
(3019101, 187134, 'JONASDA', 'TKJ', 'XII TKJ 3', '6006', '101'),
(3020101, 187135, 'KEINDRAN ALVIANO ARUDHISKARA', 'TKJ', 'XII TKJ 3', '6006', '101'),
(3021101, 187136, 'KHOLIFAH ADAWIYAH', 'TKJ', 'XII TKJ 3', '6006', '101'),
(3022101, 187137, 'KHRISNA WAHYU SATRIA', 'TKJ', 'XII TKJ 3', '6006', '101'),
(3023101, 187138, 'KRISNA WAHYU PRATAMA', 'TKJ', 'XII TKJ 3', '6006', '101'),
(3024101, 187139, 'KURNIA AR RAHMAN', 'TKJ', 'XII TKJ 3', '6006', '101'),
(3025101, 187141, 'Lukman Bahri', 'TKJ', 'XII TKJ 3', '6006', '101'),
(3026101, 187142, 'MADE KUSUMA WARDHANI', 'TKJ', 'XII TKJ 3', '6006', '101'),
(3027101, 187171, 'MUHAMAD ZIDAN ALDIANSYAH', 'TKJ', 'XII TKJ 3', '6006', '101'),
(3028101, 187144, 'MUHAMMAD AKBAR ARIF', 'TKJ', 'XII TKJ 3', '6006', '101'),
(3029101, 187146, 'MUHAMMAD ARIQ ATHALLAH', 'TKJ', 'XII TKJ 3', '6006', '101'),
(3030101, 187147, 'Muhammad Bayu Saputra', 'TKJ', 'XII TKJ 3', '6006', '101'),
(3031101, 187164, 'MUHAMMAD RAIHAN', 'TKJ', 'XII TKJ 3', '6006', '101'),
(3032101, 187168, 'MUHAMMAD RIZKY AULIA', 'TKJ', 'XII TKJ 3', '6006', '101'),
(3033101, 187169, 'MUHAMMAD SAUQI ILHAM', 'TKJ', 'XII TKJ 3', '6006', '101'),
(3034101, 187170, 'MUHAMMAD YUSRIL IZZA SAPUTRA', 'TKJ', 'XII TKJ 3', '6006', '101'),
(3035101, 187173, 'NAVIZUL AL HAFIDZ DZIKRIN', 'TKJ', 'XII TKJ 3', '6006', '101'),
(3036101, 187174, 'OKTARIVANI', 'TKJ', 'XII TKJ 3', '6006', '101'),
(3037101, 187176, 'Raffi Aprishal', 'TKJ', 'XII TKJ 3', '6006', '101'),
(3038101, 187177, 'RAFIF SYARI HIDAYAH', 'TKJ', 'XII TKJ 3', '6006', '101'),
(3039101, 187179, 'RENDI WIJAYA', 'TKJ', 'XII TKJ 3', '6006', '101'),
(3040101, 187181, 'REVANZA IQBAL HAKIM', 'TKJ', 'XII TKJ 3', '6006', '101'),
(3041101, 187186, 'RIFAN NIUS ARRAHMAN', 'TKJ', 'XII TKJ 3', '6006', '101'),
(3042101, 187199, 'TAUFIK HIDAYAT', 'TKJ', 'XII TKJ 3', '6006', '101'),
(3043101, 187205, 'WANDA AYU WARDHANI', 'TKJ', 'XII TKJ 3', '6006', '101'),
(3044101, 187207, 'YOHAN CAHYADI', 'TKJ', 'XII TKJ 3', '6006', '101'),
(3045101, 187208, 'YOSHA SATRIA', 'TKJ', 'XII TKJ 3', '6006', '101'),
(3046101, 187209, 'YUSUF ADITYAS PRATAMA', 'TKJ', 'XII TKJ 3', '6006', '101'),
(3047303, 303229, 'AGUS SALIM', 'AKL', 'X AKL 1', '1001', '303'),
(3048303, 303230, 'AMILLIA RUSDYANTO', 'AKL', 'X AKL 1', '1001', '303'),
(3049303, 303231, 'AWALLUDIN RAHMAN', 'AKL', 'X AKL 1', '1001', '303'),
(3050303, 303232, 'AYU EKA LESTARI', 'AKL', 'X AKL 1', '1001', '303'),
(3051303, 303233, 'BRILIAN DENISTIO', 'AKL', 'X AKL 1', '1001', '303'),
(3052303, 303234, 'CANAYYA AZKA NOVERA', 'AKL', 'X AKL 1', '1001', '303'),
(3053303, 303235, 'CLARISA NATA NIA', 'AKL', 'X AKL 1', '1001', '303'),
(3054303, 303236, 'DAHLYA', 'AKL', 'X AKL 1', '1001', '303'),
(3055303, 303237, 'DANIEL FERDINAN', 'AKL', 'X AKL 1', '1001', '303'),
(3056303, 303238, 'DESTA NUR SETIAWAN PRATAMA', 'AKL', 'X AKL 1', '1001', '303'),
(3057303, 303239, 'DESVIANTI ANANDA', 'AKL', 'X AKL 1', '1001', '303'),
(3058303, 303240, 'DZULFIKAR', 'AKL', 'X AKL 1', '1001', '303'),
(3059303, 303241, 'EFATHA APRELIA ZAI', 'AKL', 'X AKL 1', '1001', '303'),
(3060303, 303242, 'ERRICA MERLIAN HIDAYAT', 'AKL', 'X AKL 1', '1001', '303'),
(3061303, 303243, 'FAHRAN ABIMANYU', 'AKL', 'X AKL 1', '1001', '303'),
(3062303, 303244, 'HANUNG MAHARANI', 'AKL', 'X AKL 1', '1001', '303'),
(3063303, 303245, 'INAYAH SALSABILAH ', 'AKL', 'X AKL 1', '1001', '303'),
(3064303, 303246, 'IQBAL NUL IKHWAN', 'AKL', 'X AKL 1', '1001', '303'),
(3065303, 303247, 'JULIAN ALFIUS ', 'AKL', 'X AKL 1', '1001', '303'),
(3066303, 303248, 'JULIUS CHRISTIAN HUTABARAT', 'AKL', 'X AKL 1', '1001', '303'),
(3067303, 303249, 'KINANTI AULIA', 'AKL', 'X AKL 1', '1001', '303'),
(3068303, 303250, 'LEHA', 'AKL', 'X AKL 1', '1001', '303'),
(3069303, 303251, 'MARDIANA', 'AKL', 'X AKL 1', '1001', '303'),
(3070303, 303252, 'MEDITA LESTARI SUKMA', 'AKL', 'X AKL 1', '1001', '303'),
(3071303, 303253, 'MELI MERLIYANTI', 'AKL', 'X AKL 1', '1001', '303'),
(3072303, 303254, 'MONICA SARI DEVI', 'AKL', 'X AKL 1', '1001', '303'),
(3073303, 303255, 'NABIL RAMDANI', 'AKL', 'X AKL 1', '1001', '303'),
(3074303, 303256, 'NABILA PUTRI WINANTO', 'AKL', 'X AKL 1', '1001', '303'),
(3075303, 303257, 'NAJLA KEYRA TANTRI', 'AKL', 'X AKL 1', '1001', '303'),
(3076303, 303258, 'NANDA ARYA PUTRA', 'AKL', 'X AKL 1', '1001', '303'),
(3077303, 303259, 'NAURA LUTFIAH RAHMADINA', 'AKL', 'X AKL 1', '1001', '303'),
(3078303, 303260, 'PURWANTI', 'AKL', 'X AKL 1', '1001', '303'),
(3079303, 303261, 'RAFI DWI FEBIAN', 'AKL', 'X AKL 1', '1001', '303'),
(3080303, 303262, 'RATU SAILA SIMA', 'AKL', 'X AKL 1', '1001', '303'),
(3081303, 303263, 'RENZEL RESIA SUSMANA', 'AKL', 'X AKL 1', '1001', '303'),
(3082303, 303264, 'RIVALDI HOERUDIN', 'AKL', 'X AKL 1', '1001', '303'),
(3083303, 303265, 'RIZKY ALFIAN', 'AKL', 'X AKL 1', '1001', '303'),
(3084303, 303266, 'SELA AMALIAH', 'AKL', 'X AKL 1', '1001', '303'),
(3085303, 303267, 'SHOLEH MARWIDIKA', 'AKL', 'X AKL 1', '1001', '303');
INSERT INTO `siswa` (`id_siswa`, `nis`, `nama_siswa`, `jurusan`, `kelas`, `group_kelas`, `tahun_ajaran`) VALUES
(3086303, 303268, 'TASYA MARIMBI', 'AKL', 'X AKL 1', '1001', '303'),
(3087303, 303269, 'TATIA NUR APRIYANI', 'AKL', 'X AKL 1', '1001', '303'),
(3088303, 303270, 'TILAR MIFTAKHUL JANAH', 'AKL', 'X AKL 1', '1001', '303'),
(3089303, 303271, 'VINA KHOERUN NISA', 'AKL', 'X AKL 1', '1001', '303'),
(3090303, 303272, 'YARA FATHIA ARDANY', 'AKL', 'X AKL 1', '1001', '303'),
(3091303, 303273, 'ADINDA ALYA DWI ANGGRAENI', 'AKL', 'X AKL 2', '1001', '303'),
(3092303, 303274, 'AGUNG ARBIANSYAH', 'AKL', 'X AKL 2', '1001', '303'),
(3093303, 303275, 'AKHMELIA CITRA BUDIYANTI', 'AKL', 'X AKL 2', '1001', '303'),
(3094303, 303276, 'ALFIN KHOIRUL WILDAN ', 'AKL', 'X AKL 2', '1001', '303'),
(3095303, 303277, 'ALISA HILDA APRILIA', 'AKL', 'X AKL 2', '1001', '303'),
(3096303, 303278, 'ALVI NURMALA. D.W', 'AKL', 'X AKL 2', '1001', '303'),
(3097303, 303279, 'AMIRA KANZA DESLIA', 'AKL', 'X AKL 2', '1001', '303'),
(3098303, 303280, 'ANI', 'AKL', 'X AKL 2', '1001', '303'),
(3099303, 303281, 'ANNISA', 'AKL', 'X AKL 2', '1001', '303'),
(3100303, 303282, 'AULIA FITRIANI', 'AKL', 'X AKL 2', '1001', '303'),
(3101303, 303283, 'AYU NIA SARAH', 'AKL', 'X AKL 2', '1001', '303'),
(3102303, 303284, 'DILA AYU LESTARI', 'AKL', 'X AKL 2', '1001', '303'),
(3103303, 303285, 'DITA VIA ANGGRAENI', 'AKL', 'X AKL 2', '1001', '303'),
(3104303, 303286, 'EKO PRASETYO', 'AKL', 'X AKL 2', '1001', '303'),
(3105303, 303287, 'ERVAN HIDAYAT ', 'AKL', 'X AKL 2', '1001', '303'),
(3106303, 303288, 'FRASTIO', 'AKL', 'X AKL 2', '1001', '303'),
(3107303, 303289, 'GALANG RIZKI ANUGRAH', 'AKL', 'X AKL 2', '1001', '303'),
(3108303, 303290, 'HARMELIA NAISA PUTRI', 'AKL', 'X AKL 2', '1001', '303'),
(3109303, 303291, 'IQBAL PERMANA', 'AKL', 'X AKL 2', '1001', '303'),
(3110303, 303292, 'JEFRI GIOVANIE', 'AKL', 'X AKL 2', '1001', '303'),
(3111303, 303293, 'KAYLA PUTRI AGUSTIN', 'AKL', 'X AKL 2', '1001', '303'),
(3112303, 303294, 'KEYZIA SYAFFA ADHILA', 'AKL', 'X AKL 2', '1001', '303'),
(3113303, 303295, 'MEIFRIZA DWI PUTRA', 'AKL', 'X AKL 2', '1001', '303'),
(3114303, 303296, 'MOHAMAD RIZKY ALBIANSYAH', 'AKL', 'X AKL 2', '1001', '303'),
(3115303, 303297, 'MUHAMAD ILHAM', 'AKL', 'X AKL 2', '1001', '303'),
(3116303, 303298, 'MUHAMMAD FAUZI ABDUL ROHIM', 'AKL', 'X AKL 2', '1001', '303'),
(3117303, 303299, 'NABILA AL ZAHRA', 'AKL', 'X AKL 2', '1001', '303'),
(3118303, 303300, 'NOVRIA NAYLA ZAHRA', 'AKL', 'X AKL 2', '1001', '303'),
(3119303, 303301, 'RENA PUJI LESTARI ', 'AKL', 'X AKL 2', '1001', '303'),
(3120303, 303302, 'REVA AGIS ADELLIA', 'AKL', 'X AKL 2', '1001', '303'),
(3121303, 303303, 'RIZKY WIJAYA ', 'AKL', 'X AKL 2', '1001', '303'),
(3122303, 303304, 'RIZQI AMANDA', 'AKL', 'X AKL 2', '1001', '303'),
(3123303, 303305, 'RYFAN ALAMSYAH', 'AKL', 'X AKL 2', '1001', '303'),
(3124303, 303306, 'SERINA AMELIA PUTRI', 'AKL', 'X AKL 2', '1001', '303'),
(3125303, 303307, 'SITI NUR FADILAH', 'AKL', 'X AKL 2', '1001', '303'),
(3126303, 303308, 'SOFHIA AROFAH', 'AKL', 'X AKL 2', '1001', '303'),
(3127303, 303309, 'SUSI LESTARI LESTIA DEWI', 'AKL', 'X AKL 2', '1001', '303'),
(3128303, 303310, 'TAUFIK SAPUTRA', 'AKL', 'X AKL 2', '1001', '303'),
(3129303, 303311, 'TUBAGUS UBAIDILLAH FAJRIN', 'AKL', 'X AKL 2', '1001', '303'),
(3130303, 303312, 'VANIA EKA MELIA', 'AKL', 'X AKL 2', '1001', '303'),
(3131303, 303313, 'VIRLA DWI ARIYANTI', 'AKL', 'X AKL 2', '1001', '303'),
(3132303, 303314, 'WIDI ANJARWATI', 'AKL', 'X AKL 2', '1001', '303'),
(3133303, 303315, 'WIDIYA NINGSIH', 'AKL', 'X AKL 2', '1001', '303'),
(3134303, 303316, 'YUNNI TRIBUANA TUNGGADEWI', 'AKL', 'X AKL 2', '1001', '303'),
(3135303, 303317, 'AIRIN', 'BDP', 'X BDP 1', '1001', '303'),
(3136303, 303318, 'ANGGI SIAGIAN', 'BDP', 'X BDP 1', '1001', '303'),
(3137303, 303319, 'AURA ADREZY SUPRIYADI', 'BDP', 'X BDP 1', '1001', '303'),
(3138303, 303320, 'AURA KAYLLA PUTRI', 'BDP', 'X BDP 1', '1001', '303'),
(3139303, 303321, 'BOBBY BARUNA', 'BDP', 'X BDP 1', '1001', '303'),
(3140303, 303322, 'CIPTO ALDI PRAMANA', 'BDP', 'X BDP 1', '1001', '303'),
(3141303, 303323, 'DAVIQ KHALIK', 'BDP', 'X BDP 1', '1001', '303'),
(3142303, 303324, 'DIAH KOMALA SARI', 'BDP', 'X BDP 1', '1001', '303'),
(3143303, 303325, 'DIANA PUTRI ', 'BDP', 'X BDP 1', '1001', '303'),
(3144303, 303326, 'ENGGAR NANDA SAPUTRA', 'BDP', 'X BDP 1', '1001', '303'),
(3145303, 303327, 'EVI FEBRIYANI', 'BDP', 'X BDP 1', '1001', '303'),
(3146303, 303328, 'FAUZAN JABAHNUR', 'BDP', 'X BDP 1', '1001', '303'),
(3147303, 303329, 'FAUZI GHOZALI', 'BDP', 'X BDP 1', '1001', '303'),
(3148303, 303330, 'FITRI ANDRIYANI', 'BDP', 'X BDP 1', '1001', '303'),
(3149303, 303331, 'FRISCA ANGGITA RAHMADINA', 'BDP', 'X BDP 1', '1001', '303'),
(3150303, 303332, 'FRISINTA EGI AHFATUROHMAH', 'BDP', 'X BDP 1', '1001', '303'),
(3151303, 303333, 'GALANG RAMADHAN', 'BDP', 'X BDP 1', '1001', '303'),
(3152303, 303334, 'JEYAN SABILLI', 'BDP', 'X BDP 1', '1001', '303'),
(3153303, 303335, 'M. RAFLI ANDIKA', 'BDP', 'X BDP 1', '1001', '303'),
(3154303, 303336, 'MISEL MONIKA FEYBIOLA', 'BDP', 'X BDP 1', '1001', '303'),
(3155303, 303337, 'MOHAMMAD RIF\'AN KHOLILI', 'BDP', 'X BDP 1', '1001', '303'),
(3156303, 303338, 'MUHAMAD AZIZ AL BUKHORY', 'BDP', 'X BDP 1', '1001', '303'),
(3157303, 303339, 'MUHAMAD ILMAN ZIDNI', 'BDP', 'X BDP 1', '1001', '303'),
(3158303, 303340, 'MUHAMMAD HAQQIN NAZILI', 'BDP', 'X BDP 1', '1001', '303'),
(3159303, 303341, 'MUHAMMAD RASYA', 'BDP', 'X BDP 1', '1001', '303'),
(3160303, 303342, 'MUHAMMAD RIDWAN ', 'BDP', 'X BDP 1', '1001', '303'),
(3161303, 303343, 'NADIA SANDRA PRATIWI', 'BDP', 'X BDP 1', '1001', '303'),
(3162303, 303344, 'NEIVIELL OLIVIA TJONG', 'BDP', 'X BDP 1', '1001', '303'),
(3163303, 303345, 'NETI PRIYANA', 'BDP', 'X BDP 1', '1001', '303'),
(3164303, 303346, 'NEYSAH DHEA PUTRI', 'BDP', 'X BDP 1', '1001', '303'),
(3165303, 303347, 'NICKOLAUS SAPUTRA', 'BDP', 'X BDP 1', '1001', '303'),
(3166303, 303348, 'NOVA RIANSAH', 'BDP', 'X BDP 1', '1001', '303'),
(3167303, 303349, 'NURUL MULYANI', 'BDP', 'X BDP 1', '1001', '303'),
(3168303, 303350, 'PUTRI NIANSYAH HANDAYANI', 'BDP', 'X BDP 1', '1001', '303'),
(3169303, 303351, 'RAHAYU NOVITA SARI', 'BDP', 'X BDP 1', '1001', '303'),
(3170303, 303352, 'RIFQI MAYZA DWI SAPUTRA', 'BDP', 'X BDP 1', '1001', '303'),
(3171303, 303353, 'RISKI', 'BDP', 'X BDP 1', '1001', '303'),
(3172303, 303354, 'RODEMA OKTAVIA', 'BDP', 'X BDP 1', '1001', '303'),
(3173303, 303355, 'ROMLAH SULISTIOWATI', 'BDP', 'X BDP 1', '1001', '303'),
(3174303, 303356, 'SAHRUL ARIPIN', 'BDP', 'X BDP 1', '1001', '303'),
(3175303, 303357, 'SENDY EKA FAJRIANSYAH', 'BDP', 'X BDP 1', '1001', '303'),
(3176303, 303358, 'SUCI RAHMA WATI', 'BDP', 'X BDP 1', '1001', '303'),
(3177303, 303359, 'YUDHA ADI WIJAYA', 'BDP', 'X BDP 1', '1001', '303'),
(3178303, 303360, 'ZAKY RADITYA SUSANTA', 'BDP', 'X BDP 1', '1001', '303'),
(3179303, 303361, 'ADINDA BUNGA LESTARI', 'OTKP', 'X OTKP 1', '1001', '303'),
(3180303, 303362, 'ALISYA MERIYANTI', 'OTKP', 'X OTKP 1', '1001', '303'),
(3181303, 303363, 'ANANDA CINTHYA CLARA ARITONANG', 'OTKP', 'X OTKP 1', '1001', '303'),
(3182303, 303364, 'ANISSA AL - KHOIRIYAH', 'OTKP', 'X OTKP 1', '1001', '303'),
(3183303, 303365, 'AZ-ZAHRA NUR AZIZAH SYAHRANI', 'OTKP', 'X OTKP 1', '1001', '303'),
(3184303, 303366, 'CARLA FERNANDA PUTRI', 'OTKP', 'X OTKP 1', '1001', '303'),
(3185303, 303367, 'CHATARINA OCTHA PUTRYANI DEYO', 'OTKP', 'X OTKP 1', '1001', '303'),
(3186303, 303368, 'CHATRIN VEXIA', 'OTKP', 'X OTKP 1', '1001', '303'),
(3187303, 303369, 'CHESYA TRYASA PUTRY', 'OTKP', 'X OTKP 1', '1001', '303'),
(3188303, 303370, 'DEVI RISFA DAMIYANTI ATONIS', 'OTKP', 'X OTKP 1', '1001', '303'),
(3189303, 303371, 'DHEA DWI ARYANI', 'OTKP', 'X OTKP 1', '1001', '303'),
(3190303, 303372, 'EKA SEPTI WULANDARI', 'OTKP', 'X OTKP 1', '1001', '303'),
(3191303, 303373, 'ELLEN EVELYN ALDEA', 'OTKP', 'X OTKP 1', '1001', '303'),
(3192303, 303374, 'EUIS MARYANTI', 'OTKP', 'X OTKP 1', '1001', '303'),
(3193303, 303375, 'FEBBY PRAMONO', 'OTKP', 'X OTKP 1', '1001', '303'),
(3194303, 303376, 'FIVEILIKA CANDRA SARI', 'OTKP', 'X OTKP 1', '1001', '303'),
(3195303, 303377, 'HARTINI', 'OTKP', 'X OTKP 1', '1001', '303'),
(3196303, 303378, 'IKA WULANDARI', 'OTKP', 'X OTKP 1', '1001', '303'),
(3197303, 303379, 'JELITA AURELIA', 'OTKP', 'X OTKP 1', '1001', '303'),
(3198303, 303380, 'JUWITA HERLINA KABNANI', 'OTKP', 'X OTKP 1', '1001', '303'),
(3199303, 303381, 'KAMILAH NURSEHA', 'OTKP', 'X OTKP 1', '1001', '303'),
(3200303, 303382, 'KAYLA RAHMADINI', 'OTKP', 'X OTKP 1', '1001', '303'),
(3201303, 303383, 'KOMALA SARI', 'OTKP', 'X OTKP 1', '1001', '303'),
(3202303, 303384, 'LAELI SYIFA AYU NURINSANI', 'OTKP', 'X OTKP 1', '1001', '303'),
(3203303, 303385, 'LUDIANA FEBRIANI', 'OTKP', 'X OTKP 1', '1001', '303'),
(3204303, 303386, 'MARIA KARMELIN TADA WAWIN', 'OTKP', 'X OTKP 1', '1001', '303'),
(3205303, 303387, 'MAULIDYAH SYAM', 'OTKP', 'X OTKP 1', '1001', '303'),
(3206303, 303388, 'NADYAH AYU KUSUMAWATI', 'OTKP', 'X OTKP 1', '1001', '303'),
(3207303, 303389, 'NAGITA JUANISAH', 'OTKP', 'X OTKP 1', '1001', '303'),
(3208303, 303390, 'NAZWA ERSALIA PUTRI', 'OTKP', 'X OTKP 1', '1001', '303'),
(3209303, 303391, 'NOVA ARYANI BASTIAN', 'OTKP', 'X OTKP 1', '1001', '303'),
(3210303, 303392, 'NUR AINI AFRIDA', 'OTKP', 'X OTKP 1', '1001', '303'),
(3211303, 303393, 'NUR FITRIAH RAMADHANI', 'OTKP', 'X OTKP 1', '1001', '303'),
(3212303, 303394, 'PERMATA AYUDIA', 'OTKP', 'X OTKP 1', '1001', '303'),
(3213303, 303395, 'PUTRI OCTAVIA RAMADHANY', 'OTKP', 'X OTKP 1', '1001', '303'),
(3214303, 303396, 'RIZKY DAMAYANTI', 'OTKP', 'X OTKP 1', '1001', '303'),
(3215303, 303397, 'SEPTI DWI ERIATI', 'OTKP', 'X OTKP 1', '1001', '303'),
(3216303, 303398, 'SINGGIH UMI UTAMI', 'OTKP', 'X OTKP 1', '1001', '303'),
(3217303, 303399, 'SITI VALENTINA', 'OTKP', 'X OTKP 1', '1001', '303'),
(3218303, 303400, 'SYAFA AZZAHRA', 'OTKP', 'X OTKP 1', '1001', '303'),
(3219303, 303401, 'SZASKYA NOER HANY', 'OTKP', 'X OTKP 1', '1001', '303'),
(3220303, 303402, 'TARA ZAGITHA', 'OTKP', 'X OTKP 1', '1001', '303'),
(3221303, 303403, 'TIARA PUTRI ANDIKA', 'OTKP', 'X OTKP 1', '1001', '303'),
(3222303, 303404, 'WULAN NOVITA SARI', 'OTKP', 'X OTKP 1', '1001', '303'),
(3223303, 303405, 'ALILATULBARIZA KESYA AGISTI', 'OTKP', 'X OTKP 2', '1001', '303'),
(3224303, 303406, 'ANNISA KUSMARI', 'OTKP', 'X OTKP 2', '1001', '303'),
(3225303, 303407, 'AWALIA BUNGA ZHARIFAH', 'OTKP', 'X OTKP 2', '1001', '303'),
(3226303, 303408, 'AWALIATUL KAMILA', 'OTKP', 'X OTKP 2', '1001', '303'),
(3227303, 303409, 'CARLA JUNITA', 'OTKP', 'X OTKP 2', '1001', '303'),
(3228303, 303410, 'DELLA MEISYA ALIFIA', 'OTKP', 'X OTKP 2', '1001', '303'),
(3229303, 303411, 'DIAH AYU LESTARI', 'OTKP', 'X OTKP 2', '1001', '303'),
(3230303, 303412, 'DINA APRILIA', 'OTKP', 'X OTKP 2', '1001', '303'),
(3231303, 303413, 'DWI NAZWA DHILA ', 'OTKP', 'X OTKP 2', '1001', '303'),
(3232303, 303414, 'FAATIHUL KHASANAH', 'OTKP', 'X OTKP 2', '1001', '303'),
(3233303, 303415, 'FADILA RAHMASARI', 'OTKP', 'X OTKP 2', '1001', '303'),
(3234303, 303416, 'FITRI ARILA ZAHRA', 'OTKP', 'X OTKP 2', '1001', '303'),
(3235303, 303417, 'FITRI HANDAYANI', 'OTKP', 'X OTKP 2', '1001', '303'),
(3236303, 303418, 'GUSTINA', 'OTKP', 'X OTKP 2', '1001', '303'),
(3237303, 303419, 'HAFIZAH SUSANTI', 'OTKP', 'X OTKP 2', '1001', '303'),
(3238303, 303420, 'ILYASA RAMADANING TIAS PRASETYA', 'OTKP', 'X OTKP 2', '1001', '303'),
(3239303, 303421, 'JESIKA LOSARY HELDY', 'OTKP', 'X OTKP 2', '1001', '303'),
(3240303, 303422, 'LINDA AGUSTIN', 'OTKP', 'X OTKP 2', '1001', '303'),
(3241303, 303423, 'LUNA AMALIA AZAHRA', 'OTKP', 'X OTKP 2', '1001', '303'),
(3242303, 303424, 'LUTFIYATUN NISA', 'OTKP', 'X OTKP 2', '1001', '303'),
(3243303, 303425, 'MUTIA APRILAH', 'OTKP', 'X OTKP 2', '1001', '303'),
(3244303, 303426, 'NABILA AZAHRA', 'OTKP', 'X OTKP 2', '1001', '303'),
(3245303, 303427, 'NABILA PUTRI DAMAYANTI', 'OTKP', 'X OTKP 2', '1001', '303'),
(3246303, 303428, 'NABILA ZAHRA', 'OTKP', 'X OTKP 2', '1001', '303'),
(3247303, 303429, 'NAULI SYAHLINA', 'OTKP', 'X OTKP 2', '1001', '303'),
(3248303, 303430, 'NAYA NATHANIA', 'OTKP', 'X OTKP 2', '1001', '303'),
(3249303, 303431, 'NAYLA HERLITA', 'OTKP', 'X OTKP 2', '1001', '303'),
(3250303, 303432, 'NOVIA EKA SAFITRI', 'OTKP', 'X OTKP 2', '1001', '303'),
(3251303, 303433, 'NOVITA NATASHA', 'OTKP', 'X OTKP 2', '1001', '303'),
(3252303, 303434, 'NUR \'AMALAH', 'OTKP', 'X OTKP 2', '1001', '303'),
(3253303, 303435, 'PUTRI MUHTAZAH', 'OTKP', 'X OTKP 2', '1001', '303'),
(3254303, 303436, 'PUTRI NILA LESTARI', 'OTKP', 'X OTKP 2', '1001', '303'),
(3255303, 303437, 'RINA ZAHRAH', 'OTKP', 'X OTKP 2', '1001', '303'),
(3256303, 303438, 'RIZKA SYAFA MAGHFIRA', 'OTKP', 'X OTKP 2', '1001', '303'),
(3257303, 303439, 'SAFINATUN NAJA', 'OTKP', 'X OTKP 2', '1001', '303'),
(3258303, 303440, 'SALWA AURISKI AGUSTIN', 'OTKP', 'X OTKP 2', '1001', '303'),
(3259303, 303441, 'SISKA AMELIA', 'OTKP', 'X OTKP 2', '1001', '303'),
(3260303, 303442, 'SITI ROBIYAH ADAWIYAH', 'OTKP', 'X OTKP 2', '1001', '303'),
(3261303, 303443, 'SITI ROHMATULLATIFAH', 'OTKP', 'X OTKP 2', '1001', '303'),
(3262303, 303444, 'SITI SOFIAH', 'OTKP', 'X OTKP 2', '1001', '303'),
(3263303, 303445, 'SIVA AULIANI', 'OTKP', 'X OTKP 2', '1001', '303'),
(3264303, 303446, 'SYIFA QURROTUL\'AIN', 'OTKP', 'X OTKP 2', '1001', '303'),
(3265303, 303447, 'USWATUN HASANAH', 'OTKP', 'X OTKP 2', '1001', '303'),
(3266303, 303448, 'ZALFA NABILA PRISTI', 'OTKP', 'X OTKP 2', '1001', '303'),
(3267303, 303449, 'ACHMAD ZAENI ALIFIANSYAH', 'TKJ', 'X TKJ 1', '2002', '303'),
(3268303, 303450, 'ADE FEBIYAN', 'TKJ', 'X TKJ 1', '2002', '303'),
(3269303, 303451, 'AKBAR MAULANA', 'TKJ', 'X TKJ 1', '2002', '303'),
(3270303, 303452, 'ALDI FIRMAN SYAH', 'TKJ', 'X TKJ 1', '2002', '303'),
(3271303, 303453, 'ALEX REVALDO', 'TKJ', 'X TKJ 1', '2002', '303'),
(3272303, 303454, 'ALFINTER RICO PARNINGOTAN', 'TKJ', 'X TKJ 1', '2002', '303'),
(3273303, 303455, 'ALVIAN DWI SASONGKO', 'TKJ', 'X TKJ 1', '2002', '303'),
(3274303, 303456, 'AMSAL LEONARDO TOBING', 'TKJ', 'X TKJ 1', '2002', '303'),
(3275303, 303457, 'ARIF MAULANA', 'TKJ', 'X TKJ 1', '2002', '303'),
(3276303, 303458, 'BAYU SULTAN ', 'TKJ', 'X TKJ 1', '2002', '303'),
(3277303, 303459, 'DAFFA FADLIL AFAN', 'TKJ', 'X TKJ 1', '2002', '303'),
(3278303, 303460, 'DESTEFANO ADAM REIVAND', 'TKJ', 'X TKJ 1', '2002', '303'),
(3279303, 303461, 'DIMAS PRAYUDI', 'TKJ', 'X TKJ 1', '2002', '303'),
(3280303, 303462, 'DYMAS PANJI PANGESTU', 'TKJ', 'X TKJ 1', '2002', '303'),
(3281303, 303463, 'EGY HARDIANSYAH', 'TKJ', 'X TKJ 1', '2002', '303'),
(3282303, 303464, 'EVANDRA GUSTI RAHARJO', 'TKJ', 'X TKJ 1', '2002', '303'),
(3283303, 303465, 'FADHIL FARIZI AZIZ', 'TKJ', 'X TKJ 1', '2002', '303'),
(3284303, 303466, 'FAISSAL ARMANTO', 'TKJ', 'X TKJ 1', '2002', '303'),
(3285303, 303467, 'FAREL AFIATUSADID AHMAD', 'TKJ', 'X TKJ 1', '2002', '303'),
(3286303, 303468, 'FEBRIO SAMMY NUGRAHA', 'TKJ', 'X TKJ 1', '2002', '303'),
(3287303, 303469, 'HERNAN BUDI LAKSNA', 'TKJ', 'X TKJ 1', '2002', '303'),
(3288303, 303470, 'ILHAM SAHRUL HASAN', 'TKJ', 'X TKJ 1', '2002', '303'),
(3289303, 303471, 'IMAM', 'TKJ', 'X TKJ 1', '2002', '303'),
(3290303, 303472, 'INTAN ANGGELIA PUTRI', 'TKJ', 'X TKJ 1', '2002', '303'),
(3291303, 303473, 'JAFAR UMAR THALIB AL QHIFARI', 'TKJ', 'X TKJ 1', '2002', '303'),
(3292303, 303474, 'KLIWLY KASMALA HERMAWAN', 'TKJ', 'X TKJ 1', '2002', '303'),
(3293303, 303475, 'MOHAMAD AZRIEL', 'TKJ', 'X TKJ 1', '2002', '303'),
(3294303, 303476, 'MONICA JULIANA', 'TKJ', 'X TKJ 1', '2002', '303'),
(3295303, 303477, 'MUHAMAD FERDI LESMANA', 'TKJ', 'X TKJ 1', '2002', '303'),
(3296303, 303478, 'MUHAMAD ZAKI SAPUTRA', 'TKJ', 'X TKJ 1', '2002', '303'),
(3297303, 303479, 'MUHAMMAD BAGAS FEBRIANSYAH ', 'TKJ', 'X TKJ 1', '2002', '303'),
(3298303, 303480, 'MUHAMMAD FAISHAL', 'TKJ', 'X TKJ 1', '2002', '303'),
(3299303, 303481, 'MUHAMMAD ILFAN MAULANA', 'TKJ', 'X TKJ 1', '2002', '303'),
(3300303, 303482, 'MUHAMMAD ILHAM', 'TKJ', 'X TKJ 1', '2002', '303'),
(3301303, 303483, 'MUHAMMAD NAUFAL MAHDI', 'TKJ', 'X TKJ 1', '2002', '303'),
(3302303, 303484, 'MUHAMMAD RAHMAT DANI', 'TKJ', 'X TKJ 1', '2002', '303'),
(3303303, 303485, 'NUGI SATRIA', 'TKJ', 'X TKJ 1', '2002', '303'),
(3304303, 303486, 'NUR AJI INDRA MAULANA', 'TKJ', 'X TKJ 1', '2002', '303'),
(3305303, 303487, 'RADITYA SELWA NOVA', 'TKJ', 'X TKJ 1', '2002', '303'),
(3306303, 303488, 'RAMA WIGUNA ', 'TKJ', 'X TKJ 1', '2002', '303'),
(3307303, 303489, 'RENDY ARDIANSYAH', 'TKJ', 'X TKJ 1', '2002', '303'),
(3308303, 303490, 'RIFA GLAND ALINSKIE', 'TKJ', 'X TKJ 1', '2002', '303'),
(3309303, 303491, 'RIKY ARYA SAPUTRO', 'TKJ', 'X TKJ 1', '2002', '303'),
(3310303, 303492, 'SHAHIBUR RIDWAN ', 'TKJ', 'X TKJ 1', '2002', '303'),
(3311303, 303493, 'WAHYU ANJAR SETIAWAN', 'TKJ', 'X TKJ 1', '2002', '303'),
(3312303, 303494, 'ZAKY ADRIAN FERNANDO', 'TKJ', 'X TKJ 1', '2002', '303'),
(3313303, 303495, 'ADI SAPUTRA', 'TKJ', 'X TKJ 2', '2002', '303'),
(3314303, 303496, 'ADI SETYO GUNAWAN', 'TKJ', 'X TKJ 2', '2002', '303'),
(3315303, 303497, 'AFRIZA HARDIANTO SAPUTRA', 'TKJ', 'X TKJ 2', '2002', '303'),
(3316303, 303498, 'AHMAD ADRIAN PRATAMA', 'TKJ', 'X TKJ 2', '2002', '303'),
(3317303, 303499, 'AJI ILHAM ', 'TKJ', 'X TKJ 2', '2002', '303'),
(3318303, 303500, 'ANGGI ARDIYANSAH', 'TKJ', 'X TKJ 2', '2002', '303'),
(3319303, 303501, 'ANZANI PESTA JUWITA NAIBAHO', 'TKJ', 'X TKJ 2', '2002', '303'),
(3320303, 303502, 'ARYA NURKHOLIK', 'TKJ', 'X TKJ 2', '2002', '303'),
(3321303, 303503, 'BAGAS DWI PRAYOGA', 'TKJ', 'X TKJ 2', '2002', '303'),
(3322303, 303504, 'BAYU FIRGIAWAN LISTANTO', 'TKJ', 'X TKJ 2', '2002', '303'),
(3323303, 303505, 'DAFFA ANGGARA RADITYA', 'TKJ', 'X TKJ 2', '2002', '303'),
(3324303, 303506, 'DANILO FERNANDO', 'TKJ', 'X TKJ 2', '2002', '303'),
(3325303, 303507, 'ERLAND SBASTIAN GUNAWAN', 'TKJ', 'X TKJ 2', '2002', '303'),
(3326303, 303508, 'FARIS AHMAD RIFQY', 'TKJ', 'X TKJ 2', '2002', '303'),
(3327303, 303509, 'FAYAD HAWARI', 'TKJ', 'X TKJ 2', '2002', '303'),
(3328303, 303510, 'GILANG MUHADZIB', 'TKJ', 'X TKJ 2', '2002', '303'),
(3329303, 303511, 'IBNU BACTIAR GULTOM', 'TKJ', 'X TKJ 2', '2002', '303'),
(3330303, 303512, 'IKFANSYAH', 'TKJ', 'X TKJ 2', '2002', '303'),
(3331303, 303513, 'IKHSAN NURRIZKY', 'TKJ', 'X TKJ 2', '2002', '303'),
(3332303, 303514, 'JONATHAN IQBAL PUTRA', 'TKJ', 'X TKJ 2', '2002', '303'),
(3333303, 303515, 'LEFI NURYANDI', 'TKJ', 'X TKJ 2', '2002', '303'),
(3334303, 303516, 'MERLINA EVELYN ', 'TKJ', 'X TKJ 2', '2002', '303'),
(3335303, 303517, 'MUHAMAD RISKI', 'TKJ', 'X TKJ 2', '2002', '303'),
(3336303, 303518, 'MUHAMAD SYAISAR RAMADHAN', 'TKJ', 'X TKJ 2', '2002', '303'),
(3337303, 303519, 'MUHAMMAD ADRIANSYAH', 'TKJ', 'X TKJ 2', '2002', '303'),
(3338303, 303520, 'MUHAMMAD GILANG RADITIYA', 'TKJ', 'X TKJ 2', '2002', '303'),
(3339303, 303521, 'MUHAMMAD RIZKA SAPUTRA', 'TKJ', 'X TKJ 2', '2002', '303'),
(3340303, 303522, 'MUHAMMAD SAEFULAH', 'TKJ', 'X TKJ 2', '2002', '303'),
(3341303, 303523, 'NAUKY BAGUS PRATAMA', 'TKJ', 'X TKJ 2', '2002', '303'),
(3342303, 303524, 'NOVAL ARIYANTO', 'TKJ', 'X TKJ 2', '2002', '303'),
(3343303, 303525, 'NUR AWAL SANTOSO', 'TKJ', 'X TKJ 2', '2002', '303'),
(3344303, 303526, 'RADIT SYAHPUTRA', 'TKJ', 'X TKJ 2', '2002', '303'),
(3345303, 303527, 'RAFFI PRASETIA', 'TKJ', 'X TKJ 2', '2002', '303'),
(3346303, 303528, 'RAHMANDANI', 'TKJ', 'X TKJ 2', '2002', '303'),
(3347303, 303529, 'RENDI IRWANSYAH', 'TKJ', 'X TKJ 2', '2002', '303'),
(3348303, 303530, 'RENDY PUTRA AFIA', 'TKJ', 'X TKJ 2', '2002', '303'),
(3349303, 303531, 'RIZKY KURNIAWAN', 'TKJ', 'X TKJ 2', '2002', '303'),
(3350303, 303532, 'RIZQI MARDIANSYAH', 'TKJ', 'X TKJ 2', '2002', '303'),
(3351303, 303533, 'ROMI CANDRA WINATA', 'TKJ', 'X TKJ 2', '2002', '303'),
(3352303, 303534, 'SAMI AL FAIZ', 'TKJ', 'X TKJ 2', '2002', '303'),
(3353303, 303535, 'SHERIL ARDIKA ASSHAWA', 'TKJ', 'X TKJ 2', '2002', '303'),
(3354303, 303536, 'SONI SAPUTRA', 'TKJ', 'X TKJ 2', '2002', '303'),
(3355303, 303537, 'SYAHDANI AGUSTIO', 'TKJ', 'X TKJ 2', '2002', '303'),
(3356303, 303538, 'WIKO RIPANDA PUTRA', 'TKJ', 'X TKJ 2', '2002', '303'),
(3357303, 303539, 'ADE RAFLI', 'TKJ', 'X TKJ 3', '2002', '303'),
(3358303, 303540, 'AGUNG NUR RISKI', 'TKJ', 'X TKJ 3', '2002', '303'),
(3359303, 303541, 'AHMAD ABIDZAR RIFA\'I', 'TKJ', 'X TKJ 3', '2002', '303'),
(3360303, 303542, 'AHMAD EKA PRATAMA', 'TKJ', 'X TKJ 3', '2002', '303'),
(3361303, 303543, 'AHMAD HAERUL HADI', 'TKJ', 'X TKJ 3', '2002', '303'),
(3362303, 303544, 'BAGAS SADEWO JATI', 'TKJ', 'X TKJ 3', '2002', '303'),
(3363303, 303545, 'DIMAS SAPUTRA', 'TKJ', 'X TKJ 3', '2002', '303'),
(3364303, 303546, 'DWI ADI NUGROHO', 'TKJ', 'X TKJ 3', '2002', '303'),
(3365303, 303547, 'ERIK YOGA PRATAMA', 'TKJ', 'X TKJ 3', '2002', '303'),
(3366303, 303548, 'ERLANGGA SAPUTRA', 'TKJ', 'X TKJ 3', '2002', '303'),
(3367303, 303549, 'EVAN MAULANA', 'TKJ', 'X TKJ 3', '2002', '303'),
(3368303, 303550, 'EVAN TRILYANTO', 'TKJ', 'X TKJ 3', '2002', '303'),
(3369303, 303551, 'FADHIL KURNIAWAN', 'TKJ', 'X TKJ 3', '2002', '303'),
(3370303, 303552, 'FAHMI WIJAYA', 'TKJ', 'X TKJ 3', '2002', '303'),
(3371303, 303553, 'FASKALIS HAMBALLAH AKBAR', 'TKJ', 'X TKJ 3', '2002', '303'),
(3372303, 303554, 'FAZA ZAHIDAN', 'TKJ', 'X TKJ 3', '2002', '303'),
(3373303, 303555, 'GALIH ADI APRIANSYAH', 'TKJ', 'X TKJ 3', '2002', '303'),
(3374303, 303556, 'IBNU BASUNJAY', 'TKJ', 'X TKJ 3', '2002', '303'),
(3375303, 303557, 'IBRA HAFIZH HERMAWAN', 'TKJ', 'X TKJ 3', '2002', '303'),
(3376303, 303558, 'ILYAS', 'TKJ', 'X TKJ 3', '2002', '303'),
(3377303, 303559, 'LUTFIANSYAH ALFAHREZI', 'TKJ', 'X TKJ 3', '2002', '303'),
(3378303, 303560, 'MAULANA ISHAQ', 'TKJ', 'X TKJ 3', '2002', '303'),
(3379303, 303561, 'MAULANA SANJAYA', 'TKJ', 'X TKJ 3', '2002', '303'),
(3380303, 303562, 'MOHAMMAD FAIZ SHALIHIN', 'TKJ', 'X TKJ 3', '2002', '303'),
(3381303, 303563, 'MUH. HAIKAL RAMDHANI ', 'TKJ', 'X TKJ 3', '2002', '303'),
(3382303, 303564, 'MUHAMAD IKBAL AL FAREZI', 'TKJ', 'X TKJ 3', '2002', '303'),
(3383303, 303565, 'MUHAMAD ZIDANE', 'TKJ', 'X TKJ 3', '2002', '303'),
(3384303, 303566, 'MUHAMMAD ARMAN MALIKI', 'TKJ', 'X TKJ 3', '2002', '303'),
(3385303, 303567, 'MUHAMMAD CHOIRUL HAMZAH', 'TKJ', 'X TKJ 3', '2002', '303'),
(3386303, 303568, 'MUHAMMAD FADIL', 'TKJ', 'X TKJ 3', '2002', '303'),
(3387303, 303569, 'MUHAMMAD RAIHAN', 'TKJ', 'X TKJ 3', '2002', '303'),
(3388303, 303570, 'NASYIFA ADINDA', 'TKJ', 'X TKJ 3', '2002', '303'),
(3389303, 303571, 'NOREEN TRIPUTRA', 'TKJ', 'X TKJ 3', '2002', '303'),
(3390303, 303572, 'PUTRA RASIET ANDRIANSYAH PRATAMA', 'TKJ', 'X TKJ 3', '2002', '303'),
(3391303, 303573, 'RADITYA PUTRA HARSYAH', 'TKJ', 'X TKJ 3', '2002', '303'),
(3392303, 303574, 'RAIHAN PUTRA LESMANA', 'TKJ', 'X TKJ 3', '2002', '303'),
(3393303, 303575, 'RAKAN WIJAYA NENDRA', 'TKJ', 'X TKJ 3', '2002', '303'),
(3394303, 303576, 'RASYA BAGUS GUNAWAN', 'TKJ', 'X TKJ 3', '2002', '303'),
(3395303, 303577, 'REZA FARIZI', 'TKJ', 'X TKJ 3', '2002', '303'),
(3396303, 303578, 'RIDWAN SAPUTRA', 'TKJ', 'X TKJ 3', '2002', '303'),
(3397303, 303579, 'RIZAL NURIYANTO', 'TKJ', 'X TKJ 3', '2002', '303'),
(3398303, 303580, 'RIZKI FATIH AKMAL', 'TKJ', 'X TKJ 3', '2002', '303'),
(3399303, 303581, 'RIZKY RAHMADAN FALIFI', 'TKJ', 'X TKJ 3', '2002', '303'),
(3400303, 303582, 'ZAKI NUR SYAHMAN', 'TKJ', 'X TKJ 3', '2002', '303'),
(3401303, 303583, 'ADE SETYA CANDRA', 'DKV', 'X DKV 1', '2002', '303'),
(3402303, 303584, 'ARIANSYAH', 'DKV', 'X DKV 1', '2002', '303'),
(3403303, 303585, 'ARYA SUBAGJA', 'DKV', 'X DKV 1', '2002', '303'),
(3404303, 303586, 'DIAN NOVITA SARI ', 'DKV', 'X DKV 1', '2002', '303'),
(3405303, 303587, 'DIDA PERKASA', 'DKV', 'X DKV 1', '2002', '303'),
(3406303, 303588, 'EGHA PATRIANSYAH', 'DKV', 'X DKV 1', '2002', '303'),
(3407303, 303589, 'ESMERALDA VALENCIA WIDJAJA', 'DKV', 'X DKV 1', '2002', '303'),
(3408303, 303590, 'FAHIRA ANA PUTRI', 'DKV', 'X DKV 1', '2002', '303'),
(3409303, 303591, 'FARHAN SETYAWAN', 'DKV', 'X DKV 1', '2002', '303'),
(3410303, 303592, 'GITA INDAH SABANA', 'DKV', 'X DKV 1', '2002', '303'),
(3411303, 303593, 'HAPENTA NUR HABIBI', 'DKV', 'X DKV 1', '2002', '303'),
(3412303, 303594, 'IBNU ADITYA ADNAN', 'DKV', 'X DKV 1', '2002', '303'),
(3413303, 303595, 'IKHSAN BAYU NUGROHO', 'DKV', 'X DKV 1', '2002', '303'),
(3414303, 303596, 'ISMAIL AHMAD SAHDAD', 'DKV', 'X DKV 1', '2002', '303'),
(3415303, 303597, 'ISTAUFIRIN', 'DKV', 'X DKV 1', '2002', '303'),
(3416303, 303598, 'IVAN FERDINAN', 'DKV', 'X DKV 1', '2002', '303'),
(3417303, 303599, 'JEFRY HIDAYATULLAH', 'DKV', 'X DKV 1', '2002', '303'),
(3418303, 303600, 'JONI', 'DKV', 'X DKV 1', '2002', '303'),
(3419303, 303601, 'JUSTIN RAFAEL', 'DKV', 'X DKV 1', '2002', '303'),
(3420303, 303602, 'LANANG SINGGIH PANGESTU', 'DKV', 'X DKV 1', '2002', '303'),
(3421303, 303603, 'MARCELL RAKASE', 'DKV', 'X DKV 1', '2002', '303'),
(3422303, 303604, 'MARTIN AL FATHONI', 'DKV', 'X DKV 1', '2002', '303'),
(3423303, 303605, 'MIXCEL DIMAS JUNIAWAN', 'DKV', 'X DKV 1', '2002', '303'),
(3424303, 303606, 'MOSES DOLVIN MAELISSA', 'DKV', 'X DKV 1', '2002', '303'),
(3425303, 303607, 'MUHAMAD RIKO SYAHPUTRA', 'DKV', 'X DKV 1', '2002', '303'),
(3426303, 303608, 'MUHAMMAD NURSHAM AHMADINEJAD', 'DKV', 'X DKV 1', '2002', '303'),
(3427303, 303609, 'MUTIA VARA DILLA', 'DKV', 'X DKV 1', '2002', '303'),
(3428303, 303610, 'NADIA ARDHELIA PUTRI', 'DKV', 'X DKV 1', '2002', '303'),
(3429303, 303611, 'NAFI\'AJI VANOROSSI', 'DKV', 'X DKV 1', '2002', '303'),
(3430303, 303612, 'NOFIA INDRIANI', 'DKV', 'X DKV 1', '2002', '303'),
(3431303, 303613, 'RAFFAEL EDGINA', 'DKV', 'X DKV 1', '2002', '303'),
(3432303, 303614, 'RAFI ACHMAD APRILIANDI', 'DKV', 'X DKV 1', '2002', '303'),
(3433303, 303615, 'RAFKA AFRIZAL MUTTAQIN', 'DKV', 'X DKV 1', '2002', '303'),
(3434303, 303616, 'RAIHAN DWI FEBRIYANTO', 'DKV', 'X DKV 1', '2002', '303'),
(3435303, 303617, 'RAVI HAFIZ ARDIANSYAH', 'DKV', 'X DKV 1', '2002', '303'),
(3436303, 303618, 'REGA JUVENSIA SAPUTRA', 'DKV', 'X DKV 1', '2002', '303'),
(3437303, 303619, 'REHAN JULIANTO', 'DKV', 'X DKV 1', '2002', '303'),
(3438303, 303620, 'RIFAT AKMAL', 'DKV', 'X DKV 1', '2002', '303'),
(3439303, 303621, 'RIO ARDIANSYAH', 'DKV', 'X DKV 1', '2002', '303'),
(3440303, 303622, 'RIZKY DIAN PERMANA', 'DKV', 'X DKV 1', '2002', '303'),
(3441303, 303623, 'RIZQI MUH AKBAR', 'DKV', 'X DKV 1', '2002', '303'),
(3442303, 303624, 'RUDIYANSAH', 'DKV', 'X DKV 1', '2002', '303'),
(3443303, 303625, 'TUBAGUS RAIHAN RAHMATULLOH HIDAYAT', 'DKV', 'X DKV 1', '2002', '303'),
(3444303, 303626, 'VERDINAN WILLIAM HOLLE', 'DKV', 'X DKV 1', '2002', '303'),
(3445303, 303627, 'ZASKIA DEVINA ROSALIN', 'DKV', 'X DKV 1', '2002', '303'),
(3446303, 218068, 'Aditya Nurul Fikri', 'AKL', 'XI AKL 1', '3003', '303'),
(3447303, 218072, 'ALIYA INDRIYANI PUTRI', 'AKL', 'XI AKL 1', '3003', '303'),
(3448303, 218073, 'ALYA NASYWA KHAERANI', 'AKL', 'XI AKL 1', '3003', '303'),
(3449303, 218074, 'AMRAN DANY', 'AKL', 'XI AKL 1', '3003', '303'),
(3450303, 218077, 'BAGUS ARIEF SAPUTRA', 'AKL', 'XI AKL 1', '3003', '303'),
(3451303, 218078, 'Caterine Natalia Teja', 'AKL', 'XI AKL 1', '3003', '303'),
(3452303, 218080, 'CICI HERDIANTI', 'AKL', 'XI AKL 1', '3003', '303'),
(3453303, 218223, 'DAVID UMAR HAMZAH', 'AKL', 'XI AKL 1', '3003', '303'),
(3454303, 218081, 'DHEASY NOVITA KUSUMA YETI', 'AKL', 'XI AKL 1', '3003', '303'),
(3455303, 218085, 'INDI NOVI TRIANI', 'AKL', 'XI AKL 1', '3003', '303'),
(3456303, 218087, 'INTAN HESTIYANA', 'AKL', 'XI AKL 1', '3003', '303'),
(3457303, 218090, 'MARCEL EDHI SUTIKNA', 'AKL', 'XI AKL 1', '3003', '303'),
(3458303, 218092, 'NABILAH INTAN NURAINI', 'AKL', 'XI AKL 1', '3003', '303'),
(3459303, 218093, 'NAILATUSY ARIBAH TASIMA', 'AKL', 'XI AKL 1', '3003', '303'),
(3460303, 218095, 'NATASYA ANANDA SANTOSO', 'AKL', 'XI AKL 1', '3003', '303'),
(3461303, 218099, 'NAZWA AULIA SALSABILLA', 'AKL', 'XI AKL 1', '3003', '303'),
(3462303, 218100, 'NIDA KHOIRURRAHMAH', 'AKL', 'XI AKL 1', '3003', '303'),
(3463303, 218103, 'RAMANDA OKTAVIANI', 'AKL', 'XI AKL 1', '3003', '303'),
(3464303, 218104, 'RAMDZAN MULIAWAN TRAH SAPUTRA', 'AKL', 'XI AKL 1', '3003', '303'),
(3465303, 218106, 'SADIAH', 'AKL', 'XI AKL 1', '3003', '303'),
(3466303, 218110, 'SHEREN FEBRIANI', 'AKL', 'XI AKL 1', '3003', '303'),
(3467303, 218111, 'STEVANI PUTRI WIJAYA', 'AKL', 'XI AKL 1', '3003', '303'),
(3468303, 218112, 'TIARA PUSPITA SARI', 'AKL', 'XI AKL 1', '3003', '303'),
(3469303, 218113, 'VANI HARIYANTI', 'AKL', 'XI AKL 1', '3003', '303'),
(3470303, 218069, 'ADITYA PRATAMA', 'AKL', 'XI AKL 2', '3003', '303'),
(3471303, 218070, 'ADUTA BAYHAQI', 'AKL', 'X AKL 2', '3003', '303'),
(3472303, 218071, 'AHMAD RIDWAN', 'AKL', 'X AKL 2', '3003', '303'),
(3473303, 218075, 'ANIN DWI RAHMAWATI', 'AKL', 'X AKL 2', '3003', '303'),
(3474303, 218076, 'AULIA DZURUN NAFIS', 'AKL', 'X AKL 2', '3003', '303'),
(3475303, 218079, 'Cherryl Deandya Khalishah', 'AKL', 'X AKL 2', '3003', '303'),
(3476303, 218229, 'DEWI PURNAMA SARI', 'AKL', 'X AKL 2', '3003', '303'),
(3477303, 218082, 'DWI PRAMBANDARI', 'AKL', 'X AKL 2', '3003', '303'),
(3478303, 218083, 'ERIKA ILMANISA', 'AKL', 'X AKL 2', '3003', '303'),
(3479303, 218086, 'INEU SANTIKA', 'AKL', 'X AKL 2', '3003', '303'),
(3480303, 218088, 'INTAN MAHARANI', 'AKL', 'X AKL 2', '3003', '303'),
(3481303, 218089, 'IRWANSYAH', 'AKL', 'X AKL 2', '3003', '303'),
(3482303, 218091, 'MUHAMMAD YUSUF FADLAN', 'AKL', 'X AKL 2', '3003', '303'),
(3483303, 218094, 'NANDA AULYA ARIYANDI', 'AKL', 'X AKL 2', '3003', '303'),
(3484303, 218096, 'NATASYA PELITA RAMADHANI', 'AKL', 'X AKL 2', '3003', '303'),
(3485303, 218097, 'NAURAH SASMITA PUTRI', 'AKL', 'X AKL 2', '3003', '303'),
(3486303, 218098, 'NAYLA PUTRI RAHARI', 'AKL', 'X AKL 2', '3003', '303'),
(3487303, 218101, 'NISA UL HASANAH', 'AKL', 'X AKL 2', '3003', '303'),
(3488303, 218102, 'ORYSA SATIVA', 'AKL', 'X AKL 2', '3003', '303'),
(3489303, 218225, 'RIVAL WAHYUDIN', 'AKL', 'X AKL 2', '3003', '303'),
(3490303, 218105, 'RIZKY DWI KARNADI', 'AKL', 'X AKL 2', '3003', '303'),
(3491303, 218107, 'SARAH AULIYA', 'AKL', 'X AKL 2', '3003', '303'),
(3492303, 218108, 'SATRIA PUTRA', 'AKL', 'X AKL 2', '3003', '303'),
(3493303, 218109, 'SELO GIRI ADJI PANGESTU', 'AKL', 'X AKL 2', '3003', '303'),
(3494303, 218114, 'WULAN SUCI PUSPITASARI', 'AKL', 'X AKL 2', '3003', '303'),
(3495303, 218115, 'WULAN TARI', 'AKL', 'X AKL 2', '3003', '303'),
(3496303, 218182, 'AKBAR SADEWA', 'BDP', 'XI BDP 1', '3003', '303'),
(3497303, 218185, 'ARDIONA ATTA SAPUTRA', 'BDP', 'XI BDP 1', '3003', '303'),
(3498303, 218188, 'BRILLIANT MUHAMMAD PRANAYA', 'BDP', 'XI BDP 1', '3003', '303'),
(3499303, 218189, 'CHINDY WULAN SARI ', 'BDP', 'XI BDP 1', '3003', '303'),
(3500303, 218190, 'DAYDAEL RAHMAT PRIHARTONO', 'BDP', 'XI BDP 1', '3003', '303'),
(3501303, 218191, 'DEVINNA CHRISTIANAH', 'BDP', 'XI BDP 1', '3003', '303'),
(3502303, 218193, 'DIKI MUZALFA', 'BDP', 'XI BDP 1', '3003', '303'),
(3503303, 218196, 'FIONA FASTAG FARA', 'BDP', 'XI BDP 1', '3003', '303'),
(3504303, 218197, 'GURUH PRIYANDONO', 'BDP', 'XI BDP 1', '3003', '303'),
(3505303, 218200, 'KEISYA DWI AMELIA', 'BDP', 'XI BDP 1', '3003', '303'),
(3506303, 218202, 'MARCELLINO ADI PRATAMA', 'BDP', 'XI BDP 1', '3003', '303'),
(3507303, 218203, 'MIFTAHUL SAPUTRA', 'BDP', 'XI BDP 1', '3003', '303'),
(3508303, 218205, 'Muhamad Riansyah', 'BDP', 'XI BDP 1', '3003', '303'),
(3509303, 218206, 'MUHAMAD ROZAK', 'BDP', 'XI BDP 1', '3003', '303'),
(3510303, 218208, 'MUHAMMAD DAFFA ANSORI', 'BDP', 'XI BDP 1', '3003', '303'),
(3511303, 218215, 'SELVIA ELVINA DARAPUSPITA', 'BDP', 'XI BDP 1', '3003', '303'),
(3512303, 218217, 'SHANDY PUTRA IRWANSYAH', 'BDP', 'XI BDP 1', '3003', '303'),
(3513303, 218218, 'SHOHAIH AGYL SAPUTRA', 'BDP', 'XI BDP 1', '3003', '303'),
(3514303, 218221, 'TISYA OCTAVIA RAMADHANI', 'BDP', 'XI BDP 1', '3003', '303'),
(3515303, 218222, 'YOEDI', 'BDP', 'XI BDP 1', '3003', '303'),
(3516303, 218183, 'ANDHIKA DIAN SAPUTRA', 'BDP', 'XI BDP 1', '3003', '303'),
(3517303, 218184, 'ANDRE YULIANTO', 'BDP', 'XI BDP 1', '3003', '303'),
(3518303, 218186, 'AULIA ANDINI', 'BDP', 'XI BDP 1', '3003', '303'),
(3519303, 218187, 'Bahrudin Siroth', 'BDP', 'XI BDP 1', '3003', '303'),
(3520303, 218192, 'DIANA FEBRIASTUTI', 'BDP', 'XI BDP 1', '3003', '303'),
(3521303, 218194, 'DINI AULIA', 'BDP', 'XI BDP 1', '3003', '303'),
(3522303, 218195, 'FAKHRIY PUTRA MAULANA', 'BDP', 'XI BDP 1', '3003', '303'),
(3523303, 218198, 'HAFISTH IKHSAN MAULANA', 'BDP', 'XI BDP 1', '3003', '303'),
(3524303, 218199, 'JUNEDI', 'BDP', 'XI BDP 1', '3003', '303'),
(3525303, 218201, 'M. SYAH HABIANTO', 'BDP', 'XI BDP 1', '3003', '303'),
(3526303, 218204, 'Muhamad Raka Hadi Sanjaya', 'BDP', 'XI BDP 1', '3003', '303'),
(3527303, 218207, 'MUHAMMAD DAFFA', 'BDP', 'XI BDP 1', '3003', '303'),
(3528303, 218209, 'NUR KHOLIS HENDAR', 'BDP', 'XI BDP 1', '3003', '303'),
(3529303, 218210, 'PENDI NUR SETIYAWAN', 'BDP', 'XI BDP 1', '3003', '303'),
(3530303, 218211, 'RAMA ADLI ALFIAN', 'BDP', 'XI BDP 1', '3003', '303'),
(3531303, 218212, 'RIZKI ANANDA PRASETIA', 'BDP', 'XI BDP 1', '3003', '303'),
(3532303, 218214, 'SAHRULDIN', 'BDP', 'XI BDP 1', '3003', '303'),
(3533303, 218213, 'Savira Zahra', 'BDP', 'XI BDP 1', '3003', '303'),
(3534303, 218216, 'SELVY AYU DAVISTA', 'BDP', 'XI BDP 1', '3003', '303'),
(3535303, 218219, 'SIDIK DWI MUNAHZAR', 'BDP', 'XI BDP 1', '3003', '303'),
(3536303, 218220, 'SYIFATUL HASANAH', 'BDP', 'XI BDP 1', '3003', '303'),
(3537303, 218117, 'ADELIA ANGRAINI ZAHRA', 'OTKP', 'XI OTKP 1', '3003', '303'),
(3538303, 218119, 'AGNES PASKA TAMBUNAN', 'OTKP', 'XI OTKP 1', '3003', '303'),
(3539303, 218120, 'ALIVIA SUCI RAMADHANI', 'OTKP', 'XI OTKP 1', '3003', '303'),
(3540303, 218122, 'Amanda Putri Sitio', 'OTKP', 'XI OTKP 1', '3003', '303'),
(3541303, 218123, 'AMANDA YULIA PERMATA SARI', 'OTKP', 'XI OTKP 1', '3003', '303'),
(3542303, 218126, 'ANISA DINI AYU AGUSTIN', 'OTKP', 'XI OTKP 1', '3003', '303'),
(3543303, 218128, 'ARTIKASARI', 'OTKP', 'XI OTKP 1', '3003', '303'),
(3544303, 218130, 'AWALIA PUTRI', 'OTKP', 'XI OTKP 1', '3003', '303'),
(3545303, 218133, 'DELLY PUSPITA SARI', 'OTKP', 'XI OTKP 1', '3003', '303'),
(3546303, 218134, 'DEWI SHINTA WIJAYA', 'OTKP', 'XI OTKP 1', '3003', '303'),
(3547303, 218136, 'DIFA AISYAH PUTRI', 'OTKP', 'XI OTKP 1', '3003', '303'),
(3548303, 218137, 'ELSA APRILIA SAFITRI', 'OTKP', 'XI OTKP 1', '3003', '303'),
(3549303, 218138, 'FANNY DWI MUNAENI', 'OTKP', 'XI OTKP 1', '3003', '303'),
(3550303, 218141, 'Frida Siwi Maysawati', 'OTKP', 'XI OTKP 1', '3003', '303'),
(3551303, 218142, 'HARTANTI WIJAYA', 'OTKP', 'XI OTKP 1', '3003', '303'),
(3552303, 218144, 'Jesica Trisia Putri', 'OTKP', 'XI OTKP 1', '3003', '303'),
(3553303, 218145, 'KALISA NABILA', 'OTKP', 'XI OTKP 1', '3003', '303'),
(3554303, 218147, 'LAILAH NURJANAH', 'OTKP', 'XI OTKP 1', '3003', '303'),
(3555303, 218148, 'MARSELLINA', 'OTKP', 'XI OTKP 1', '3003', '303'),
(3556303, 218149, 'MEI RIYANTI', 'OTKP', 'XI OTKP 1', '3003', '303'),
(3557303, 218150, 'NABILA MUKHTAR', 'OTKP', 'XI OTKP 1', '3003', '303'),
(3558303, 218154, 'NAGITA ZAHARANI', 'OTKP', 'XI OTKP 1', '3003', '303'),
(3559303, 218155, 'Najwa Indah Lestari', 'OTKP', 'XI OTKP 1', '3003', '303'),
(3560303, 218157, 'NATASYA ALAWIYAH', 'OTKP', 'XI OTKP 1', '3003', '303'),
(3561303, 218163, 'NURUL ZHAHRANI', 'OTKP', 'XI OTKP 1', '3003', '303'),
(3562303, 218167, 'RISTY INDRIANI PUTRI', 'OTKP', 'XI OTKP 1', '3003', '303'),
(3563303, 218169, 'SALSA ZULFA HISANAH', 'OTKP', 'XI OTKP 1', '3003', '303'),
(3564303, 218170, 'SEFHIA MAHARANI', 'OTKP', 'XI OTKP 1', '3003', '303'),
(3565303, 218171, 'SILVIANA NUGRAHA', 'OTKP', 'XI OTKP 1', '3003', '303'),
(3566303, 218172, 'SILVIE', 'OTKP', 'XI OTKP 1', '3003', '303'),
(3567303, 218174, 'SITI TWANTI', 'OTKP', 'XI OTKP 1', '3003', '303'),
(3568303, 218175, 'SOFHIANA PUTRI SUTRISNO', 'OTKP', 'XI OTKP 1', '3003', '303'),
(3569303, 218179, 'VIVIAN CORNELIA SETIAWAN', 'OTKP', 'XI OTKP 1', '3003', '303'),
(3570303, 218118, 'ADELIA ZAHRA KHIRANA', 'OTKP', 'XI OTKP 2', '3003', '303'),
(3571303, 218121, 'AMANDA NURMALA', 'OTKP', 'XI OTKP 2', '3003', '303'),
(3572303, 218125, 'ANIS SYAHIIDAH MEILANI', 'OTKP', 'XI OTKP 2', '3003', '303'),
(3573303, 218127, 'ANISSA', 'OTKP', 'XI OTKP 2', '3003', '303'),
(3574303, 218129, 'ASHA SHARA APRIANA', 'OTKP', 'XI OTKP 2', '3003', '303'),
(3575303, 218131, 'AZ ZAHRA ZIDNI NAYSABILLA', 'OTKP', 'XI OTKP 2', '3003', '303'),
(3576303, 218132, 'DEA RAHMA ALYA', 'OTKP', 'XI OTKP 2', '3003', '303'),
(3577303, 218135, 'DHEA RAHMAWATI', 'OTKP', 'XI OTKP 2', '3003', '303'),
(3578303, 218139, 'FIKA DAVILA', 'OTKP', 'XI OTKP 2', '3003', '303'),
(3579303, 218140, 'FLORA CINDY AULIA', 'OTKP', 'XI OTKP 2', '3003', '303'),
(3580303, 218143, 'IRMA SEPTIANI IRWANSYAH', 'OTKP', 'XI OTKP 2', '3003', '303'),
(3581303, 218146, 'KHUSNUL KHOTIMATUL ZAHRA', 'OTKP', 'XI OTKP 2', '3003', '303'),
(3582303, 218151, 'NABILA PUTRI SETIAWAN', 'OTKP', 'XI OTKP 2', '3003', '303'),
(3583303, 218152, 'NABILA SEPTYANA DEWI', 'OTKP', 'XI OTKP 2', '3003', '303'),
(3584303, 218153, 'NABYLA', 'OTKP', 'XI OTKP 2', '3003', '303'),
(3585303, 218156, 'NANDITA PUTRI RAMADHANI', 'OTKP', 'XI OTKP 2', '3003', '303'),
(3586303, 218158, 'NEZA CHARLITA', 'OTKP', 'XI OTKP 2', '3003', '303'),
(3587303, 218159, 'NIMAS NUR YAUMI', 'OTKP', 'XI OTKP 2', '3003', '303'),
(3588303, 218160, 'NIRMALASARI', 'OTKP', 'XI OTKP 2', '3003', '303'),
(3589303, 218161, 'NOVIA AMANDA', 'OTKP', 'XI OTKP 2', '3003', '303'),
(3590303, 218162, 'NURHIKMAH', 'OTKP', 'XI OTKP 2', '3003', '303'),
(3591303, 218164, 'PUTRI AYU WULANDARI', 'OTKP', 'XI OTKP 2', '3003', '303'),
(3592303, 218165, 'RATNA DILAH', 'OTKP', 'XI OTKP 2', '3003', '303'),
(3593303, 218166, 'RINI NURBAITI', 'OTKP', 'XI OTKP 2', '3003', '303'),
(3594303, 218168, 'RIYANTI WAFIQ AZIZAH', 'OTKP', 'XI OTKP 2', '3003', '303'),
(3595303, 218226, 'SALSABILA NURUL FITRI', 'OTKP', 'XI OTKP 2', '3003', '303'),
(3596303, 218173, 'SITI MUTIARA WARDAH', 'OTKP', 'XI OTKP 2', '3003', '303'),
(3597303, 218176, 'SYAIRA RANI ASMARI PUTRI', 'OTKP', 'XI OTKP 2', '3003', '303'),
(3598303, 218177, 'TASYA MUTALIFAH ', 'OTKP', 'XI OTKP 2', '3003', '303'),
(3599303, 218178, 'Tria Kartini Wahyudi', 'OTKP', 'XI OTKP 2', '3003', '303'),
(3600303, 218180, 'WINDA AULIA', 'OTKP', 'XI OTKP 2', '3003', '303'),
(3601303, 218181, 'WINDA RESTU FALIHA', 'OTKP', 'XI OTKP 2', '3003', '303'),
(3602303, 217969, 'ADI PRATAMA', 'TKJ', 'XI TKJ 1', '4004', '303'),
(3603303, 217971, 'AGUNG RAMADHAN', 'TKJ', 'XI TKJ 1', '4004', '303'),
(3604303, 217972, 'Ahmad Agus Tawakal', 'TKJ', 'XI TKJ 1', '4004', '303'),
(3605303, 217976, 'ALBERTINUS SABAM SILAEN', 'TKJ', 'XI TKJ 1', '4004', '303'),
(3606303, 217978, 'ALFIAN FEBRIYANTO', 'TKJ', 'XI TKJ 1', '4004', '303'),
(3607303, 217979, 'ALFIAN NUR ILHAM', 'TKJ', 'XI TKJ 1', '4004', '303'),
(3608303, 217980, 'ALPIN RAMADAN SETIAWAN', 'TKJ', 'XI TKJ 1', '4004', '303'),
(3609303, 217994, 'DENTA FITRI NOVIANI', 'TKJ', 'XI TKJ 1', '4004', '303'),
(3610303, 218000, 'EGI KURNIA', 'TKJ', 'XI TKJ 1', '4004', '303'),
(3611303, 218001, 'EGNER CONSTANTIN', 'TKJ', 'XI TKJ 1', '4004', '303'),
(3612303, 218002, 'ERICH JALEMBA JUNIARTA', 'TKJ', 'XI TKJ 1', '4004', '303'),
(3613303, 218004, 'FADLY ERLANGGA', 'TKJ', 'XI TKJ 1', '4004', '303'),
(3614303, 218007, 'FATHYA AULIA', 'TKJ', 'XI TKJ 1', '4004', '303'),
(3615303, 218010, 'FIKHAR HADISAPUTRA', 'TKJ', 'XI TKJ 1', '4004', '303'),
(3616303, 218014, 'FRANS LEONARDO HADIWINATA', 'TKJ', 'XI TKJ 1', '4004', '303'),
(3617303, 218017, 'GILANG MAULANA AKBAR', 'TKJ', 'XI TKJ 1', '4004', '303'),
(3618303, 218019, 'HAFIDZ SYAHPUTRO', 'TKJ', 'XI TKJ 1', '4004', '303'),
(3619303, 218025, 'KELVIN OKTA RAMADHAN', 'TKJ', 'XI TKJ 1', '4004', '303'),
(3620303, 218027, 'MAULANA IKSAN', 'TKJ', 'XI TKJ 1', '4004', '303'),
(3621303, 218028, 'MOHAMAD RIZKI', 'TKJ', 'XI TKJ 1', '4004', '303'),
(3622303, 218034, 'MUHAMAD SUBASTIAN', 'TKJ', 'XI TKJ 1', '4004', '303'),
(3623303, 218037, 'MUHAMMAD ANGGI SAPUTRA', 'TKJ', 'XI TKJ 1', '4004', '303'),
(3624303, 218038, 'MUHAMMAD DAFFI', 'TKJ', 'XI TKJ 1', '4004', '303'),
(3625303, 218228, 'Muhammad Nur Arifin', 'TKJ', 'XI TKJ 1', '4004', '303'),
(3626303, 218043, 'MUHAMMAD RIZKY AL AKBAR', 'TKJ', 'XI TKJ 1', '4004', '303'),
(3627303, 218045, 'NOVAL RAMADAN', 'TKJ', 'XI TKJ 1', '4004', '303'),
(3628303, 218047, 'NOVEL SYAHPUTRA HALIM', 'TKJ', 'XI TKJ 1', '4004', '303'),
(3629303, 218048, 'PANJI RAHMADI', 'TKJ', 'XI TKJ 1', '4004', '303'),
(3630303, 218051, 'RADIS SETIAWAN', 'TKJ', 'XI TKJ 1', '4004', '303'),
(3631303, 218052, 'RAFA MAULANA ARDIANSYAH', 'TKJ', 'XI TKJ 1', '4004', '303'),
(3632303, 218053, 'RAFLI AGUNG PRAYOGA', 'TKJ', 'XI TKJ 1', '4004', '303'),
(3633303, 218062, 'SIGIT NURCAHYONO', 'TKJ', 'XI TKJ 1', '4004', '303'),
(3634303, 218065, 'TYO RIYADI SYAPUTRA', 'TKJ', 'XI TKJ 1', '4004', '303'),
(3635303, 218066, 'YULIO LUKAS ADRIANO HUTAGAOL', 'TKJ', 'XI TKJ 1', '4004', '303'),
(3636303, 218067, 'ZIDAN RIZKY RAMADHAN', 'TKJ', 'XI TKJ 1', '4004', '303'),
(3637303, 217968, 'ADE IRSAD ABIDIN', 'TKJ', 'XI TKJ 2', '4004', '303'),
(3638303, 217970, 'Afrizal Ardiansyah', 'TKJ', 'XI TKJ 2', '4004', '303'),
(3639303, 217975, 'ALBASRAH MOHAMAD SALEH RAGO', 'TKJ', 'XI TKJ 2', '4004', '303'),
(3640303, 217977, 'ALDI AWALUDIN', 'TKJ', 'XI TKJ 2', '4004', '303'),
(3641303, 217981, 'ANDIKA', 'TKJ', 'XI TKJ 2', '4004', '303'),
(3642303, 217984, 'ARDESTA KURNIAWAN', 'TKJ', 'XI TKJ 2', '4004', '303'),
(3643303, 217985, 'ARDI DANU ANGGARA', 'TKJ', 'XI TKJ 2', '4004', '303'),
(3644303, 217986, 'ARIEL ILHAMI', 'TKJ', 'XI TKJ 2', '4004', '303'),
(3645303, 217988, 'BAYU SAPUTRA', 'TKJ', 'XI TKJ 2', '4004', '303'),
(3646303, 217990, 'DAMARUDIN', 'TKJ', 'XI TKJ 2', '4004', '303'),
(3647303, 217993, 'DEDI MARDIYANSAH', 'TKJ', 'XI TKJ 2', '4004', '303'),
(3648303, 217995, 'DEVFRAN ADITYA SUHERNO PUTRA', 'TKJ', 'XI TKJ 2', '4004', '303'),
(3649303, 217996, 'DHIMAS KURNIAWAN BASORI', 'TKJ', 'XI TKJ 2', '4004', '303'),
(3650303, 217999, 'Diki Ramadan', 'TKJ', 'XI TKJ 2', '4004', '303'),
(3651303, 218005, 'FAJAR NUGRAHA', 'TKJ', 'XI TKJ 2', '4004', '303'),
(3652303, 218011, 'FIKRI FAHREZA', 'TKJ', 'XI TKJ 2', '4004', '303'),
(3653303, 218013, 'FIRMANSYAH', 'TKJ', 'XI TKJ 2', '4004', '303'),
(3654303, 218018, 'HABIB SUFYAN FADILLAH', 'TKJ', 'XI TKJ 2', '4004', '303'),
(3655303, 218020, 'HAIKAL FIKRI NURWANTO', 'TKJ', 'XI TKJ 2', '4004', '303'),
(3656303, 218021, 'I PT.GALIHANDRA REVA ULUM DINATA', 'TKJ', 'XI TKJ 2', '4004', '303'),
(3657303, 218022, 'ILHAM RAHMATTULLOH', 'TKJ', 'XI TKJ 2', '4004', '303'),
(3658303, 218023, 'INDAH FAAKHIRA SEBASTIAN', 'TKJ', 'XI TKJ 2', '4004', '303'),
(3659303, 218024, 'KEFIN HIDAYAT', 'TKJ', 'XI TKJ 2', '4004', '303'),
(3660303, 218030, 'MUHAMAD ARDIANSYAH', 'TKJ', 'XI TKJ 2', '4004', '303'),
(3661303, 218039, 'MUHAMMAD MAULANA RAMDHANI', 'TKJ', 'XI TKJ 2', '4004', '303'),
(3662303, 218040, 'MUHAMMAD NANDA FIRMANSYAH', 'TKJ', 'XI TKJ 2', '4004', '303'),
(3663303, 218042, 'MUHAMMAD RIFKI RABBANI', 'TKJ', 'XI TKJ 2', '4004', '303'),
(3664303, 218044, 'NADIA NURLITA', 'TKJ', 'XI TKJ 2', '4004', '303'),
(3665303, 218049, 'PINDY AUGY SEPTIANU PUTRA', 'TKJ', 'XI TKJ 2', '4004', '303'),
(3666303, 218050, 'PITON', 'TKJ', 'XI TKJ 2', '4004', '303'),
(3667303, 218055, 'RIFQI AZHAR SAPUTRA', 'TKJ', 'XI TKJ 2', '4004', '303'),
(3668303, 218059, 'Rizky Bagaskoro', 'TKJ', 'XI TKJ 2', '4004', '303'),
(3669303, 218060, 'ROFIQY MIRYAL AL MURTADHA', 'TKJ', 'XI TKJ 2', '4004', '303'),
(3670303, 218061, 'SATRIAWAN TRIE SAPUTRA', 'TKJ', 'XI TKJ 2', '4004', '303'),
(3671303, 217973, 'AHMAD SAPUTRA', 'TKJ', 'XI TKJ 3', '4004', '303'),
(3672303, 217974, 'AKMAL FEBRYANSYAH', 'TKJ', 'XI TKJ 3', '4004', '303'),
(3673303, 217982, 'ANDYKA PUTRA PRASETYA', 'TKJ', 'XI TKJ 3', '4004', '303'),
(3674303, 217983, 'Anis Tiarawati', 'TKJ', 'XI TKJ 3', '4004', '303'),
(3675303, 217987, 'ARMANDA PUTRA', 'TKJ', 'XI TKJ 3', '4004', '303'),
(3676303, 217989, 'CHANDRA ANDIKA', 'TKJ', 'XI TKJ 3', '4004', '303'),
(3677303, 217991, 'DAVI TRISNA PRASETYA', 'TKJ', 'XI TKJ 3', '4004', '303'),
(3678303, 217992, 'DAVID HERMANSYAH', 'TKJ', 'XI TKJ 3', '4004', '303'),
(3679303, 217997, 'Diah Sintia', 'TKJ', 'XI TKJ 3', '4004', '303'),
(3680303, 217998, 'DIEGO RAFI GHATHFAAN', 'TKJ', 'XI TKJ 3', '4004', '303'),
(3681303, 218003, 'FABRIAN AFRIANSYAH', 'TKJ', 'XI TKJ 3', '4004', '303'),
(3682303, 218006, 'FARIJ ASHIDIQI', 'TKJ', 'XI TKJ 3', '4004', '303'),
(3683303, 218008, 'FELIX ADIKA', 'TKJ', 'XI TKJ 3', '4004', '303'),
(3684303, 218009, 'FICRI CHOIRUL IMAM', 'TKJ', 'XI TKJ 3', '4004', '303'),
(3685303, 218012, 'FIRGIE HAFIANSYAH FAHREVI ', 'TKJ', 'XI TKJ 3', '4004', '303'),
(3686303, 218015, 'GAFARA EKA FAHRIZA', 'TKJ', 'XI TKJ 3', '4004', '303'),
(3687303, 218016, 'GHUFRON KHAIRULLAH', 'TKJ', 'XI TKJ 3', '4004', '303'),
(3688303, 218026, 'KHARENAL ARDIANTONY', 'TKJ', 'XI TKJ 3', '4004', '303'),
(3689303, 218029, 'MUHAMAD APRIANSYAH', 'TKJ', 'XI TKJ 3', '4004', '303'),
(3690303, 218031, 'MUHAMAD CHAIRIEL', 'TKJ', 'XI TKJ 3', '4004', '303'),
(3691303, 218032, 'MUHAMAD RIZKY', 'TKJ', 'XI TKJ 3', '4004', '303'),
(3692303, 218033, 'Muhamad Rizky Farizah', 'TKJ', 'XI TKJ 3', '4004', '303'),
(3693303, 218035, 'MUHAMMAD AFDANY PUTRA WIJAYA', 'TKJ', 'XI TKJ 3', '4004', '303'),
(3694303, 218036, 'MUHAMMAD ALFARIZA', 'TKJ', 'XI TKJ 3', '4004', '303'),
(3695303, 218041, 'MUHAMMAD REZA BAGUS SAPUTRA', 'TKJ', 'XI TKJ 3', '4004', '303'),
(3696303, 218227, 'MUHAMMAD RISKY', 'TKJ', 'XI TKJ 3', '4004', '303'),
(3697303, 218046, 'NOVALLINO', 'TKJ', 'XI TKJ 3', '4004', '303'),
(3698303, 218054, 'RAFLY RAMADHAN LESMANA', 'TKJ', 'XI TKJ 3', '4004', '303'),
(3699303, 218056, 'RIFQI FADILLA DWIKA', 'TKJ', 'XI TKJ 3', '4004', '303'),
(3700303, 218057, 'RISVAL ANGGRA RESTA', 'TKJ', 'XI TKJ 3', '4004', '303'),
(3701303, 218058, 'Riyo', 'TKJ', 'XI TKJ 3', '4004', '303'),
(3702303, 218224, 'SANDY PUTRA', 'TKJ', 'XI TKJ 3', '4004', '303'),
(3703303, 218063, 'Syahril Suganda Saputra', 'TKJ', 'XI TKJ 3', '4004', '303'),
(3704303, 218064, 'TUBAGUS ABU BAKAR ZEIN', 'TKJ', 'XI TKJ 3', '4004', '303'),
(3705303, 207714, 'ANDREAS ADIANTO', 'AKL', 'XII AKL 1', '5005', '303'),
(3706303, 207719, 'AULIA FATIKA SARI', 'AKL', 'XII AKL 1', '5005', '303'),
(3707303, 207720, 'BINTANG RAMADHANI', 'AKL', 'XII AKL 1', '5005', '303'),
(3708303, 207722, 'Choirul Akmal Hidayat', 'AKL', 'XII AKL 1', '5005', '303'),
(3709303, 207723, 'DEA MARCELLANI', 'AKL', 'XII AKL 1', '5005', '303'),
(3710303, 207724, 'DESFIANAPUTRI WIDYARSANTI', 'AKL', 'XII AKL 1', '5005', '303'),
(3711303, 207727, 'DEVIANA FERNANDA ', 'AKL', 'XII AKL 1', '5005', '303'),
(3712303, 207730, 'FADILLAH ROHMAN', 'AKL', 'XII AKL 1', '5005', '303'),
(3713303, 207731, 'FAUZI WIBOWO', 'AKL', 'XII AKL 1', '5005', '303'),
(3714303, 207733, 'FERDIYANSAH', 'AKL', 'XII AKL 1', '5005', '303'),
(3715303, 207735, 'Fitri Nur Indriani', 'AKL', 'XII AKL 1', '5005', '303'),
(3716303, 207736, 'FITRI ZETIRA SALSA', 'AKL', 'XII AKL 1', '5005', '303'),
(3717303, 207738, 'HABIB YAZID FIKRIANSYAH', 'AKL', 'XII AKL 1', '5005', '303'),
(3718303, 207739, 'Hani Astuti', 'AKL', 'XII AKL 1', '5005', '303'),
(3719303, 207740, 'HELEN SETIABUDI', 'AKL', 'XII AKL 1', '5005', '303'),
(3720303, 207741, 'HERLINA SETIAWAN', 'AKL', 'XII AKL 1', '5005', '303'),
(3721303, 207743, 'ILMA AMALIA', 'AKL', 'XII AKL 1', '5005', '303'),
(3722303, 207744, 'IVANA CHANAFI', 'AKL', 'XII AKL 1', '5005', '303'),
(3723303, 207745, 'JOSIANA GARETZA', 'AKL', 'XII AKL 1', '5005', '303'),
(3724303, 207753, 'MAYDA CHANAFI', 'AKL', 'XII AKL 1', '5005', '303'),
(3725303, 207758, 'MUHAMAD RAFI EKA SAPUTRA', 'AKL', 'XII AKL 1', '5005', '303'),
(3726303, 207748, 'MUHAMMAD ARYA DIVA', 'AKL', 'XII AKL 1', '5005', '303'),
(3727303, 207759, 'NABILA APRILIA SANI', 'AKL', 'XII AKL 1', '5005', '303'),
(3728303, 207760, 'NAJWA SABILLA AMRI', 'AKL', 'XII AKL 1', '5005', '303'),
(3729303, 207764, 'NOVIA ADRIANA ELISANTY', 'AKL', 'XII AKL 1', '5005', '303'),
(3730303, 207767, 'RAFA MALIKI ARDIANSYAH', 'AKL', 'XII AKL 1', '5005', '303'),
(3731303, 207768, 'RAHMA SAECAR ROSSA LIANI', 'AKL', 'XII AKL 1', '5005', '303'),
(3732303, 207769, 'RAHMAH', 'AKL', 'XII AKL 1', '5005', '303'),
(3733303, 207770, 'RAKHEL MARYAM', 'AKL', 'XII AKL 1', '5005', '303'),
(3734303, 207771, 'RATU NUR AYUNINGTIAS', 'AKL', 'XII AKL 1', '5005', '303'),
(3735303, 207774, 'REVANI NADYA DESWIT', 'AKL', 'XII AKL 1', '5005', '303'),
(3736303, 207780, 'ROSY GUSRIA NINGRUM', 'AKL', 'XII AKL 1', '5005', '303'),
(3737303, 207784, 'SISKA AULIA WARYANTO', 'AKL', 'XII AKL 1', '5005', '303'),
(3738303, 207785, 'SITI POUJIYAN', 'AKL', 'XII AKL 1', '5005', '303'),
(3739303, 207786, 'Sri Rahayu Wandirah', 'AKL', 'XII AKL 1', '5005', '303'),
(3740303, 207788, 'SURYANI', 'AKL', 'XII AKL 1', '5005', '303'),
(3741303, 207791, 'Vania Putri Wijaya', 'AKL', 'XII AKL 1', '5005', '303'),
(3742303, 207792, 'VIANA PATRICIA ANG', 'AKL', 'XII AKL 1', '5005', '303'),
(3743303, 207793, 'VIKKY PRIMA SUPELI', 'AKL', 'XII AKL 1', '5005', '303'),
(3744303, 207794, 'ZAHRA AMELIA PUTRI', 'AKL', 'XII AKL 1', '5005', '303'),
(3745303, 207796, 'ZAHRAH LUTFI FEBRIANA', 'AKL', 'XII AKL 1', '5005', '303'),
(3746303, 207712, 'Ahmad Faisal Risaldi', 'AKL', 'XII AKL 2', '5005', '303'),
(3747303, 207713, 'AHMAD TRI APIYAN', 'AKL', 'XII AKL 2', '5005', '303'),
(3748303, 207715, 'ANDRI DWI KURNIAWAN', 'AKL', 'XII AKL 2', '5005', '303'),
(3749303, 207716, 'ARDIAN SYAH', 'AKL', 'XII AKL 2', '5005', '303'),
(3750303, 207717, 'ARIA KRISNA JOHAERI', 'AKL', 'XII AKL 2', '5005', '303'),
(3751303, 207721, 'CECE CUMAIDA', 'AKL', 'XII AKL 2', '5005', '303'),
(3752303, 207725, 'DESI WULANDARI', 'AKL', 'XII AKL 2', '5005', '303'),
(3753303, 207726, 'Deva Puspitasari', 'AKL', 'XII AKL 2', '5005', '303'),
(3754303, 207728, 'DIAH PUTRI LESTARI', 'AKL', 'XII AKL 2', '5005', '303'),
(3755303, 207729, 'EKA ROHMAWATI', 'AKL', 'XII AKL 2', '5005', '303'),
(3756303, 207732, 'FELIANI MEI ASTUTI', 'AKL', 'XII AKL 2', '5005', '303'),
(3757303, 207737, 'FITRIANA', 'AKL', 'XII AKL 2', '5005', '303'),
(3758303, 207742, 'IIN RISKAWATI', 'AKL', 'XII AKL 2', '5005', '303'),
(3759303, 207746, 'LISTIAWATI', 'AKL', 'XII AKL 2', '5005', '303'),
(3760303, 207749, 'MANDA AGRISTINA', 'AKL', 'XII AKL 2', '5005', '303'),
(3761303, 207750, 'Marselina', 'AKL', 'XII AKL 2', '5005', '303'),
(3762303, 207751, 'MARSYA OLIVIA FARHAH', 'AKL', 'XII AKL 2', '5005', '303'),
(3763303, 207752, 'MAYA FIRDAUS SARI', 'AKL', 'XII AKL 2', '5005', '303'),
(3764303, 207754, 'MAYSEL FIDELA', 'AKL', 'XII AKL 2', '5005', '303'),
(3765303, 207755, 'MIRA YANTI', 'AKL', 'XII AKL 2', '5005', '303'),
(3766303, 207756, 'Mohamad Aldi Herdiansah', 'AKL', 'XII AKL 2', '5005', '303'),
(3767303, 207757, 'MUHAMAD MIFTAHUL ATHO', 'AKL', 'XII AKL 2', '5005', '303'),
(3768303, 207761, 'NAZWA DWI FADILLAH', 'AKL', 'XII AKL 2', '5005', '303'),
(3769303, 207762, 'NITA AGUSTINA', 'AKL', 'XII AKL 2', '5005', '303'),
(3770303, 207763, 'NIYA LASITA', 'AKL', 'XII AKL 2', '5005', '303'),
(3771303, 207765, 'NUR KHOIRUNISA', 'AKL', 'XII AKL 2', '5005', '303'),
(3772303, 207766, 'PUTRI SELVIANA', 'AKL', 'XII AKL 2', '5005', '303'),
(3773303, 207772, 'Rayhan Muhammad Dafansyah', 'AKL', 'XII AKL 2', '5005', '303'),
(3774303, 207773, 'RENI MUTIA', 'AKL', 'XII AKL 2', '5005', '303'),
(3775303, 207775, 'REZA SHAFIRA WIJAYA', 'AKL', 'XII AKL 2', '5005', '303'),
(3776303, 207776, 'RINI ALFIYANI', 'AKL', 'XII AKL 2', '5005', '303'),
(3777303, 207777, 'RISKA NURUL KHOTIMAH', 'AKL', 'XII AKL 2', '5005', '303');
INSERT INTO `siswa` (`id_siswa`, `nis`, `nama_siswa`, `jurusan`, `kelas`, `group_kelas`, `tahun_ajaran`) VALUES
(3778303, 207778, 'RISKI SETIAWAN', 'AKL', 'XII AKL 2', '5005', '303'),
(3779303, 207779, 'ROFAH', 'AKL', 'XII AKL 2', '5005', '303'),
(3780303, 207781, 'Ryan Septian', 'AKL', 'XII AKL 2', '5005', '303'),
(3781303, 207782, 'SEPTI AMINATUL CHASANAH', 'AKL', 'XII AKL 2', '5005', '303'),
(3782303, 207787, 'SUCI RIJKIA SARI', 'AKL', 'XII AKL 2', '5005', '303'),
(3783303, 207789, 'SYAVANA EKI FEBRIYANTI', 'AKL', 'XII AKL 2', '5005', '303'),
(3784303, 207790, 'THERESIA BUI HERA', 'AKL', 'XII AKL 2', '5005', '303'),
(3785303, 207795, 'ZAHRA AZIZAH DHAIFULLAH', 'AKL', 'XII AKL 2', '5005', '303'),
(3786303, 207797, 'ZAHRA NUR NABILA', 'AKL', 'XII AKL 2', '5005', '303'),
(3787303, 207887, 'ABDULLAH RIYAD', 'BDP', 'XII BDP 1', '5005', '303'),
(3788303, 207892, 'Anis Karsella', 'BDP', 'XII BDP 1', '5005', '303'),
(3789303, 207894, 'AQIL IRBANI', 'BDP', 'XII BDP 1', '5005', '303'),
(3790303, 207897, 'DAVID ERIK HERMAWAN', 'BDP', 'XII BDP 1', '5005', '303'),
(3791303, 207899, 'DELLA NORMAYANTIKA', 'BDP', 'XII BDP 1', '5005', '303'),
(3792303, 207900, 'DENNIS RAFAEL', 'BDP', 'XII BDP 1', '5005', '303'),
(3793303, 207901, 'DEVIDA AULIA', 'BDP', 'XII BDP 1', '5005', '303'),
(3794303, 207902, 'DEVINA LORENZA KURNIA PUTRY', 'BDP', 'XII BDP 1', '5005', '303'),
(3795303, 207903, 'DINA CAHYANI', 'BDP', 'XII BDP 1', '5005', '303'),
(3796303, 207904, 'ELISA FEBRIYANTI', 'BDP', 'XII BDP 1', '5005', '303'),
(3797303, 207905, 'FADLY MUHAMAD NUGRAHA', 'BDP', 'XII BDP 1', '5005', '303'),
(3798303, 207906, 'Fatmah Ayu', 'BDP', 'XII BDP 1', '5005', '303'),
(3799303, 207907, 'FEBRIAN FRANSIUS', 'BDP', 'XII BDP 1', '5005', '303'),
(3800303, 207909, 'FERIYAN SYAH', 'BDP', 'XII BDP 1', '5005', '303'),
(3801303, 207914, 'IQBAL ILHAM SYAH', 'BDP', 'XII BDP 1', '5005', '303'),
(3802303, 207916, 'KEZIA CAROLINA NONITEMA', 'BDP', 'XII BDP 1', '5005', '303'),
(3803303, 207921, 'Maysia Laurent Yosephin', 'BDP', 'XII BDP 1', '5005', '303'),
(3804303, 207924, 'MUHAMMAD AJI SURAHMAN', 'BDP', 'XII BDP 1', '5005', '303'),
(3805303, 207928, 'MUHAMMAD FIRDAUS', 'BDP', 'XII BDP 1', '5005', '303'),
(3806303, 207929, 'MUHAMMAD NOVAL ADITYA', 'BDP', 'XII BDP 1', '5005', '303'),
(3807303, 207930, 'MUHAMMAD REVALDI', 'BDP', 'XII BDP 1', '5005', '303'),
(3808303, 207931, 'MUSLIM AZIZ ABDILLAH', 'BDP', 'XII BDP 1', '5005', '303'),
(3809303, 207932, 'Nabila Rizky Tirtananda', 'BDP', 'XII BDP 1', '5005', '303'),
(3810303, 207934, 'Nicholas', 'BDP', 'XII BDP 1', '5005', '303'),
(3811303, 207936, 'NUR INTAN AULIA RAHMADINAH', 'BDP', 'XII BDP 1', '5005', '303'),
(3812303, 207938, 'PENDI PRASETYO', 'BDP', 'XII BDP 1', '5005', '303'),
(3813303, 207939, 'PERNANDO SAPUTRA', 'BDP', 'XII BDP 1', '5005', '303'),
(3814303, 207940, 'PINGKAN LAILA OKTAVIANI', 'BDP', 'XII BDP 1', '5005', '303'),
(3815303, 207941, 'Preti Audia', 'BDP', 'XII BDP 1', '5005', '303'),
(3816303, 207942, 'PUTRI', 'BDP', 'XII BDP 1', '5005', '303'),
(3817303, 207944, 'PUTRI ARIYANI', 'BDP', 'XII BDP 1', '5005', '303'),
(3818303, 207943, 'PUTRI AULIA', 'BDP', 'XII BDP 1', '5005', '303'),
(3819303, 207945, 'RAGIL NURIL ANWAR', 'BDP', 'XII BDP 1', '5005', '303'),
(3820303, 207946, 'RAHMA FITRIYANI', 'BDP', 'XII BDP 1', '5005', '303'),
(3821303, 207952, 'Rini Rustrimiati', 'BDP', 'XII BDP 1', '5005', '303'),
(3822303, 207953, 'RIVALDI AFRIAN', 'BDP', 'XII BDP 1', '5005', '303'),
(3823303, 207961, 'TEGUH SOLEH', 'BDP', 'XII BDP 1', '5005', '303'),
(3824303, 207962, 'ULFA NURMAYANTI', 'BDP', 'XII BDP 1', '5005', '303'),
(3825303, 207963, 'Wahyudi', 'BDP', 'XII BDP 1', '5005', '303'),
(3826303, 207965, 'YUSUP SLAMET RAHARJO', 'BDP', 'XII BDP 1', '5005', '303'),
(3827303, 207886, 'ABDUL MUJIB WADI', 'BDP', 'XII BDP 2', '5005', '303'),
(3828303, 207888, 'AHMAD FAIZ RAMDHANI', 'BDP', 'XII BDP 2', '5005', '303'),
(3829303, 207891, 'ANGGI MAULANA', 'BDP', 'XII BDP 2', '5005', '303'),
(3830303, 207893, 'ANNISA RAHMAN', 'BDP', 'XII BDP 2', '5005', '303'),
(3831303, 207895, 'BINTANG WIDIYASTARA ASROFI', 'BDP', 'XII BDP 2', '5005', '303'),
(3832303, 207896, 'BUNGGA ARSITA PUTRI', 'BDP', 'XII BDP 2', '5005', '303'),
(3833303, 207898, 'DEA SABELA PUTRI', 'BDP', 'XII BDP 2', '5005', '303'),
(3834303, 207908, 'FEBRIANSYAH SANJAYA', 'BDP', 'XII BDP 2', '5005', '303'),
(3835303, 207910, 'FIRJATULLAH ANISSA RAHMAN', 'BDP', 'XII BDP 2', '5005', '303'),
(3836303, 207911, 'ILHAM APRILIANSYAH', 'BDP', 'XII BDP 2', '5005', '303'),
(3837303, 207912, 'INDAH AYUNI SARI', 'BDP', 'XII BDP 2', '5005', '303'),
(3838303, 207915, 'IQBAL SURYADI', 'BDP', 'XII BDP 2', '5005', '303'),
(3839303, 207918, 'Ledia Hanifah', 'BDP', 'XII BDP 2', '5005', '303'),
(3840303, 207919, 'LULU NURFAOLA', 'BDP', 'XII BDP 2', '5005', '303'),
(3841303, 207920, 'MARSELA', 'BDP', 'XII BDP 2', '5005', '303'),
(3842303, 207922, 'MOCHAMAD NUR ZAINI', 'BDP', 'XII BDP 2', '5005', '303'),
(3843303, 207925, 'MUHAMAD ARYA APRIYANTO', 'BDP', 'XII BDP 2', '5005', '303'),
(3844303, 207926, 'MUHAMAD DIAS JUNIAWAN', 'BDP', 'XII BDP 2', '5005', '303'),
(3845303, 207927, 'MUHAMMAD FAHRI HERIYANTO', 'BDP', 'XII BDP 2', '5005', '303'),
(3846303, 207933, 'NAJWAH NUR ASYIYAH', 'BDP', 'XII BDP 2', '5005', '303'),
(3847303, 207935, 'NINIS ANNISYA', 'BDP', 'XII BDP 2', '5005', '303'),
(3848303, 207937, 'Patrialis Bayu Putra', 'BDP', 'XII BDP 2', '5005', '303'),
(3849303, 207948, 'Reizhart Afrino Muslim', 'BDP', 'XII BDP 2', '5005', '303'),
(3850303, 207949, 'RENA ANGELITA', 'BDP', 'XII BDP 2', '5005', '303'),
(3851303, 207950, 'REVIN KHUSNADA SAKTI', 'BDP', 'XII BDP 2', '5005', '303'),
(3852303, 207951, 'RIDHO FATARDHO HAMZAH', 'BDP', 'XII BDP 2', '5005', '303'),
(3853303, 207954, 'RIZKY BUDIANTO', 'BDP', 'XII BDP 2', '5005', '303'),
(3854303, 207955, 'SAMSUDIN RADITYA', 'BDP', 'XII BDP 2', '5005', '303'),
(3855303, 207956, 'Septian Budi Riyanto', 'BDP', 'XII BDP 2', '5005', '303'),
(3856303, 207957, 'SILFIANA SARI', 'BDP', 'XII BDP 2', '5005', '303'),
(3857303, 207959, 'SITI NUR HANIFA', 'BDP', 'XII BDP 2', '5005', '303'),
(3858303, 207958, 'Siti Nurfadilah', 'BDP', 'XII BDP 2', '5005', '303'),
(3859303, 207960, 'Syahrul Al Fatah', 'BDP', 'XII BDP 2', '5005', '303'),
(3860303, 207966, 'ZAHRA FITRIA SETIAWAN', 'BDP', 'XII BDP 2', '5005', '303'),
(3861303, 207967, 'ZAZA NUR ANGGRAINI', 'BDP', 'XII BDP 2', '5005', '303'),
(3862303, 207798, 'ALIFA YULISA RAMADHILA', 'OTKP', 'XII OTKP 1', '5005', '303'),
(3863303, 207799, 'ALYA SAFITRI', 'OTKP', 'XII OTKP 1', '5005', '303'),
(3864303, 207800, 'AMANDA EKA MAULANA', 'OTKP', 'XII OTKP 1', '5005', '303'),
(3865303, 207801, 'AMELIA ANANTA PRATIWI', 'OTKP', 'XII OTKP 1', '5005', '303'),
(3866303, 207802, 'AMELIA FERNANDA TANURAHARDJA', 'OTKP', 'XII OTKP 1', '5005', '303'),
(3867303, 207803, 'Amelia Ismawati', 'OTKP', 'XII OTKP 1', '5005', '303'),
(3868303, 207805, 'ANITA MARISKA', 'OTKP', 'XII OTKP 1', '5005', '303'),
(3869303, 207808, 'APSARINA LAJANA', 'OTKP', 'XII OTKP 1', '5005', '303'),
(3870303, 207809, 'ARIELLA ANDINI', 'OTKP', 'XII OTKP 1', '5005', '303'),
(3871303, 207811, 'AYARIKHA ASIYAH INDARDI', 'OTKP', 'XII OTKP 1', '5005', '303'),
(3872303, 207812, 'AYU RAHMA AULIA', 'OTKP', 'XII OTKP 1', '5005', '303'),
(3873303, 207813, 'AYU SEKAR WANGI', 'OTKP', 'XII OTKP 1', '5005', '303'),
(3874303, 207814, 'CALYSTA MAHARANI', 'OTKP', 'XII OTKP 1', '5005', '303'),
(3875303, 207815, 'Cindy Aulia Putri', 'OTKP', 'XII OTKP 1', '5005', '303'),
(3876303, 207818, 'DEA ANANDA', 'OTKP', 'XII OTKP 1', '5005', '303'),
(3877303, 207819, 'DEA MUTIARA', 'OTKP', 'XII OTKP 1', '5005', '303'),
(3878303, 207820, 'DELIA PINKAN RAHMAWATI', 'OTKP', 'XII OTKP 1', '5005', '303'),
(3879303, 207821, 'DEVA OKTAVIANA', 'OTKP', 'XII OTKP 1', '5005', '303'),
(3880303, 207825, 'Elma Novia Safitri', 'OTKP', 'XII OTKP 1', '5005', '303'),
(3881303, 207828, 'FIRA RESTU HERDIANTI', 'OTKP', 'XII OTKP 1', '5005', '303'),
(3882303, 207830, 'FITRIANI MARA', 'OTKP', 'XII OTKP 1', '5005', '303'),
(3883303, 207836, 'JISCAVIA MAERANY', 'OTKP', 'XII OTKP 1', '5005', '303'),
(3884303, 207837, 'JULIANA DWI PRATIWI', 'OTKP', 'XII OTKP 1', '5005', '303'),
(3885303, 207838, 'JUWITA DE FRETES', 'OTKP', 'XII OTKP 1', '5005', '303'),
(3886303, 207840, 'KRISTINA LUSIANA', 'OTKP', 'XII OTKP 1', '5005', '303'),
(3887303, 207843, 'LULU ULI NUHA ALBANTANI', 'OTKP', 'XII OTKP 1', '5005', '303'),
(3888303, 207844, 'MARIA OKTA STYA LINDA', 'OTKP', 'XII OTKP 1', '5005', '303'),
(3889303, 207851, 'NISRINA FITRIA WIDHAH', 'OTKP', 'XII OTKP 1', '5005', '303'),
(3890303, 207855, 'RAHMAWATI', 'OTKP', 'XII OTKP 1', '5005', '303'),
(3891303, 207858, 'SABRINA AMALIA DEVINAYA', 'OTKP', 'XII OTKP 1', '5005', '303'),
(3892303, 207859, 'Salfarani Putri', 'OTKP', 'XII OTKP 1', '5005', '303'),
(3893303, 207861, 'SARI RAHMAWATI', 'OTKP', 'XII OTKP 1', '5005', '303'),
(3894303, 207862, 'SELVIYANTI MUHSIN', 'OTKP', 'XII OTKP 1', '5005', '303'),
(3895303, 207866, 'SITI AFSYOH TRININGTYAS', 'OTKP', 'XII OTKP 1', '5005', '303'),
(3896303, 207865, 'Siti Febrianti', 'OTKP', 'XII OTKP 1', '5005', '303'),
(3897303, 207867, 'SITI LESTARI', 'OTKP', 'XII OTKP 1', '5005', '303'),
(3898303, 207870, 'SUCI SALVA AULIA', 'OTKP', 'XII OTKP 1', '5005', '303'),
(3899303, 207871, 'SUCI WULAN DINI', 'OTKP', 'XII OTKP 1', '5005', '303'),
(3900303, 207875, 'Tiara Rismayanti', 'OTKP', 'XII OTKP 1', '5005', '303'),
(3901303, 207880, 'WIWID DWI RAHMAWATI', 'OTKP', 'XII OTKP 1', '5005', '303'),
(3902303, 207883, 'YOSI GISELA NINGRUM', 'OTKP', 'XII OTKP 1', '5005', '303'),
(3903303, 207884, 'Yuni Oktapiyana', 'OTKP', 'XII OTKP 1', '5005', '303'),
(3904303, 207885, 'ZAHWA NABILA NATASYAWATI', 'OTKP', 'XII OTKP 1', '5005', '303'),
(3905303, 207804, 'ANANDA PUTRI RAMADHANI', 'OTKP', 'XII OTKP 2', '5005', '303'),
(3906303, 207806, 'ANNISA NUR HIDAYAH', 'OTKP', 'XII OTKP 2', '5005', '303'),
(3907303, 207807, 'APRILLIA IRATUR', 'OTKP', 'XII OTKP 2', '5005', '303'),
(3908303, 207810, 'Aulia Rahma', 'OTKP', 'XII OTKP 2', '5005', '303'),
(3909303, 207816, 'CITRA AULIA SARI', 'OTKP', 'XII OTKP 2', '5005', '303'),
(3910303, 207817, 'CLARA BENITA RAVELIA', 'OTKP', 'XII OTKP 2', '5005', '303'),
(3911303, 207823, 'DIANA ROSANA', 'OTKP', 'XII OTKP 2', '5005', '303'),
(3912303, 207824, 'DWI ANNJANY', 'OTKP', 'XII OTKP 2', '5005', '303'),
(3913303, 207826, 'ELVIRA LUCIANA', 'OTKP', 'XII OTKP 2', '5005', '303'),
(3914303, 207827, 'FIFI RESTU HERDIANTI', 'OTKP', 'XII OTKP 2', '5005', '303'),
(3915303, 207829, 'FIRA SAHIRA', 'OTKP', 'XII OTKP 2', '5005', '303'),
(3916303, 207832, 'HENTI AKILA MARWA', 'OTKP', 'XII OTKP 2', '5005', '303'),
(3917303, 207831, 'HEREN ASHARIANTI', 'OTKP', 'XII OTKP 2', '5005', '303'),
(3918303, 207833, 'INDAH YULITA AZIZ', 'OTKP', 'XII OTKP 2', '5005', '303'),
(3919303, 207834, 'Intan Nur Maicha', 'OTKP', 'XII OTKP 2', '5005', '303'),
(3920303, 207835, 'Irna Amelia Safitri', 'OTKP', 'XII OTKP 2', '5005', '303'),
(3921303, 207841, 'KURNIA YULIANA SAPUTRI', 'OTKP', 'XII OTKP 2', '5005', '303'),
(3922303, 207842, 'LINDA SAFITRI', 'OTKP', 'XII OTKP 2', '5005', '303'),
(3923303, 207845, 'NADIA KHADIJA TEWU', 'OTKP', 'XII OTKP 2', '5005', '303'),
(3924303, 207846, 'NAJWA ADELLA RAMADHANI', 'OTKP', 'XII OTKP 2', '5005', '303'),
(3925303, 207847, 'NANDITA SALSABILA', 'OTKP', 'XII OTKP 2', '5005', '303'),
(3926303, 207848, 'Nayla Khairunnisa', 'OTKP', 'XII OTKP 2', '5005', '303'),
(3927303, 207849, 'NAYLA TASYA', 'OTKP', 'XII OTKP 2', '5005', '303'),
(3928303, 207850, 'NAZWA HANIFAH', 'OTKP', 'XII OTKP 2', '5005', '303'),
(3929303, 207852, 'NOVA SAFITRI', 'OTKP', 'XII OTKP 2', '5005', '303'),
(3930303, 207853, 'Ovris Riyani', 'OTKP', 'XII OTKP 2', '5005', '303'),
(3931303, 207854, 'Pipit Nurlaeli Alpitri', 'OTKP', 'XII OTKP 2', '5005', '303'),
(3932303, 207856, 'RIDHA AMALIAH', 'OTKP', 'XII OTKP 2', '5005', '303'),
(3933303, 207857, 'RIZKA NOVIYANTI', 'OTKP', 'XII OTKP 2', '5005', '303'),
(3934303, 207860, 'SANTI MURJANI', 'OTKP', 'XII OTKP 2', '5005', '303'),
(3935303, 207863, 'SEPTIANI RAHAYU', 'OTKP', 'XII OTKP 2', '5005', '303'),
(3936303, 207864, 'SEVILA', 'OTKP', 'XII OTKP 2', '5005', '303'),
(3937303, 207868, 'Siti Maisaroh', 'OTKP', 'XII OTKP 2', '5005', '303'),
(3938303, 207869, 'SITI NUR HABIBAH', 'OTKP', 'XII OTKP 2', '5005', '303'),
(3939303, 207872, 'SYADIAH NUR LATIFAH', 'OTKP', 'XII OTKP 2', '5005', '303'),
(3940303, 207873, 'TASYA AMELIA', 'OTKP', 'XII OTKP 2', '5005', '303'),
(3941303, 207874, 'THIFAL AZIZAH HARTANTI', 'OTKP', 'XII OTKP 2', '5005', '303'),
(3942303, 207876, 'TIAYU', 'OTKP', 'XII OTKP 2', '5005', '303'),
(3943303, 207877, 'ULPAH LEPIYANI', 'OTKP', 'XII OTKP 2', '5005', '303'),
(3944303, 207878, 'VENDA FERNANDA', 'OTKP', 'XII OTKP 2', '5005', '303'),
(3945303, 207879, 'WILDATUL FADILLAH', 'OTKP', 'XII OTKP 2', '5005', '303'),
(3946303, 207881, 'WULAN SRI RAHAYU', 'OTKP', 'XII OTKP 2', '5005', '303'),
(3947303, 207882, 'Yeni Rahmayanti', 'OTKP', 'XII OTKP 2', '5005', '303'),
(3948303, 207579, 'ADAM WAHYYUDI', 'TKJ', 'XII TKJ 1', '6006', '303'),
(3949303, 207586, 'AHMAD DANY', 'TKJ', 'XII TKJ 1', '6006', '303'),
(3950303, 207592, 'ANGGA PRASETYA PUTRA', 'TKJ', 'XII TKJ 1', '6006', '303'),
(3951303, 207593, 'ANGGA YOGA PRATAMA', 'TKJ', 'XII TKJ 1', '6006', '303'),
(3952303, 207594, 'Anggi Alvianto', 'TKJ', 'XII TKJ 1', '6006', '303'),
(3953303, 207595, 'ARDI PRASETIO', 'TKJ', 'XII TKJ 1', '6006', '303'),
(3954303, 207596, 'ARI ARDIANSYAH', 'TKJ', 'XII TKJ 1', '6006', '303'),
(3955303, 207598, 'ARIFIN', 'TKJ', 'XII TKJ 1', '6006', '303'),
(3956303, 207599, 'Aris Bastyar', 'TKJ', 'XII TKJ 1', '6006', '303'),
(3957303, 207600, 'ARYA ZULFIKAR', 'TKJ', 'XII TKJ 1', '6006', '303'),
(3958303, 207601, 'BAYU FIRMANSYAH', 'TKJ', 'XII TKJ 1', '6006', '303'),
(3959303, 207602, 'Bayu Setiawan', 'TKJ', 'XII TKJ 1', '6006', '303'),
(3960303, 207603, 'CAHYA AJI SAPUTRA', 'TKJ', 'XII TKJ 1', '6006', '303'),
(3961303, 207606, 'CORY INTAN AGUSTIN', 'TKJ', 'XII TKJ 1', '6006', '303'),
(3962303, 207615, 'Dzaky Ramadhani', 'TKJ', 'XII TKJ 1', '6006', '303'),
(3963303, 207621, 'ERIK JAJANG KURNIAWAN', 'TKJ', 'XII TKJ 1', '6006', '303'),
(3964303, 207625, 'FAKHRUL DHAFI', 'TKJ', 'XII TKJ 1', '6006', '303'),
(3965303, 207628, 'FERDIAN AHMAD RUDIANTO', 'TKJ', 'XII TKJ 1', '6006', '303'),
(3966303, 207629, 'FERDIAN WIJAYA ALEXANDRA', 'TKJ', 'XII TKJ 1', '6006', '303'),
(3967303, 207636, 'HARIS', 'TKJ', 'XII TKJ 1', '6006', '303'),
(3968303, 207639, 'HERIXS HIDAYAT', 'TKJ', 'XII TKJ 1', '6006', '303'),
(3969303, 207642, 'Immanuel Tamando Maso', 'TKJ', 'XII TKJ 1', '6006', '303'),
(3970303, 207644, 'Justin Valentino Warouw', 'TKJ', 'XII TKJ 1', '6006', '303'),
(3971303, 207645, 'KELVIN AMANDO ERAWAN', 'TKJ', 'XII TKJ 1', '6006', '303'),
(3972303, 207651, 'Mimin Winata', 'TKJ', 'XII TKJ 1', '6006', '303'),
(3973303, 207664, 'MOHAMMAD KHOIRUL YANI', 'TKJ', 'XII TKJ 1', '6006', '303'),
(3974303, 207656, 'MUHAMAD REZA ANDRIAN', 'TKJ', 'XII TKJ 1', '6006', '303'),
(3975303, 207659, 'MUHAMMAD CAVAN HIZAM', 'TKJ', 'XII TKJ 1', '6006', '303'),
(3976303, 207662, 'Muhammad Gusti Razan', 'TKJ', 'XII TKJ 1', '6006', '303'),
(3977303, 207663, 'Muhammad Hasnul Arifin', 'TKJ', 'XII TKJ 1', '6006', '303'),
(3978303, 207669, 'MUHAMMAD SIROJUDDIN GHOZALI', 'TKJ', 'XII TKJ 1', '6006', '303'),
(3979303, 207672, 'NASHRULLOH FIRDAUS', 'TKJ', 'XII TKJ 1', '6006', '303'),
(3980303, 207674, 'NICHOLLA MULQI BARBAROSSA', 'TKJ', 'XII TKJ 1', '6006', '303'),
(3981303, 207678, 'QALAM RAYDATHUL SABANI', 'TKJ', 'XII TKJ 1', '6006', '303'),
(3982303, 207683, 'RAYNOR SANJIA ANDHIKAFATA', 'TKJ', 'XII TKJ 1', '6006', '303'),
(3983303, 207690, 'RIZAL MAULANA', 'TKJ', 'XII TKJ 1', '6006', '303'),
(3984303, 207695, 'SHEVA SEPTANIO', 'TKJ', 'XII TKJ 1', '6006', '303'),
(3985303, 207696, 'SOPIYAN', 'TKJ', 'XII TKJ 1', '6006', '303'),
(3986303, 207697, 'SUGENG DWI WALUYO', 'TKJ', 'XII TKJ 1', '6006', '303'),
(3987303, 207700, 'SYAHRUL HANAVI', 'TKJ', 'XII TKJ 1', '6006', '303'),
(3988303, 207706, 'WILLYANSYAH', 'TKJ', 'XII TKJ 1', '6006', '303'),
(3989303, 207707, 'YOHANES SETIAWAN', 'TKJ', 'XII TKJ 1', '6006', '303'),
(3990303, 207708, 'YUDHA SEPTYAN', 'TKJ', 'XII TKJ 1', '6006', '303'),
(3991303, 207709, 'ZODI PRASTIYO', 'TKJ', 'XII TKJ 1', '6006', '303'),
(3992303, 207578, 'Abdul Rahman', 'TKJ', 'XII TKJ 2', '6006', '303'),
(3993303, 207582, 'AFIF PRASETYO', 'TKJ', 'XII TKJ 2', '6006', '303'),
(3994303, 207583, 'AGUNG MAULANA FEBRIYANTO', 'TKJ', 'XII TKJ 2', '6006', '303'),
(3995303, 207597, 'ARIF', 'TKJ', 'XII TKJ 2', '6006', '303'),
(3996303, 207604, 'CANDRA AGUS NUGROHO', 'TKJ', 'XII TKJ 2', '6006', '303'),
(3997303, 207605, 'CARLOS LEONARDO', 'TKJ', 'XII TKJ 2', '6006', '303'),
(3998303, 207607, 'DENDI ZAKARIA', 'TKJ', 'XII TKJ 2', '6006', '303'),
(3999303, 207608, 'DENDY CAHYOKO', 'TKJ', 'XII TKJ 2', '6006', '303'),
(4000303, 207610, 'DICKY FADILAH', 'TKJ', 'XII TKJ 2', '6006', '303'),
(4001303, 207612, 'DIMAS ADI SAPUTRA', 'TKJ', 'XII TKJ 2', '6006', '303'),
(4002303, 207614, 'DUWI AMAL MAULIDA AKSAN', 'TKJ', 'XII TKJ 2', '6006', '303'),
(4003303, 207622, 'ERWIN OKTAVIANTO', 'TKJ', 'XII TKJ 2', '6006', '303'),
(4004303, 207623, 'FACHRUL RAMADHAN', 'TKJ', 'XII TKJ 2', '6006', '303'),
(4005303, 207630, 'GALIH ADIVA PRATAMA PUTRA', 'TKJ', 'XII TKJ 2', '6006', '303'),
(4006303, 207634, 'HAERUL ANGGA', 'TKJ', 'XII TKJ 2', '6006', '303'),
(4007303, 207637, 'HARRY RIVALDY', 'TKJ', 'XII TKJ 2', '6006', '303'),
(4008303, 207648, 'MOHAMAD RAGIL ADITYA PUTRA', 'TKJ', 'XII TKJ 2', '6006', '303'),
(4009303, 207661, 'MOHAMMAD FARHAN', 'TKJ', 'XII TKJ 2', '6006', '303'),
(4010303, 207653, 'MOHAMMAD HADI WIJAYA', 'TKJ', 'XII TKJ 2', '6006', '303'),
(4011303, 207658, 'MUHAMMAD AFRIZAL', 'TKJ', 'XII TKJ 2', '6006', '303'),
(4012303, 207660, 'MUHAMMAD DARMA ILLAHI', 'TKJ', 'XII TKJ 2', '6006', '303'),
(4013303, 207665, 'MUHAMMAD PIRMANSAH PUTRA RAGIL ', 'TKJ', 'XII TKJ 2', '6006', '303'),
(4014303, 207666, 'Muhammad Rafandi', 'TKJ', 'XII TKJ 2', '6006', '303'),
(4015303, 207668, 'MUHAMMAD RIDWAN', 'TKJ', 'XII TKJ 2', '6006', '303'),
(4016303, 207650, 'Muhammad Vincen Ramadhan', 'TKJ', 'XII TKJ 2', '6006', '303'),
(4017303, 207671, 'Najib Dzannur', 'TKJ', 'XII TKJ 2', '6006', '303'),
(4018303, 207676, 'PERDANA ANDRE SETIAWAN', 'TKJ', 'XII TKJ 2', '6006', '303'),
(4019303, 207677, 'PUTRA SURYA PRATAMA', 'TKJ', 'XII TKJ 2', '6006', '303'),
(4020303, 207679, 'RACHMAN GANIE', 'TKJ', 'XII TKJ 2', '6006', '303'),
(4021303, 207682, 'RAIHAN MUHAMMAD AKBAR', 'TKJ', 'XII TKJ 2', '6006', '303'),
(4022303, 207684, 'Rehandika Bayu Maarif', 'TKJ', 'XII TKJ 2', '6006', '303'),
(4023303, 207687, 'RENO PRIANDANA', 'TKJ', 'XII TKJ 2', '6006', '303'),
(4024303, 207688, 'REVAN OKTAGIAS RAMADHAN', 'TKJ', 'XII TKJ 2', '6006', '303'),
(4025303, 207689, 'RIAN MAULANA', 'TKJ', 'XII TKJ 2', '6006', '303'),
(4026303, 207691, 'ROSITA ARYANINGSIH', 'TKJ', 'XII TKJ 2', '6006', '303'),
(4027303, 207693, 'SAHRUL ALAM', 'TKJ', 'XII TKJ 2', '6006', '303'),
(4028303, 207692, 'SAIPUL ALI', 'TKJ', 'XII TKJ 2', '6006', '303'),
(4029303, 207694, 'Satria Wahyu Ramadhan ', 'TKJ', 'XII TKJ 2', '6006', '303'),
(4030303, 207699, 'SYAHRIEZA BAGUS WIDIYANTO', 'TKJ', 'XII TKJ 2', '6006', '303'),
(4031303, 207702, 'TEGAR CAHYA PUTRA', 'TKJ', 'XII TKJ 2', '6006', '303'),
(4032303, 207704, 'Ulumuddin Adji Pamungkas', 'TKJ', 'XII TKJ 2', '6006', '303'),
(4033303, 207580, 'ADIS MAULANA', 'TKJ', 'XII TKJ 3', '6006', '303'),
(4034303, 207581, 'ADITTIA DWI SAPUTRA', 'TKJ', 'XII TKJ 3', '6006', '303'),
(4035303, 207584, 'AGUNG PRASETYO NUGROHO', 'TKJ', 'XII TKJ 3', '6006', '303'),
(4036303, 207585, 'AGUS KHOLIFUDIN', 'TKJ', 'XII TKJ 3', '6006', '303'),
(4037303, 207587, 'AHMAD RIPAI', 'TKJ', 'XII TKJ 3', '6006', '303'),
(4038303, 207588, 'AJI PRASSETYO', 'TKJ', 'XII TKJ 3', '6006', '303'),
(4039303, 207589, 'ALTHAF NUR ASEGAF', 'TKJ', 'XII TKJ 3', '6006', '303'),
(4040303, 207590, 'ANANG RAMADHAN', 'TKJ', 'XII TKJ 3', '6006', '303'),
(4041303, 207591, 'ANDI FIRMANSYAH', 'TKJ', 'XII TKJ 3', '6006', '303'),
(4042303, 207609, 'Dewi Rizki Niluardani', 'TKJ', 'XII TKJ 3', '6006', '303'),
(4043303, 207611, 'DIMAS BUDI RIYANTO', 'TKJ', 'XII TKJ 3', '6006', '303'),
(4044303, 207613, 'DION MOHAMAD BARUNA', 'TKJ', 'XII TKJ 3', '6006', '303'),
(4045303, 207616, 'DZAKY ZAHRAN', 'TKJ', 'XII TKJ 3', '6006', '303'),
(4046303, 207617, 'EGA PRATAMA', 'TKJ', 'XII TKJ 3', '6006', '303'),
(4047303, 207619, 'EKY FERDIANSYAH', 'TKJ', 'XII TKJ 3', '6006', '303'),
(4048303, 207620, 'ERI PUTRA PRATAMA', 'TKJ', 'XII TKJ 3', '6006', '303'),
(4049303, 207624, 'FAJAR DWI HARTADI', 'TKJ', 'XII TKJ 3', '6006', '303'),
(4050303, 207627, 'FEBI DWI SULISTIADI', 'TKJ', 'XII TKJ 3', '6006', '303'),
(4051303, 207631, 'GIANLUIGI FADHIL MUSTAQIM', 'TKJ', 'XII TKJ 3', '6006', '303'),
(4052303, 207632, 'GILANG DIAN SAPUTRA', 'TKJ', 'XII TKJ 3', '6006', '303'),
(4053303, 207633, 'GIN GIN', 'TKJ', 'XII TKJ 3', '6006', '303'),
(4054303, 207635, 'HAQI MAULANA', 'TKJ', 'XII TKJ 3', '6006', '303'),
(4055303, 207638, 'Hasrin Abdul Laji', 'TKJ', 'XII TKJ 3', '6006', '303'),
(4056303, 207640, 'I MADE ANTONI', 'TKJ', 'XII TKJ 3', '6006', '303'),
(4057303, 207641, 'IAN SAPUTRA', 'TKJ', 'XII TKJ 3', '6006', '303'),
(4058303, 207643, 'JANUAR BAGUS WIBOWO', 'TKJ', 'XII TKJ 3', '6006', '303'),
(4059303, 207646, 'KUKUH ANGGER MAHARGYO', 'TKJ', 'XII TKJ 3', '6006', '303'),
(4060303, 207647, 'LAKSAMANA PUTRA', 'TKJ', 'XII TKJ 3', '6006', '303'),
(4061303, 207654, 'MOH ALDI NIRWANSYAH', 'TKJ', 'XII TKJ 3', '6006', '303'),
(4062303, 207652, 'MOHAMAD HARYONO', 'TKJ', 'XII TKJ 3', '6006', '303'),
(4063303, 207655, 'MUHAMAD ALBAR ALAMSYAH', 'TKJ', 'XII TKJ 3', '6006', '303'),
(4064303, 207657, 'MUHAMAD RYAN HARDIANSYAH', 'TKJ', 'XII TKJ 3', '6006', '303'),
(4065303, 207649, 'MUHAMAD SABLIK MBIPI', 'TKJ', 'XII TKJ 3', '6006', '303'),
(4066303, 207667, 'MUHAMMAD RAFLI', 'TKJ', 'XII TKJ 3', '6006', '303'),
(4067303, 207670, 'Muhammad Tio', 'TKJ', 'XII TKJ 3', '6006', '303'),
(4068303, 207673, 'NENDI', 'TKJ', 'XII TKJ 3', '6006', '303'),
(4069303, 207675, 'NOVAL TRI HARYANTO', 'TKJ', 'XII TKJ 3', '6006', '303'),
(4070303, 207680, 'RAFAEL MULIA ALFAHDI', 'TKJ', 'XII TKJ 3', '6006', '303'),
(4071303, 207681, 'RAGIL PANGESTU', 'TKJ', 'XII TKJ 3', '6006', '303'),
(4072303, 207685, 'RENDI SAPUTRA', 'TKJ', 'XII TKJ 3', '6006', '303'),
(4073303, 207686, 'Reni Nuraeni', 'TKJ', 'XII TKJ 3', '6006', '303'),
(4074303, 207701, 'TEGAR', 'TKJ', 'XII TKJ 3', '6006', '303'),
(4075303, 207703, 'TRI PUTRA AFRIANSYAH', 'TKJ', 'XII TKJ 3', '6006', '303'),
(4076303, 207705, 'WIDDIYA BAGUS ENDANG WINARYO', 'TKJ', 'XII TKJ 3', '6006', '303');

-- --------------------------------------------------------

--
-- Table structure for table `spp_siswa`
--

CREATE TABLE `spp_siswa` (
  `id_spp_siswa` int(18) NOT NULL,
  `id_siswa` bigint(255) NOT NULL,
  `kode_bulan` int(18) NOT NULL,
  `bulan` varchar(128) NOT NULL,
  `status` varchar(32) NOT NULL,
  `pembayaran` varchar(128) NOT NULL,
  `kjp` int(64) NOT NULL,
  `kjp_cash` int(68) NOT NULL,
  `date` date NOT NULL DEFAULT current_timestamp()
) ENGINE=InnoDB DEFAULT CHARSET=utf8mb4;

-- --------------------------------------------------------

--
-- Table structure for table `tahun_ajaran`
--

CREATE TABLE `tahun_ajaran` (
  `id_tahun_ajaran` int(16) NOT NULL,
  `tahun_ajaran` varchar(32) NOT NULL,
  `status` varchar(32) NOT NULL
) ENGINE=InnoDB DEFAULT CHARSET=utf8mb4;

--
-- Dumping data for table `tahun_ajaran`
--

INSERT INTO `tahun_ajaran` (`id_tahun_ajaran`, `tahun_ajaran`, `status`) VALUES
(101, '2020/2021', 'TIDAK AKTIF'),
(202, '2021/2022', 'TIDAK AKTIF'),
(303, '2022/2023', 'AKTIF'),
(404, '2023/2024', 'TIDAK AKTIF'),
(505, '2024/2025', 'TIDAK AKTIF'),
(606, '2025/2026', 'TIDAK AKTIF');

--
-- Indexes for dumped tables
--

--
-- Indexes for table `auth`
--
ALTER TABLE `auth`
  ADD PRIMARY KEY (`id`) USING BTREE;

--
-- Indexes for table `group_kelas`
--
ALTER TABLE `group_kelas`
  ADD PRIMARY KEY (`id_groupKelas`);

--
-- Indexes for table `jurusan`
--
ALTER TABLE `jurusan`
  ADD PRIMARY KEY (`id`) USING BTREE;

--
-- Indexes for table `kelas`
--
ALTER TABLE `kelas`
  ADD PRIMARY KEY (`id`) USING BTREE;

--
-- Indexes for table `pembayaran_spp`
--
ALTER TABLE `pembayaran_spp`
  ADD PRIMARY KEY (`id_spp`);

--
-- Indexes for table `setting_pembayaran`
--
ALTER TABLE `setting_pembayaran`
  ADD PRIMARY KEY (`id_setting_pembayaran`);

--
-- Indexes for table `siswa`
--
ALTER TABLE `siswa`
  ADD PRIMARY KEY (`id_siswa`) USING BTREE;

--
-- Indexes for table `spp_siswa`
--
ALTER TABLE `spp_siswa`
  ADD PRIMARY KEY (`id_spp_siswa`);

--
-- Indexes for table `tahun_ajaran`
--
ALTER TABLE `tahun_ajaran`
  ADD PRIMARY KEY (`id_tahun_ajaran`);

--
-- AUTO_INCREMENT for dumped tables
--

--
-- AUTO_INCREMENT for table `auth`
--
ALTER TABLE `auth`
  MODIFY `id` int(11) NOT NULL AUTO_INCREMENT, AUTO_INCREMENT=304;

--
-- AUTO_INCREMENT for table `jurusan`
--
ALTER TABLE `jurusan`
  MODIFY `id` int(11) NOT NULL AUTO_INCREMENT, AUTO_INCREMENT=506;

--
-- AUTO_INCREMENT for table `kelas`
--
ALTER TABLE `kelas`
  MODIFY `id` int(11) NOT NULL AUTO_INCREMENT, AUTO_INCREMENT=3039925;

--
-- AUTO_INCREMENT for table `pembayaran_spp`
--
ALTER TABLE `pembayaran_spp`
  MODIFY `id_spp` int(16) NOT NULL AUTO_INCREMENT;
COMMIT;

/*!40101 SET CHARACTER_SET_CLIENT=@OLD_CHARACTER_SET_CLIENT */;
/*!40101 SET CHARACTER_SET_RESULTS=@OLD_CHARACTER_SET_RESULTS */;
/*!40101 SET COLLATION_CONNECTION=@OLD_COLLATION_CONNECTION */;
