-- phpMyAdmin SQL Dump
-- version 5.2.0
-- https://www.phpmyadmin.net/
--
-- Host: localhost
-- Generation Time: Feb 01, 2023 at 05:55 AM
-- Server version: 10.4.27-MariaDB
-- PHP Version: 7.4.33

SET SQL_MODE = "NO_AUTO_VALUE_ON_ZERO";
START TRANSACTION;
SET time_zone = "+00:00";


/*!40101 SET @OLD_CHARACTER_SET_CLIENT=@@CHARACTER_SET_CLIENT */;
/*!40101 SET @OLD_CHARACTER_SET_RESULTS=@@CHARACTER_SET_RESULTS */;
/*!40101 SET @OLD_COLLATION_CONNECTION=@@COLLATION_CONNECTION */;
/*!40101 SET NAMES utf8mb4 */;

--
-- Database: `sppTH`
--

-- --------------------------------------------------------

--
-- Table structure for table `auth`
--

CREATE TABLE `auth` (
  `id` int(11) NOT NULL,
  `username` varchar(128) NOT NULL,
  `password` varchar(64) NOT NULL,
  `nama` varchar(256) NOT NULL,
  `level` varchar(16) NOT NULL
) ENGINE=InnoDB DEFAULT CHARSET=utf8mb4 COLLATE=utf8mb4_general_ci ROW_FORMAT=DYNAMIC;

--
-- Dumping data for table `auth`
--

INSERT INTO `auth` (`id`, `username`, `password`, `nama`, `level`) VALUES
(202, 'adminTU', '397cabe506e1a2ac39de41f24affc2c1', 'ADMINISTRATOR TATA USAHA', 'admin'),
(303, 'TUadmin', '90370fba20c4e0bb215a867a8c1e2fff', 'ADMINISTRATOR TATA USAHA 2', 'admin2');

-- --------------------------------------------------------

--
-- Table structure for table `group_kelas`
--

CREATE TABLE `group_kelas` (
  `id_groupKelas` int(16) NOT NULL,
  `nama_group` varchar(32) NOT NULL
) ENGINE=InnoDB DEFAULT CHARSET=utf8mb4 COLLATE=utf8mb4_general_ci;

--
-- Dumping data for table `group_kelas`
--

INSERT INTO `group_kelas` (`id_groupKelas`, `nama_group`) VALUES
(1001, 'X BM'),
(2002, 'X TKJ'),
(3003, 'XI BM'),
(4004, 'XI TKJ'),
(5005, 'XII BM'),
(6006, 'XII TKJ');

-- --------------------------------------------------------

--
-- Table structure for table `jurusan`
--

CREATE TABLE `jurusan` (
  `id` int(11) NOT NULL,
  `kode` varchar(8) NOT NULL,
  `jurusan` varchar(128) NOT NULL
) ENGINE=InnoDB DEFAULT CHARSET=utf8mb4 COLLATE=utf8mb4_general_ci ROW_FORMAT=DYNAMIC;

--
-- Dumping data for table `jurusan`
--

INSERT INTO `jurusan` (`id`, `kode`, `jurusan`) VALUES
(101, 'AKL', 'AKUTANSI DAN KEUANGAN LEMBAGA'),
(202, 'PM', 'PEMASARAN'),
(303, 'MPLB', 'MANAJEMEN PERKANTORAN LEMBAGA BISNIS'),
(404, 'TJKT', 'TEKNIK JARINGAN KOMPUTER DAN TELEKOMUNIKASI'),
(505, 'DKV', 'DESAIN KOMUNIKASI VISUAL');

-- --------------------------------------------------------

--
-- Table structure for table `kelas`
--

CREATE TABLE `kelas` (
  `id` int(11) NOT NULL,
  `kode` varchar(8) NOT NULL,
  `kelas` varchar(128) NOT NULL,
  `id_tahun_ajaran` int(16) NOT NULL
) ENGINE=InnoDB DEFAULT CHARSET=utf8mb4 COLLATE=utf8mb4_general_ci ROW_FORMAT=DYNAMIC;

--
-- Dumping data for table `kelas`
--

INSERT INTO `kelas` (`id`, `kode`, `kelas`, `id_tahun_ajaran`) VALUES
(1001520, 'AKL', 'X AKL 1', 101),
(1002382, 'AKL', 'X AKL 2', 101),
(1003282, 'BDP', 'X BDP 1', 101),
(1004737, 'BDP', 'X BDP 2', 101),
(1005348, 'OTKP', 'X OTKP 1', 101),
(1006846, 'OTKP', 'X OTKP 2', 101),
(1007627, 'TKJ', 'X TKJ 1', 101),
(1008602, 'TKJ', 'X TKJ 2', 101),
(1009189, 'TKJ', 'X TKJ 3', 101),
(1010805, 'AKL', 'XI AKL 1', 101),
(1011905, 'AKL', 'XI AKL 2', 101),
(1012396, 'BDP', 'XI BDP 1', 101),
(1013157, 'BDP', 'XI BDP 2', 101),
(1014691, 'OTKP', 'XI OTKP 1', 101),
(1015808, 'OTKP', 'XI OTKP 2', 101),
(1016934, 'TKJ', 'XI TKJ 1', 101),
(1017641, 'TKJ', 'XI TKJ 2', 101),
(1018307, 'TKJ', 'XI TKJ 3', 101),
(1019725, 'AKL', 'XII AKL 1', 101),
(1020286, 'AKL', 'XII AKL 2', 101),
(1021281, 'BDP', 'XII BDP 1', 101),
(1022954, 'BDP', 'XII BDP 2', 101),
(1023249, 'OTKP', 'XII OTKP 1', 101),
(1024545, 'OTKP', 'XII OTKP 2', 101),
(1025447, 'TKJ', 'XII TKJ 1', 101),
(1026779, 'TKJ', 'XII TKJ 2', 101),
(1027111, 'TKJ', 'XII TKJ 3', 101),
(2002531, 'AKL', 'X AKL 1', 202),
(2003973, 'AKL', 'X AKL 2', 202),
(2004629, 'BDP', 'X BDP 1', 202),
(2005641, 'OTKP', 'X OTKP 1', 202),
(2006284, 'OTKP', 'X OTKP 2', 202),
(2007982, 'TKJ', 'X TKJ 1', 202),
(2008874, 'TKJ', 'X TKJ 2', 202),
(2009657, 'TKJ', 'X TKJ 3', 202),
(2010714, 'AKL', 'XI AKL 1', 202),
(2011822, 'AKL', 'XI AKL 2', 202),
(2012891, 'BDP', 'XI BDP 1', 202),
(2013872, 'BDP', 'XI BDP 2', 202),
(2014732, 'OTKP', 'XI OTKP 1', 202),
(2015323, 'OTKP', 'XI OTKP 2', 202),
(2016903, 'TKJ', 'XI TKJ 1', 202),
(2017942, 'TKJ', 'XI TKJ 2', 202),
(2018897, 'TKJ', 'XI TKJ 3', 202),
(2019362, 'AKL', 'XII AKL 1', 202),
(2020176, 'AKL', 'XII AKL 2', 202),
(2021970, 'BDP', 'XII BDP 1', 202),
(2022257, 'BDP', 'XII BDP 2', 202),
(2023991, 'OTKP', 'XII OTKP 1', 202),
(2024974, 'OTKP', 'XII OTKP 2', 202),
(2025238, 'TKJ', 'XII TKJ 1', 202),
(2026164, 'TKJ', 'XII TKJ 2', 202),
(2027903, 'TKJ', 'XII TKJ 3', 202),
(3031131, 'OTKP', 'XI OTKP 1', 303),
(3031195, 'TKJ', 'XII TKJ 2', 303),
(3031535, 'BDP', 'X BDP 1', 303),
(3031557, 'BDP', 'XII BDP 2', 303),
(3031564, 'AKL', 'XI AKL 2', 303),
(3031901, 'AKL', 'XII AKL 1', 303),
(3031974, 'TKJ', 'XII TKJ 1', 303),
(3032709, 'TKJ', 'XI TKJ 3', 303),
(3032783, 'TKJ', 'X TKJ 1', 303),
(3033468, 'OTKP', 'X OTKP 1', 303),
(3033800, 'BDP', 'XI BDP 1', 303),
(3034929, 'OTKP', 'XI OTKP 2', 303),
(3035146, 'AKL', 'X AKL 1', 303),
(3035241, 'TKJ', 'X TKJ 3', 303),
(3035294, 'DKV', 'X DKV 1', 303),
(3035345, 'TKJ', 'X TKJ 2', 303),
(3035387, 'AKL', 'XII AKL 2', 303),
(3035455, 'AKL', 'XI AKL 1', 303),
(3035861, 'OTKP', 'XII OTKP 1', 303),
(3036135, 'TKJ', 'XII TKJ 3', 303),
(3037072, 'OTKP', 'X OTKP 2', 303),
(3037075, 'AKL', 'X AKL 2', 303),
(3037487, 'BDP', 'XII BDP 1', 303),
(3039219, 'TKJ', 'XI TKJ 1', 303),
(3039274, 'OTKP', 'XII OTKP 2', 303),
(3039924, 'TKJ', 'XI TKJ 2', 303);

-- --------------------------------------------------------

--
-- Table structure for table `pembayaran_spp`
--

CREATE TABLE `pembayaran_spp` (
  `id_spp` int(16) NOT NULL,
  `id_siswa` int(16) NOT NULL,
  `id_kelas` int(16) NOT NULL,
  `bulan` varchar(32) NOT NULL,
  `nominal` int(32) DEFAULT NULL,
  `bayar_perbulan` varchar(32) NOT NULL,
  `tahun_ajaran` varchar(16) NOT NULL,
  `timestamp` timestamp NOT NULL DEFAULT current_timestamp() ON UPDATE current_timestamp()
) ENGINE=InnoDB DEFAULT CHARSET=utf8mb4 COLLATE=utf8mb4_general_ci;

-- --------------------------------------------------------

--
-- Table structure for table `setting_pembayaran`
--

CREATE TABLE `setting_pembayaran` (
  `id_setting_pembayaran` int(16) NOT NULL,
  `nama_pembayaran` varchar(128) NOT NULL,
  `id_groupKelas` int(16) NOT NULL,
  `id_tahun_ajaran` int(16) NOT NULL,
  `jenis_pembayaran` varchar(128) NOT NULL,
  `spp` int(128) NOT NULL,
  `komputer` int(32) NOT NULL,
  `mandarin` int(32) NOT NULL,
  `tabungan` int(11) NOT NULL,
  `internet` int(11) NOT NULL,
  `praktek` int(11) NOT NULL,
  `date` date NOT NULL DEFAULT current_timestamp()
) ENGINE=InnoDB DEFAULT CHARSET=utf8mb4 COLLATE=utf8mb4_general_ci;

--
-- Dumping data for table `setting_pembayaran`
--

INSERT INTO `setting_pembayaran` (`id_setting_pembayaran`, `nama_pembayaran`, `id_groupKelas`, `id_tahun_ajaran`, `jenis_pembayaran`, `spp`, `komputer`, `mandarin`, `tabungan`, `internet`, `praktek`, `date`) VALUES
(309763, 'Pembayaran spp', 2002, 303, '1001', 265000, 40000, 25000, 20000, 25000, 50000, '2023-01-31'),
(671029, 'pembayaran spp', 1001, 303, '1001', 265000, 40000, 25000, 20000, 25000, 0, '2023-01-31');

-- --------------------------------------------------------

--
-- Table structure for table `setting_pembayaran_lain`
--

CREATE TABLE `setting_pembayaran_lain` (
  `id_setting_pembayaran_lain` int(16) NOT NULL,
  `nama_pembayaran_lain` varchar(255) NOT NULL,
  `id_groupKelas` int(16) NOT NULL,
  `id_tahun_ajaran` int(16) NOT NULL,
  `jenis_pembayaran` varchar(128) NOT NULL,
  `nominal` int(11) NOT NULL,
  `date` date NOT NULL DEFAULT current_timestamp()
) ENGINE=InnoDB DEFAULT CHARSET=utf8mb4 COLLATE=utf8mb4_general_ci;

-- --------------------------------------------------------

--
-- Table structure for table `siswa`
--

CREATE TABLE `siswa` (
  `id_siswa` int(18) NOT NULL,
  `nis` int(32) NOT NULL,
  `nama_siswa` varchar(256) NOT NULL,
  `jurusan` varchar(16) NOT NULL,
  `kelas` varchar(18) NOT NULL,
  `group_kelas` varchar(16) NOT NULL,
  `tahun_ajaran` varchar(32) NOT NULL,
  `status` varchar(32) NOT NULL
) ENGINE=InnoDB DEFAULT CHARSET=utf8mb4 COLLATE=utf8mb4_general_ci ROW_FORMAT=DYNAMIC;

--
-- Dumping data for table `siswa`
--

INSERT INTO `siswa` (`id_siswa`, `nis`, `nama_siswa`, `jurusan`, `kelas`, `group_kelas`, `tahun_ajaran`, `status`) VALUES
(1001202, 218068, 'Aditya Nurul Fikri', 'AKL', 'X AKL 1', '1001', '202', 'AKTIF'),
(1002202, 218072, 'ALIYA INDRIYANI PUTRI', 'AKL', 'X AKL 1', '1001', '202', 'AKTIF'),
(1003202, 218073, 'ALYA NASYWA KHAERANI', 'AKL', 'X AKL 1', '1001', '202', 'AKTIF'),
(1004202, 218074, 'AMRAN DANY', 'AKL', 'X AKL 1', '1001', '202', 'AKTIF'),
(1005202, 218077, 'BAGUS ARIEF SAPUTRA', 'AKL', 'X AKL 1', '1001', '202', 'AKTIF'),
(1006202, 218078, 'Caterine Natalia Teja', 'AKL', 'X AKL 1', '1001', '202', 'AKTIF'),
(1007202, 218080, 'CICI HERDIANTI', 'AKL', 'X AKL 1', '1001', '202', 'AKTIF'),
(1008202, 218223, 'DAVID UMAR HAMZAH', 'AKL', 'X AKL 1', '1001', '202', 'AKTIF'),
(1009202, 218081, 'DHEASY NOVITA KUSUMA YETI', 'AKL', 'X AKL 1', '1001', '202', 'AKTIF'),
(1010202, 218085, 'INDI NOVI TRIANI', 'AKL', 'X AKL 1', '1001', '202', 'AKTIF'),
(1011202, 218087, 'INTAN HESTIYANA', 'AKL', 'X AKL 1', '1001', '202', 'AKTIF'),
(1012202, 218090, 'MARCEL EDHI SUTIKNA', 'AKL', 'X AKL 1', '1001', '202', 'AKTIF'),
(1013202, 218092, 'NABILAH INTAN NURAINI', 'AKL', 'X AKL 1', '1001', '202', 'AKTIF'),
(1014202, 218093, 'NAILATUSY ARIBAH TASIMA', 'AKL', 'X AKL 1', '1001', '202', 'AKTIF'),
(1015202, 218095, 'NATASYA ANANDA SANTOSO', 'AKL', 'X AKL 1', '1001', '202', 'AKTIF'),
(1016202, 218099, 'NAZWA AULIA SALSABILLA', 'AKL', 'X AKL 1', '1001', '202', 'AKTIF'),
(1017202, 218100, 'NIDA KHOIRURRAHMAH', 'AKL', 'X AKL 1', '1001', '202', 'AKTIF'),
(1018202, 218103, 'RAMANDA OKTAVIANI', 'AKL', 'X AKL 1', '1001', '202', 'AKTIF'),
(1019202, 218104, 'RAMDZAN MULIAWAN TRAH SAPUTRA', 'AKL', 'X AKL 1', '1001', '202', 'AKTIF'),
(1020202, 218106, 'SADIAH', 'AKL', 'X AKL 1', '1001', '202', 'AKTIF'),
(1021202, 218110, 'SHEREN FEBRIANI', 'AKL', 'X AKL 1', '1001', '202', 'AKTIF'),
(1022202, 218111, 'STEVANI PUTRI WIJAYA', 'AKL', 'X AKL 1', '1001', '202', 'AKTIF'),
(1023202, 218112, 'TIARA PUSPITA SARI', 'AKL', 'X AKL 1', '1001', '202', 'AKTIF'),
(1024202, 218113, 'VANI HARIYANTI', 'AKL', 'X AKL 1', '1001', '202', 'AKTIF'),
(1025202, 218069, 'ADITYA PRATAMA', 'AKL', 'X AKL 2', '1001', '202', 'AKTIF'),
(1026202, 218070, 'ADUTA BAYHAQI', 'AKL', 'X AKL 2', '1001', '202', 'AKTIF'),
(1027202, 218071, 'AHMAD RIDWAN', 'AKL', 'X AKL 2', '1001', '202', 'AKTIF'),
(1028202, 218075, 'ANIN DWI RAHMAWATI', 'AKL', 'X AKL 2', '1001', '202', 'AKTIF'),
(1029202, 218076, 'AULIA DZURUN NAFIS', 'AKL', 'X AKL 2', '1001', '202', 'AKTIF'),
(1030202, 218079, 'Cherryl Deandya Khalishah', 'AKL', 'X AKL 2', '1001', '202', 'AKTIF'),
(1031202, 218229, 'DEWI PURNAMA SARI', 'AKL', 'X AKL 2', '1001', '202', 'AKTIF'),
(1032202, 218082, 'DWI PRAMBANDARI', 'AKL', 'X AKL 2', '1001', '202', 'AKTIF'),
(1033202, 218083, 'ERIKA ILMANISA', 'AKL', 'X AKL 2', '1001', '202', 'AKTIF'),
(1034202, 218086, 'INEU SANTIKA', 'AKL', 'X AKL 2', '1001', '202', 'AKTIF'),
(1035202, 218088, 'INTAN MAHARANI', 'AKL', 'X AKL 2', '1001', '202', 'AKTIF'),
(1036202, 218089, 'IRWANSYAH', 'AKL', 'X AKL 2', '1001', '202', 'AKTIF'),
(1037202, 218091, 'MUHAMMAD YUSUF FADLAN', 'AKL', 'X AKL 2', '1001', '202', 'AKTIF'),
(1038202, 218094, 'NANDA AULYA ARIYANDI', 'AKL', 'X AKL 2', '1001', '202', 'AKTIF'),
(1039202, 218096, 'NATASYA PELITA RAMADHANI', 'AKL', 'X AKL 2', '1001', '202', 'AKTIF'),
(1040202, 218097, 'NAURAH SASMITA PUTRI', 'AKL', 'X AKL 2', '1001', '202', 'AKTIF'),
(1041202, 218098, 'NAYLA PUTRI RAHARI', 'AKL', 'X AKL 2', '1001', '202', 'AKTIF'),
(1042202, 218101, 'NISA UL HASANAH', 'AKL', 'X AKL 2', '1001', '202', 'AKTIF'),
(1043202, 218102, 'ORYSA SATIVA', 'AKL', 'X AKL 2', '1001', '202', 'AKTIF'),
(1044202, 218225, 'RIVAL WAHYUDIN', 'AKL', 'X AKL 2', '1001', '202', 'AKTIF'),
(1045202, 218105, 'RIZKY DWI KARNADI', 'AKL', 'X AKL 2', '1001', '202', 'AKTIF'),
(1046202, 218107, 'SARAH AULIYA', 'AKL', 'X AKL 2', '1001', '202', 'AKTIF'),
(1047202, 218108, 'SATRIA PUTRA', 'AKL', 'X AKL 2', '1001', '202', 'AKTIF'),
(1048202, 218109, 'SELO GIRI ADJI PANGESTU', 'AKL', 'X AKL 2', '1001', '202', 'AKTIF'),
(1049202, 218114, 'WULAN SUCI PUSPITASARI', 'AKL', 'X AKL 2', '1001', '202', 'AKTIF'),
(1050202, 218115, 'WULAN TARI', 'AKL', 'X AKL 2', '1001', '202', 'AKTIF'),
(1051202, 218182, 'AKBAR SADEWA', 'PM', 'X PM 1', '1001', '202', 'AKTIF'),
(1052202, 218185, 'ARDIONA ATTA SAPUTRA', 'PM', 'X PM 1', '1001', '202', 'AKTIF'),
(1053202, 218188, 'BRILLIANT MUHAMMAD PRANAYA', 'PM', 'X PM 1', '1001', '202', 'AKTIF'),
(1054202, 218189, 'CHINDY WULAN SARI ', 'PM', 'X PM 1', '1001', '202', 'AKTIF'),
(1055202, 218190, 'DAYDAEL RAHMAT PRIHARTONO', 'PM', 'X PM 1', '1001', '202', 'AKTIF'),
(1056202, 218191, 'DEVINNA CHRISTIANAH', 'PM', 'X PM 1', '1001', '202', 'AKTIF'),
(1057202, 218193, 'DIKI MUZALFA', 'PM', 'X PM 1', '1001', '202', 'AKTIF'),
(1058202, 218196, 'FIONA FASTAG FARA', 'PM', 'X PM 1', '1001', '202', 'AKTIF'),
(1059202, 218197, 'GURUH PRIYANDONO', 'PM', 'X PM 1', '1001', '202', 'AKTIF'),
(1060202, 218200, 'KEISYA DWI AMELIA', 'PM', 'X PM 1', '1001', '202', 'AKTIF'),
(1061202, 218202, 'MARCELLINO ADI PRATAMA', 'PM', 'X PM 1', '1001', '202', 'AKTIF'),
(1062202, 218203, 'MIFTAHUL SAPUTRA', 'PM', 'X PM 1', '1001', '202', 'AKTIF'),
(1063202, 218205, 'Muhamad Riansyah', 'PM', 'X PM 1', '1001', '202', 'AKTIF'),
(1064202, 218206, 'MUHAMAD ROZAK', 'PM', 'X PM 1', '1001', '202', 'AKTIF'),
(1065202, 218208, 'MUHAMMAD DAFFA ANSORI', 'PM', 'X PM 1', '1001', '202', 'AKTIF'),
(1066202, 218215, 'SELVIA ELVINA DARAPUSPITA', 'PM', 'X PM 1', '1001', '202', 'AKTIF'),
(1067202, 218217, 'SHANDY PUTRA IRWANSYAH', 'PM', 'X PM 1', '1001', '202', 'AKTIF'),
(1068202, 218218, 'SHOHAIH AGYL SAPUTRA', 'PM', 'X PM 1', '1001', '202', 'AKTIF'),
(1069202, 218221, 'TISYA OCTAVIA RAMADHANI', 'PM', 'X PM 1', '1001', '202', 'AKTIF'),
(1070202, 218222, 'YOEDI', 'PM', 'X PM 1', '1001', '202', 'AKTIF'),
(1071202, 218183, 'ANDHIKA DIAN SAPUTRA', 'PM', 'X PM 1', '1001', '202', 'AKTIF'),
(1072202, 218184, 'ANDRE YULIANTO', 'PM', 'X PM 1', '1001', '202', 'AKTIF'),
(1073202, 218186, 'AULIA ANDINI', 'PM', 'X PM 1', '1001', '202', 'AKTIF'),
(1074202, 218187, 'Bahrudin Siroth', 'PM', 'X PM 1', '1001', '202', 'AKTIF'),
(1075202, 218192, 'DIANA FEBRIASTUTI', 'PM', 'X PM 1', '1001', '202', 'AKTIF'),
(1076202, 218194, 'DINI AULIA', 'PM', 'X PM 1', '1001', '202', 'AKTIF'),
(1077202, 218195, 'FAKHRIY PUTRA MAULANA', 'PM', 'X PM 1', '1001', '202', 'AKTIF'),
(1078202, 218198, 'HAFISTH IKHSAN MAULANA', 'PM', 'X PM 1', '1001', '202', 'AKTIF'),
(1079202, 218199, 'JUNEDI', 'PM', 'X PM 1', '1001', '202', 'AKTIF'),
(1080202, 218201, 'M. SYAH HABIANTO', 'PM', 'X PM 1', '1001', '202', 'AKTIF'),
(1081202, 218204, 'Muhamad Raka Hadi Sanjaya', 'PM', 'X PM 1', '1001', '202', 'AKTIF'),
(1082202, 218207, 'MUHAMMAD DAFFA', 'PM', 'X PM 1', '1001', '202', 'AKTIF'),
(1083202, 218209, 'NUR KHOLIS HENDAR', 'PM', 'X PM 1', '1001', '202', 'AKTIF'),
(1084202, 218210, 'PENDI NUR SETIYAWAN', 'PM', 'X PM 1', '1001', '202', 'AKTIF'),
(1085202, 218211, 'RAMA ADLI ALFIAN', 'PM', 'X PM 1', '1001', '202', 'AKTIF'),
(1086202, 218212, 'RIZKI ANANDA PRASETIA', 'PM', 'X PM 1', '1001', '202', 'AKTIF'),
(1087202, 218214, 'SAHRULDIN', 'PM', 'X PM 1', '1001', '202', 'AKTIF'),
(1088202, 218213, 'Savira Zahra', 'PM', 'X PM 1', '1001', '202', 'AKTIF'),
(1089202, 218216, 'SELVY AYU DAVISTA', 'PM', 'X PM 1', '1001', '202', 'AKTIF'),
(1090202, 218219, 'SIDIK DWI MUNAHZAR', 'PM', 'X PM 1', '1001', '202', 'AKTIF'),
(1091202, 218220, 'SYIFATUL HASANAH', 'PM', 'X PM 1', '1001', '202', 'AKTIF'),
(1092202, 218117, 'ADELIA ANGRAINI ZAHRA', 'MPLB', 'X MPLB 1', '1001', '202', 'AKTIF'),
(1093202, 218119, 'AGNES PASKA TAMBUNAN', 'MPLB', 'X MPLB 1', '1001', '202', 'AKTIF'),
(1094202, 218120, 'ALIVIA SUCI RAMADHANI', 'MPLB', 'X MPLB 1', '1001', '202', 'AKTIF'),
(1095202, 218122, 'Amanda Putri Sitio', 'MPLB', 'X MPLB 1', '1001', '202', 'AKTIF'),
(1096202, 218123, 'AMANDA YULIA PERMATA SARI', 'MPLB', 'X MPLB 1', '1001', '202', 'AKTIF'),
(1097202, 218126, 'ANISA DINI AYU AGUSTIN', 'MPLB', 'X MPLB 1', '1001', '202', 'AKTIF'),
(1098202, 218128, 'ARTIKASARI', 'MPLB', 'X MPLB 1', '1001', '202', 'AKTIF'),
(1099202, 218130, 'AWALIA PUTRI', 'MPLB', 'X MPLB 1', '1001', '202', 'AKTIF'),
(1100202, 218133, 'DELLY PUSPITA SARI', 'MPLB', 'X MPLB 1', '1001', '202', 'AKTIF'),
(1101202, 218134, 'DEWI SHINTA WIJAYA', 'MPLB', 'X MPLB 1', '1001', '202', 'AKTIF'),
(1102202, 218136, 'DIFA AISYAH PUTRI', 'MPLB', 'X MPLB 1', '1001', '202', 'AKTIF'),
(1103202, 218137, 'ELSA APRILIA SAFITRI', 'MPLB', 'X MPLB 1', '1001', '202', 'AKTIF'),
(1104202, 218138, 'FANNY DWI MUNAENI', 'MPLB', 'X MPLB 1', '1001', '202', 'AKTIF'),
(1105202, 218141, 'Frida Siwi Maysawati', 'MPLB', 'X MPLB 1', '1001', '202', 'AKTIF'),
(1106202, 218142, 'HARTANTI WIJAYA', 'MPLB', 'X MPLB 1', '1001', '202', 'AKTIF'),
(1107202, 218144, 'Jesica Trisia Putri', 'MPLB', 'X MPLB 1', '1001', '202', 'AKTIF'),
(1108202, 218145, 'KALISA NABILA', 'MPLB', 'X MPLB 1', '1001', '202', 'AKTIF'),
(1109202, 218147, 'LAILAH NURJANAH', 'MPLB', 'X MPLB 1', '1001', '202', 'AKTIF'),
(1110202, 218148, 'MARSELLINA', 'MPLB', 'X MPLB 1', '1001', '202', 'AKTIF'),
(1111202, 218149, 'MEI RIYANTI', 'MPLB', 'X MPLB 1', '1001', '202', 'AKTIF'),
(1112202, 218150, 'NABILA MUKHTAR', 'MPLB', 'X MPLB 1', '1001', '202', 'AKTIF'),
(1113202, 218154, 'NAGITA ZAHARANI', 'MPLB', 'X MPLB 1', '1001', '202', 'AKTIF'),
(1114202, 218155, 'Najwa Indah Lestari', 'MPLB', 'X MPLB 1', '1001', '202', 'AKTIF'),
(1115202, 218157, 'NATASYA ALAWIYAH', 'MPLB', 'X MPLB 1', '1001', '202', 'AKTIF'),
(1116202, 218163, 'NURUL ZHAHRANI', 'MPLB', 'X MPLB 1', '1001', '202', 'AKTIF'),
(1117202, 218167, 'RISTY INDRIANI PUTRI', 'MPLB', 'X MPLB 1', '1001', '202', 'AKTIF'),
(1118202, 218169, 'SALSA ZULFA HISANAH', 'MPLB', 'X MPLB 1', '1001', '202', 'AKTIF'),
(1119202, 218170, 'SEFHIA MAHARANI', 'MPLB', 'X MPLB 1', '1001', '202', 'AKTIF'),
(1120202, 218171, 'SILVIANA NUGRAHA', 'MPLB', 'X MPLB 1', '1001', '202', 'AKTIF'),
(1121202, 218172, 'SILVIE', 'MPLB', 'X MPLB 1', '1001', '202', 'AKTIF'),
(1122202, 218174, 'SITI TWANTI', 'MPLB', 'X MPLB 1', '1001', '202', 'AKTIF'),
(1123202, 218175, 'SOFHIANA PUTRI SUTRISNO', 'MPLB', 'X MPLB 1', '1001', '202', 'AKTIF'),
(1124202, 218179, 'VIVIAN CORNELIA SETIAWAN', 'MPLB', 'X MPLB 1', '1001', '202', 'AKTIF'),
(1125202, 218118, 'ADELIA ZAHRA KHIRANA', 'MPLB', 'X MPLB 2', '1001', '202', 'AKTIF'),
(1126202, 218121, 'AMANDA NURMALA', 'MPLB', 'X MPLB 2', '1001', '202', 'AKTIF'),
(1127202, 218125, 'ANIS SYAHIIDAH MEILANI', 'MPLB', 'X MPLB 2', '1001', '202', 'AKTIF'),
(1128202, 218127, 'ANISSA', 'MPLB', 'X MPLB 2', '1001', '202', 'AKTIF'),
(1129202, 218129, 'ASHA SHARA APRIANA', 'MPLB', 'X MPLB 2', '1001', '202', 'AKTIF'),
(1130202, 218131, 'AZ ZAHRA ZIDNI NAYSABILLA', 'MPLB', 'X MPLB 2', '1001', '202', 'AKTIF'),
(1131202, 218132, 'DEA RAHMA ALYA', 'MPLB', 'X MPLB 2', '1001', '202', 'AKTIF'),
(1132202, 218135, 'DHEA RAHMAWATI', 'MPLB', 'X MPLB 2', '1001', '202', 'AKTIF'),
(1133202, 218139, 'FIKA DAVILA', 'MPLB', 'X MPLB 2', '1001', '202', 'AKTIF'),
(1134202, 218140, 'FLORA CINDY AULIA', 'MPLB', 'X MPLB 2', '1001', '202', 'AKTIF'),
(1135202, 218143, 'IRMA SEPTIANI IRWANSYAH', 'MPLB', 'X MPLB 2', '1001', '202', 'AKTIF'),
(1136202, 218146, 'KHUSNUL KHOTIMATUL ZAHRA', 'MPLB', 'X MPLB 2', '1001', '202', 'AKTIF'),
(1137202, 218151, 'NABILA PUTRI SETIAWAN', 'MPLB', 'X MPLB 2', '1001', '202', 'AKTIF'),
(1138202, 218152, 'NABILA SEPTYANA DEWI', 'MPLB', 'X MPLB 2', '1001', '202', 'AKTIF'),
(1139202, 218153, 'NABYLA', 'MPLB', 'X MPLB 2', '1001', '202', 'AKTIF'),
(1140202, 218156, 'NANDITA PUTRI RAMADHANI', 'MPLB', 'X MPLB 2', '1001', '202', 'AKTIF'),
(1141202, 218158, 'NEZA CHARLITA', 'MPLB', 'X MPLB 2', '1001', '202', 'AKTIF'),
(1142202, 218159, 'NIMAS NUR YAUMI', 'MPLB', 'X MPLB 2', '1001', '202', 'AKTIF'),
(1143202, 218160, 'NIRMALASARI', 'MPLB', 'X MPLB 2', '1001', '202', 'AKTIF'),
(1144202, 218161, 'NOVIA AMANDA', 'MPLB', 'X MPLB 2', '1001', '202', 'AKTIF'),
(1145202, 218162, 'NURHIKMAH', 'MPLB', 'X MPLB 2', '1001', '202', 'AKTIF'),
(1146202, 218164, 'PUTRI AYU WULANDARI', 'MPLB', 'X MPLB 2', '1001', '202', 'AKTIF'),
(1147202, 218165, 'RATNA DILAH', 'MPLB', 'X MPLB 2', '1001', '202', 'AKTIF'),
(1148202, 218166, 'RINI NURBAITI', 'MPLB', 'X MPLB 2', '1001', '202', 'AKTIF'),
(1149202, 218168, 'RIYANTI WAFIQ AZIZAH', 'MPLB', 'X MPLB 2', '1001', '202', 'AKTIF'),
(1150202, 218226, 'SALSABILA NURUL FITRI', 'MPLB', 'X MPLB 2', '1001', '202', 'AKTIF'),
(1151202, 218173, 'SITI MUTIARA WARDAH', 'MPLB', 'X MPLB 2', '1001', '202', 'AKTIF'),
(1152202, 218176, 'SYAIRA RANI ASMARI PUTRI', 'MPLB', 'X MPLB 2', '1001', '202', 'AKTIF'),
(1153202, 218177, 'TASYA MUTALIFAH ', 'MPLB', 'X MPLB 2', '1001', '202', 'AKTIF'),
(1154202, 218178, 'Tria Kartini Wahyudi', 'MPLB', 'X MPLB 2', '1001', '202', 'AKTIF'),
(1155202, 218180, 'WINDA AULIA', 'MPLB', 'X MPLB 2', '1001', '202', 'AKTIF'),
(1156202, 218181, 'WINDA RESTU FALIHA', 'MPLB', 'X MPLB 2', '1001', '202', 'AKTIF'),
(1157202, 217969, 'ADI PRATAMA', 'TJKT', 'X TJKT 1', '2002', '202', 'AKTIF'),
(1158202, 217971, 'AGUNG RAMADHAN', 'TJKT', 'X TJKT 1', '2002', '202', 'AKTIF'),
(1159202, 217972, 'Ahmad Agus Tawakal', 'TJKT', 'X TJKT 1', '2002', '202', 'AKTIF'),
(1160202, 217976, 'ALBERTINUS SABAM SILAEN', 'TJKT', 'X TJKT 1', '2002', '202', 'AKTIF'),
(1161202, 217978, 'ALFIAN FEBRIYANTO', 'TJKT', 'X TJKT 1', '2002', '202', 'AKTIF'),
(1162202, 217979, 'ALFIAN NUR ILHAM', 'TJKT', 'X TJKT 1', '2002', '202', 'AKTIF'),
(1163202, 217980, 'ALPIN RAMADAN SETIAWAN', 'TJKT', 'X TJKT 1', '2002', '202', 'AKTIF'),
(1164202, 217994, 'DENTA FITRI NOVIANI', 'TJKT', 'X TJKT 1', '2002', '202', 'AKTIF'),
(1165202, 218000, 'EGI KURNIA', 'TJKT', 'X TJKT 1', '2002', '202', 'AKTIF'),
(1166202, 218001, 'EGNER CONSTANTIN', 'TJKT', 'X TJKT 1', '2002', '202', 'AKTIF'),
(1167202, 218002, 'ERICH JALEMBA JUNIARTA', 'TJKT', 'X TJKT 1', '2002', '202', 'AKTIF'),
(1168202, 218004, 'FADLY ERLANGGA', 'TJKT', 'X TJKT 1', '2002', '202', 'AKTIF'),
(1169202, 218007, 'FATHYA AULIA', 'TJKT', 'X TJKT 1', '2002', '202', 'AKTIF'),
(1170202, 218010, 'FIKHAR HADISAPUTRA', 'TJKT', 'X TJKT 1', '2002', '202', 'AKTIF'),
(1171202, 218014, 'FRANS LEONARDO HADIWINATA', 'TJKT', 'X TJKT 1', '2002', '202', 'AKTIF'),
(1172202, 218017, 'GILANG MAULANA AKBAR', 'TJKT', 'X TJKT 1', '2002', '202', 'AKTIF'),
(1173202, 218019, 'HAFIDZ SYAHPUTRO', 'TJKT', 'X TJKT 1', '2002', '202', 'AKTIF'),
(1174202, 218025, 'KELVIN OKTA RAMADHAN', 'TJKT', 'X TJKT 1', '2002', '202', 'AKTIF'),
(1175202, 218027, 'MAULANA IKSAN', 'TJKT', 'X TJKT 1', '2002', '202', 'AKTIF'),
(1176202, 218028, 'MOHAMAD RIZKI', 'TJKT', 'X TJKT 1', '2002', '202', 'AKTIF'),
(1177202, 218034, 'MUHAMAD SUBASTIAN', 'TJKT', 'X TJKT 1', '2002', '202', 'AKTIF'),
(1178202, 218037, 'MUHAMMAD ANGGI SAPUTRA', 'TJKT', 'X TJKT 1', '2002', '202', 'AKTIF'),
(1179202, 218038, 'MUHAMMAD DAFFI', 'TJKT', 'X TJKT 1', '2002', '202', 'AKTIF'),
(1180202, 218228, 'Muhammad Nur Arifin', 'TJKT', 'X TJKT 1', '2002', '202', 'AKTIF'),
(1181202, 218043, 'MUHAMMAD RIZKY AL AKBAR', 'TJKT', 'X TJKT 1', '2002', '202', 'AKTIF'),
(1182202, 218045, 'NOVAL RAMADAN', 'TJKT', 'X TJKT 1', '2002', '202', 'AKTIF'),
(1183202, 218047, 'NOVEL SYAHPUTRA HALIM', 'TJKT', 'X TJKT 1', '2002', '202', 'AKTIF'),
(1184202, 218048, 'PANJI RAHMADI', 'TJKT', 'X TJKT 1', '2002', '202', 'AKTIF'),
(1185202, 218051, 'RADIS SETIAWAN', 'TJKT', 'X TJKT 1', '2002', '202', 'AKTIF'),
(1186202, 218052, 'RAFA MAULANA ARDIANSYAH', 'TJKT', 'X TJKT 1', '2002', '202', 'AKTIF'),
(1187202, 218053, 'RAFLI AGUNG PRAYOGA', 'TJKT', 'X TJKT 1', '2002', '202', 'AKTIF'),
(1188202, 218062, 'SIGIT NURCAHYONO', 'TJKT', 'X TJKT 1', '2002', '202', 'AKTIF'),
(1189202, 218065, 'TYO RIYADI SYAPUTRA', 'TJKT', 'X TJKT 1', '2002', '202', 'AKTIF'),
(1190202, 218066, 'YULIO LUKAS ADRIANO HUTAGAOL', 'TJKT', 'X TJKT 1', '2002', '202', 'AKTIF'),
(1191202, 218067, 'ZIDAN RIZKY RAMADHAN', 'TJKT', 'X TJKT 1', '2002', '202', 'AKTIF'),
(1192202, 217968, 'ADE IRSAD ABIDIN', 'TJKT', 'X TJKT 2', '2002', '202', 'AKTIF'),
(1193202, 217970, 'Afrizal Ardiansyah', 'TJKT', 'X TJKT 2', '2002', '202', 'AKTIF'),
(1194202, 217975, 'ALBASRAH MOHAMAD SALEH RAGO', 'TJKT', 'X TJKT 2', '2002', '202', 'AKTIF'),
(1195202, 217977, 'ALDI AWALUDIN', 'TJKT', 'X TJKT 2', '2002', '202', 'AKTIF'),
(1196202, 217981, 'ANDIKA', 'TJKT', 'X TJKT 2', '2002', '202', 'AKTIF'),
(1197202, 217984, 'ARDESTA KURNIAWAN', 'TJKT', 'X TJKT 2', '2002', '202', 'AKTIF'),
(1198202, 217985, 'ARDI DANU ANGGARA', 'TJKT', 'X TJKT 2', '2002', '202', 'AKTIF'),
(1199202, 217986, 'ARIEL ILHAMI', 'TJKT', 'X TJKT 2', '2002', '202', 'AKTIF'),
(1200202, 217988, 'BAYU SAPUTRA', 'TJKT', 'X TJKT 2', '2002', '202', 'AKTIF'),
(1201202, 217990, 'DAMARUDIN', 'TJKT', 'X TJKT 2', '2002', '202', 'AKTIF'),
(1202202, 217993, 'DEDI MARDIYANSAH', 'TJKT', 'X TJKT 2', '2002', '202', 'AKTIF'),
(1203202, 217995, 'DEVFRAN ADITYA SUHERNO PUTRA', 'TJKT', 'X TJKT 2', '2002', '202', 'AKTIF'),
(1204202, 217996, 'DHIMAS KURNIAWAN BASORI', 'TJKT', 'X TJKT 2', '2002', '202', 'AKTIF'),
(1205202, 217999, 'Diki Ramadan', 'TJKT', 'X TJKT 2', '2002', '202', 'AKTIF'),
(1206202, 218005, 'FAJAR NUGRAHA', 'TJKT', 'X TJKT 2', '2002', '202', 'AKTIF'),
(1207202, 218011, 'FIKRI FAHREZA', 'TJKT', 'X TJKT 2', '2002', '202', 'AKTIF'),
(1208202, 218013, 'FIRMANSYAH', 'TJKT', 'X TJKT 2', '2002', '202', 'AKTIF'),
(1209202, 218018, 'HABIB SUFYAN FADILLAH', 'TJKT', 'X TJKT 2', '2002', '202', 'AKTIF'),
(1210202, 218020, 'HAIKAL FIKRI NURWANTO', 'TJKT', 'X TJKT 2', '2002', '202', 'AKTIF'),
(1211202, 218021, 'I PT.GALIHANDRA REVA ULUM DINATA', 'TJKT', 'X TJKT 2', '2002', '202', 'AKTIF'),
(1212202, 218022, 'ILHAM RAHMATTULLOH', 'TJKT', 'X TJKT 2', '2002', '202', 'AKTIF'),
(1213202, 218023, 'INDAH FAAKHIRA SEBASTIAN', 'TJKT', 'X TJKT 2', '2002', '202', 'AKTIF'),
(1214202, 218024, 'KEFIN HIDAYAT', 'TJKT', 'X TJKT 2', '2002', '202', 'AKTIF'),
(1215202, 218030, 'MUHAMAD ARDIANSYAH', 'TJKT', 'X TJKT 2', '2002', '202', 'AKTIF'),
(1216202, 218039, 'MUHAMMAD MAULANA RAMDHANI', 'TJKT', 'X TJKT 2', '2002', '202', 'AKTIF'),
(1217202, 218040, 'MUHAMMAD NANDA FIRMANSYAH', 'TJKT', 'X TJKT 2', '2002', '202', 'AKTIF'),
(1218202, 218042, 'MUHAMMAD RIFKI RABBANI', 'TJKT', 'X TJKT 2', '2002', '202', 'AKTIF'),
(1219202, 218044, 'NADIA NURLITA', 'TJKT', 'X TJKT 2', '2002', '202', 'AKTIF'),
(1220202, 218049, 'PINDY AUGY SEPTIANU PUTRA', 'TJKT', 'X TJKT 2', '2002', '202', 'AKTIF'),
(1221202, 218050, 'PITON', 'TJKT', 'X TJKT 2', '2002', '202', 'AKTIF'),
(1222202, 218055, 'RIFQI AZHAR SAPUTRA', 'TJKT', 'X TJKT 2', '2002', '202', 'AKTIF'),
(1223202, 218059, 'Rizky Bagaskoro', 'TJKT', 'X TJKT 2', '2002', '202', 'AKTIF'),
(1224202, 218060, 'ROFIQY MIRYAL AL MURTADHA', 'TJKT', 'X TJKT 2', '2002', '202', 'AKTIF'),
(1225202, 218061, 'SATRIAWAN TRIE SAPUTRA', 'TJKT', 'X TJKT 2', '2002', '202', 'AKTIF'),
(1226202, 217973, 'AHMAD SAPUTRA', 'TJKT', 'X TJKT 3', '2002', '202', 'AKTIF'),
(1227202, 217974, 'AKMAL FEBRYANSYAH', 'TJKT', 'X TJKT 3', '2002', '202', 'AKTIF'),
(1228202, 217982, 'ANDYKA PUTRA PRASETYA', 'TJKT', 'X TJKT 3', '2002', '202', 'AKTIF'),
(1229202, 217983, 'Anis Tiarawati', 'TJKT', 'X TJKT 3', '2002', '202', 'AKTIF'),
(1230202, 217987, 'ARMANDA PUTRA', 'TJKT', 'X TJKT 3', '2002', '202', 'AKTIF'),
(1231202, 217989, 'CHANDRA ANDIKA', 'TJKT', 'X TJKT 3', '2002', '202', 'AKTIF'),
(1232202, 217991, 'DAVI TRISNA PRASETYA', 'TJKT', 'X TJKT 3', '2002', '202', 'AKTIF'),
(1233202, 217992, 'DAVID HERMANSYAH', 'TJKT', 'X TJKT 3', '2002', '202', 'AKTIF'),
(1234202, 217997, 'Diah Sintia', 'TJKT', 'X TJKT 3', '2002', '202', 'AKTIF'),
(1235202, 217998, 'DIEGO RAFI GHATHFAAN', 'TJKT', 'X TJKT 3', '2002', '202', 'AKTIF'),
(1236202, 218003, 'FABRIAN AFRIANSYAH', 'TJKT', 'X TJKT 3', '2002', '202', 'AKTIF'),
(1237202, 218006, 'FARIJ ASHIDIQI', 'TJKT', 'X TJKT 3', '2002', '202', 'AKTIF'),
(1238202, 218008, 'FELIX ADIKA', 'TJKT', 'X TJKT 3', '2002', '202', 'AKTIF'),
(1239202, 218009, 'FICRI CHOIRUL IMAM', 'TJKT', 'X TJKT 3', '2002', '202', 'AKTIF'),
(1240202, 218012, 'FIRGIE HAFIANSYAH FAHREVI ', 'TJKT', 'X TJKT 3', '2002', '202', 'AKTIF'),
(1241202, 218015, 'GAFARA EKA FAHRIZA', 'TJKT', 'X TJKT 3', '2002', '202', 'AKTIF'),
(1242202, 218016, 'GHUFRON KHAIRULLAH', 'TJKT', 'X TJKT 3', '2002', '202', 'AKTIF'),
(1243202, 218026, 'KHARENAL ARDIANTONY', 'TJKT', 'X TJKT 3', '2002', '202', 'AKTIF'),
(1244202, 218029, 'MUHAMAD APRIANSYAH', 'TJKT', 'X TJKT 3', '2002', '202', 'AKTIF'),
(1245202, 218031, 'MUHAMAD CHAIRIEL', 'TJKT', 'X TJKT 3', '2002', '202', 'AKTIF'),
(1246202, 218032, 'MUHAMAD RIZKY', 'TJKT', 'X TJKT 3', '2002', '202', 'AKTIF'),
(1247202, 218033, 'Muhamad Rizky Farizah', 'TJKT', 'X TJKT 3', '2002', '202', 'AKTIF'),
(1248202, 218035, 'MUHAMMAD AFDANY PUTRA WIJAYA', 'TJKT', 'X TJKT 3', '2002', '202', 'AKTIF'),
(1249202, 218036, 'MUHAMMAD ALFARIZA', 'TJKT', 'X TJKT 3', '2002', '202', 'AKTIF'),
(1250202, 218041, 'MUHAMMAD REZA BAGUS SAPUTRA', 'TJKT', 'X TJKT 3', '2002', '202', 'AKTIF'),
(1251202, 218227, 'MUHAMMAD RISKY', 'TJKT', 'X TJKT 3', '2002', '202', 'AKTIF'),
(1252202, 218046, 'NOVALLINO', 'TJKT', 'X TJKT 3', '2002', '202', 'AKTIF'),
(1253202, 218054, 'RAFLY RAMADHAN LESMANA', 'TJKT', 'X TJKT 3', '2002', '202', 'AKTIF'),
(1254202, 218056, 'RIFQI FADILLA DWIKA', 'TJKT', 'X TJKT 3', '2002', '202', 'AKTIF'),
(1255202, 218057, 'RISVAL ANGGRA RESTA', 'TJKT', 'X TJKT 3', '2002', '202', 'AKTIF'),
(1256202, 218058, 'Riyo', 'TJKT', 'X TJKT 3', '2002', '202', 'AKTIF'),
(1257202, 218224, 'SANDY PUTRA', 'TJKT', 'X TJKT 3', '2002', '202', 'AKTIF'),
(1258202, 218063, 'Syahril Suganda Saputra', 'TJKT', 'X TJKT 3', '2002', '202', 'AKTIF'),
(1259202, 218064, 'TUBAGUS ABU BAKAR ZEIN', 'TJKT', 'X TJKT 3', '2002', '202', 'AKTIF'),
(1260202, 207714, 'ANDREAS ADIANTO', 'AKL', 'XI AKL 1', '3003', '202', 'AKTIF'),
(1261202, 207719, 'AULIA FATIKA SARI', 'AKL', 'XI AKL 1', '3003', '202', 'AKTIF'),
(1262202, 207720, 'BINTANG RAMADHANI', 'AKL', 'XI AKL 1', '3003', '202', 'AKTIF'),
(1263202, 207722, 'Choirul Akmal Hidayat', 'AKL', 'XI AKL 1', '3003', '202', 'AKTIF'),
(1264202, 207723, 'DEA MARCELLANI', 'AKL', 'XI AKL 1', '3003', '202', 'AKTIF'),
(1265202, 207724, 'DESFIANAPUTRI WIDYARSANTI', 'AKL', 'XI AKL 1', '3003', '202', 'AKTIF'),
(1266202, 207727, 'DEVIANA FERNANDA ', 'AKL', 'XI AKL 1', '3003', '202', 'AKTIF'),
(1267202, 207730, 'FADILLAH ROHMAN', 'AKL', 'XI AKL 1', '3003', '202', 'AKTIF'),
(1268202, 207731, 'FAUZI WIBOWO', 'AKL', 'XI AKL 1', '3003', '202', 'AKTIF'),
(1269202, 207733, 'FERDIYANSAH', 'AKL', 'XI AKL 1', '3003', '202', 'AKTIF'),
(1270202, 207735, 'Fitri Nur Indriani', 'AKL', 'XI AKL 1', '3003', '202', 'AKTIF'),
(1271202, 207736, 'FITRI ZETIRA SALSA', 'AKL', 'XI AKL 1', '3003', '202', 'AKTIF'),
(1272202, 207738, 'HABIB YAZID FIKRIANSYAH', 'AKL', 'XI AKL 1', '3003', '202', 'AKTIF'),
(1273202, 207739, 'Hani Astuti', 'AKL', 'XI AKL 1', '3003', '202', 'AKTIF'),
(1274202, 207740, 'HELEN SETIABUDI', 'AKL', 'XI AKL 1', '3003', '202', 'AKTIF'),
(1275202, 207741, 'HERLINA SETIAWAN', 'AKL', 'XI AKL 1', '3003', '202', 'AKTIF'),
(1276202, 207743, 'ILMA AMALIA', 'AKL', 'XI AKL 1', '3003', '202', 'AKTIF'),
(1277202, 207744, 'IVANA CHANAFI', 'AKL', 'XI AKL 1', '3003', '202', 'AKTIF'),
(1278202, 207745, 'JOSIANA GARETZA', 'AKL', 'XI AKL 1', '3003', '202', 'AKTIF'),
(1279202, 207753, 'MAYDA CHANAFI', 'AKL', 'XI AKL 1', '3003', '202', 'AKTIF'),
(1280202, 207758, 'MUHAMAD RAFI EKA SAPUTRA', 'AKL', 'XI AKL 1', '3003', '202', 'AKTIF'),
(1281202, 207748, 'MUHAMMAD ARYA DIVA', 'AKL', 'XI AKL 1', '3003', '202', 'AKTIF'),
(1282202, 207759, 'NABILA APRILIA SANI', 'AKL', 'XI AKL 1', '3003', '202', 'AKTIF'),
(1283202, 207760, 'NAJWA SABILLA AMRI', 'AKL', 'XI AKL 1', '3003', '202', 'AKTIF'),
(1284202, 207764, 'NOVIA ADRIANA ELISANTY', 'AKL', 'XI AKL 1', '3003', '202', 'AKTIF'),
(1285202, 207767, 'RAFA MALIKI ARDIANSYAH', 'AKL', 'XI AKL 1', '3003', '202', 'AKTIF'),
(1286202, 207768, 'RAHMA SAECAR ROSSA LIANI', 'AKL', 'XI AKL 1', '3003', '202', 'AKTIF'),
(1287202, 207769, 'RAHMAH', 'AKL', 'XI AKL 1', '3003', '202', 'AKTIF'),
(1288202, 207770, 'RAKHEL MARYAM', 'AKL', 'XI AKL 1', '3003', '202', 'AKTIF'),
(1289202, 207771, 'RATU NUR AYUNINGTIAS', 'AKL', 'XI AKL 1', '3003', '202', 'AKTIF'),
(1290202, 207774, 'REVANI NADYA DESWIT', 'AKL', 'XI AKL 1', '3003', '202', 'AKTIF'),
(1291202, 207780, 'ROSY GUSRIA NINGRUM', 'AKL', 'XI AKL 1', '3003', '202', 'AKTIF'),
(1292202, 207784, 'SISKA AULIA WARYANTO', 'AKL', 'XI AKL 1', '3003', '202', 'AKTIF'),
(1293202, 207785, 'SITI POUJIYAN', 'AKL', 'XI AKL 1', '3003', '202', 'AKTIF'),
(1294202, 207786, 'Sri Rahayu Wandirah', 'AKL', 'XI AKL 1', '3003', '202', 'AKTIF'),
(1295202, 207788, 'SURYANI', 'AKL', 'XI AKL 1', '3003', '202', 'AKTIF'),
(1296202, 207791, 'Vania Putri Wijaya', 'AKL', 'XI AKL 1', '3003', '202', 'AKTIF'),
(1297202, 207792, 'VIANA PATRICIA ANG', 'AKL', 'XI AKL 1', '3003', '202', 'AKTIF'),
(1298202, 207793, 'VIKKY PRIMA SUPELI', 'AKL', 'XI AKL 1', '3003', '202', 'AKTIF'),
(1299202, 207794, 'ZAHRA AMELIA PUTRI', 'AKL', 'XI AKL 1', '3003', '202', 'AKTIF'),
(1300202, 207796, 'ZAHRAH LUTFI FEBRIANA', 'AKL', 'XI AKL 1', '3003', '202', 'AKTIF'),
(1301202, 207712, 'Ahmad Faisal Risaldi', 'AKL', 'XI AKL 2', '3003', '202', 'AKTIF'),
(1302202, 207713, 'AHMAD TRI APIYAN', 'AKL', 'XI AKL 2', '3003', '202', 'AKTIF'),
(1303202, 207715, 'ANDRI DWI KURNIAWAN', 'AKL', 'XI AKL 2', '3003', '202', 'AKTIF'),
(1304202, 207716, 'ARDIAN SYAH', 'AKL', 'XI AKL 2', '3003', '202', 'AKTIF'),
(1305202, 207717, 'ARIA KRISNA JOHAERI', 'AKL', 'XI AKL 2', '3003', '202', 'AKTIF'),
(1306202, 207721, 'CECE CUMAIDA', 'AKL', 'XI AKL 2', '3003', '202', 'AKTIF'),
(1307202, 207725, 'DESI WULANDARI', 'AKL', 'XI AKL 2', '3003', '202', 'AKTIF'),
(1308202, 207726, 'Deva Puspitasari', 'AKL', 'XI AKL 2', '3003', '202', 'AKTIF'),
(1309202, 207728, 'DIAH PUTRI LESTARI', 'AKL', 'XI AKL 2', '3003', '202', 'AKTIF'),
(1310202, 207729, 'EKA ROHMAWATI', 'AKL', 'XI AKL 2', '3003', '202', 'AKTIF'),
(1311202, 207732, 'FELIANI MEI ASTUTI', 'AKL', 'XI AKL 2', '3003', '202', 'AKTIF'),
(1312202, 207737, 'FITRIANA', 'AKL', 'XI AKL 2', '3003', '202', 'AKTIF'),
(1313202, 207742, 'IIN RISKAWATI', 'AKL', 'XI AKL 2', '3003', '202', 'AKTIF'),
(1314202, 207746, 'LISTIAWATI', 'AKL', 'XI AKL 2', '3003', '202', 'AKTIF'),
(1315202, 207749, 'MANDA AGRISTINA', 'AKL', 'XI AKL 2', '3003', '202', 'AKTIF'),
(1316202, 207750, 'Marselina', 'AKL', 'XI AKL 2', '3003', '202', 'AKTIF'),
(1317202, 207751, 'MARSYA OLIVIA FARHAH', 'AKL', 'XI AKL 2', '3003', '202', 'AKTIF'),
(1318202, 207752, 'MAYA FIRDAUS SARI', 'AKL', 'XI AKL 2', '3003', '202', 'AKTIF'),
(1319202, 207754, 'MAYSEL FIDELA', 'AKL', 'XI AKL 2', '3003', '202', 'AKTIF'),
(1320202, 207755, 'MIRA YANTI', 'AKL', 'XI AKL 2', '3003', '202', 'AKTIF'),
(1321202, 207756, 'Mohamad Aldi Herdiansah', 'AKL', 'XI AKL 2', '3003', '202', 'AKTIF'),
(1322202, 207757, 'MUHAMAD MIFTAHUL ATHO', 'AKL', 'XI AKL 2', '3003', '202', 'AKTIF'),
(1323202, 207761, 'NAZWA DWI FADILLAH', 'AKL', 'XI AKL 2', '3003', '202', 'AKTIF'),
(1324202, 207762, 'NITA AGUSTINA', 'AKL', 'XI AKL 2', '3003', '202', 'AKTIF'),
(1325202, 207763, 'NIYA LASITA', 'AKL', 'XI AKL 2', '3003', '202', 'AKTIF'),
(1326202, 207765, 'NUR KHOIRUNISA', 'AKL', 'XI AKL 2', '3003', '202', 'AKTIF'),
(1327202, 207766, 'PUTRI SELVIANA', 'AKL', 'XI AKL 2', '3003', '202', 'AKTIF'),
(1328202, 207772, 'Rayhan Muhammad Dafansyah', 'AKL', 'XI AKL 2', '3003', '202', 'AKTIF'),
(1329202, 207773, 'RENI MUTIA', 'AKL', 'XI AKL 2', '3003', '202', 'AKTIF'),
(1330202, 207775, 'REZA SHAFIRA WIJAYA', 'AKL', 'XI AKL 2', '3003', '202', 'AKTIF'),
(1331202, 207776, 'RINI ALFIYANI', 'AKL', 'XI AKL 2', '3003', '202', 'AKTIF'),
(1332202, 207777, 'RISKA NURUL KHOTIMAH', 'AKL', 'XI AKL 2', '3003', '202', 'AKTIF'),
(1333202, 207778, 'RISKI SETIAWAN', 'AKL', 'XI AKL 2', '3003', '202', 'AKTIF'),
(1334202, 207779, 'ROFAH', 'AKL', 'XI AKL 2', '3003', '202', 'AKTIF'),
(1335202, 207781, 'Ryan Septian', 'AKL', 'XI AKL 2', '3003', '202', 'AKTIF'),
(1336202, 207782, 'SEPTI AMINATUL CHASANAH', 'AKL', 'XI AKL 2', '3003', '202', 'AKTIF'),
(1337202, 207787, 'SUCI RIJKIA SARI', 'AKL', 'XI AKL 2', '3003', '202', 'AKTIF'),
(1338202, 207789, 'SYAVANA EKI FEBRIYANTI', 'AKL', 'XI AKL 2', '3003', '202', 'AKTIF'),
(1339202, 207790, 'THERESIA BUI HERA', 'AKL', 'XI AKL 2', '3003', '202', 'AKTIF'),
(1340202, 207795, 'ZAHRA AZIZAH DHAIFULLAH', 'AKL', 'XI AKL 2', '3003', '202', 'AKTIF'),
(1341202, 207797, 'ZAHRA NUR NABILA', 'AKL', 'XI AKL 2', '3003', '202', 'AKTIF'),
(1342202, 207887, 'ABDULLAH RIYAD', 'PM', 'XI PM 1', '3003', '202', 'AKTIF'),
(1343202, 207892, 'Anis Karsella', 'PM', 'XI PM 1', '3003', '202', 'AKTIF'),
(1344202, 207894, 'AQIL IRBANI', 'PM', 'XI PM 1', '3003', '202', 'AKTIF'),
(1345202, 207897, 'DAVID ERIK HERMAWAN', 'PM', 'XI PM 1', '3003', '202', 'AKTIF'),
(1346202, 207899, 'DELLA NORMAYANTIKA', 'PM', 'XI PM 1', '3003', '202', 'AKTIF'),
(1347202, 207900, 'DENNIS RAFAEL', 'PM', 'XI PM 1', '3003', '202', 'AKTIF'),
(1348202, 207901, 'DEVIDA AULIA', 'PM', 'XI PM 1', '3003', '202', 'AKTIF'),
(1349202, 207902, 'DEVINA LORENZA KURNIA PUTRY', 'PM', 'XI PM 1', '3003', '202', 'AKTIF'),
(1350202, 207903, 'DINA CAHYANI', 'PM', 'XI PM 1', '3003', '202', 'AKTIF'),
(1351202, 207904, 'ELISA FEBRIYANTI', 'PM', 'XI PM 1', '3003', '202', 'AKTIF'),
(1352202, 207905, 'FADLY MUHAMAD NUGRAHA', 'PM', 'XI PM 1', '3003', '202', 'AKTIF'),
(1353202, 207906, 'Fatmah Ayu', 'PM', 'XI PM 1', '3003', '202', 'AKTIF'),
(1354202, 207907, 'FEBRIAN FRANSIUS', 'PM', 'XI PM 1', '3003', '202', 'AKTIF'),
(1355202, 207909, 'FERIYAN SYAH', 'PM', 'XI PM 1', '3003', '202', 'AKTIF'),
(1356202, 207914, 'IQBAL ILHAM SYAH', 'PM', 'XI PM 1', '3003', '202', 'AKTIF'),
(1357202, 207916, 'KEZIA CAROLINA NONITEMA', 'PM', 'XI PM 1', '3003', '202', 'AKTIF'),
(1358202, 207921, 'Maysia Laurent Yosephin', 'PM', 'XI PM 1', '3003', '202', 'AKTIF'),
(1359202, 207924, 'MUHAMMAD AJI SURAHMAN', 'PM', 'XI PM 1', '3003', '202', 'AKTIF'),
(1360202, 207928, 'MUHAMMAD FIRDAUS', 'PM', 'XI PM 1', '3003', '202', 'AKTIF'),
(1361202, 207929, 'MUHAMMAD NOVAL ADITYA', 'PM', 'XI PM 1', '3003', '202', 'AKTIF'),
(1362202, 207930, 'MUHAMMAD REVALDI', 'PM', 'XI PM 1', '3003', '202', 'AKTIF'),
(1363202, 207931, 'MUSLIM AZIZ ABDILLAH', 'PM', 'XI PM 1', '3003', '202', 'AKTIF'),
(1364202, 207932, 'Nabila Rizky Tirtananda', 'PM', 'XI PM 1', '3003', '202', 'AKTIF'),
(1365202, 207934, 'Nicholas', 'PM', 'XI PM 1', '3003', '202', 'AKTIF'),
(1366202, 207936, 'NUR INTAN AULIA RAHMADINAH', 'PM', 'XI PM 1', '3003', '202', 'AKTIF'),
(1367202, 207938, 'PENDI PRASETYO', 'PM', 'XI PM 1', '3003', '202', 'AKTIF'),
(1368202, 207939, 'PERNANDO SAPUTRA', 'PM', 'XI PM 1', '3003', '202', 'AKTIF'),
(1369202, 207940, 'PINGKAN LAILA OKTAVIANI', 'PM', 'XI PM 1', '3003', '202', 'AKTIF'),
(1370202, 207941, 'Preti Audia', 'PM', 'XI PM 1', '3003', '202', 'AKTIF'),
(1371202, 207942, 'PUTRI', 'PM', 'XI PM 1', '3003', '202', 'AKTIF'),
(1372202, 207944, 'PUTRI ARIYANI', 'PM', 'XI PM 1', '3003', '202', 'AKTIF'),
(1373202, 207943, 'PUTRI AULIA', 'PM', 'XI PM 1', '3003', '202', 'AKTIF'),
(1374202, 207945, 'RAGIL NURIL ANWAR', 'PM', 'XI PM 1', '3003', '202', 'AKTIF'),
(1375202, 207946, 'RAHMA FITRIYANI', 'PM', 'XI PM 1', '3003', '202', 'AKTIF'),
(1376202, 207952, 'Rini Rustrimiati', 'PM', 'XI PM 1', '3003', '202', 'AKTIF'),
(1377202, 207953, 'RIVALDI AFRIAN', 'PM', 'XI PM 1', '3003', '202', 'AKTIF'),
(1378202, 207961, 'TEGUH SOLEH', 'PM', 'XI PM 1', '3003', '202', 'AKTIF'),
(1379202, 207962, 'ULFA NURMAYANTI', 'PM', 'XI PM 1', '3003', '202', 'AKTIF'),
(1380202, 207963, 'Wahyudi', 'PM', 'XI PM 1', '3003', '202', 'AKTIF'),
(1381202, 207965, 'YUSUP SLAMET RAHARJO', 'PM', 'XI PM 1', '3003', '202', 'AKTIF'),
(1382202, 207886, 'ABDUL MUJIB WADI', 'PM', 'XI PM 2', '3003', '202', 'AKTIF'),
(1383202, 207888, 'AHMAD FAIZ RAMDHANI', 'PM', 'XI PM 2', '3003', '202', 'AKTIF'),
(1384202, 207891, 'ANGGI MAULANA', 'PM', 'XI PM 2', '3003', '202', 'AKTIF'),
(1385202, 207893, 'ANNISA RAHMAN', 'PM', 'XI PM 2', '3003', '202', 'AKTIF'),
(1386202, 207895, 'BINTANG WIDIYASTARA ASROFI', 'PM', 'XI PM 2', '3003', '202', 'AKTIF'),
(1387202, 207896, 'BUNGGA ARSITA PUTRI', 'PM', 'XI PM 2', '3003', '202', 'AKTIF'),
(1388202, 207898, 'DEA SABELA PUTRI', 'PM', 'XI PM 2', '3003', '202', 'AKTIF'),
(1389202, 207908, 'FEBRIANSYAH SANJAYA', 'PM', 'XI PM 2', '3003', '202', 'AKTIF'),
(1390202, 207910, 'FIRJATULLAH ANISSA RAHMAN', 'PM', 'XI PM 2', '3003', '202', 'AKTIF'),
(1391202, 207911, 'ILHAM APRILIANSYAH', 'PM', 'XI PM 2', '3003', '202', 'AKTIF'),
(1392202, 207912, 'INDAH AYUNI SARI', 'PM', 'XI PM 2', '3003', '202', 'AKTIF'),
(1393202, 207915, 'IQBAL SURYADI', 'PM', 'XI PM 2', '3003', '202', 'AKTIF'),
(1394202, 207918, 'Ledia Hanifah', 'PM', 'XI PM 2', '3003', '202', 'AKTIF'),
(1395202, 207919, 'LULU NURFAOLA', 'PM', 'XI PM 2', '3003', '202', 'AKTIF'),
(1396202, 207920, 'MARSELA', 'PM', 'XI PM 2', '3003', '202', 'AKTIF'),
(1397202, 207922, 'MOCHAMAD NUR ZAINI', 'PM', 'XI PM 2', '3003', '202', 'AKTIF'),
(1398202, 207925, 'MUHAMAD ARYA APRIYANTO', 'PM', 'XI PM 2', '3003', '202', 'AKTIF'),
(1399202, 207926, 'MUHAMAD DIAS JUNIAWAN', 'PM', 'XI PM 2', '3003', '202', 'AKTIF'),
(1400202, 207927, 'MUHAMMAD FAHRI HERIYANTO', 'PM', 'XI PM 2', '3003', '202', 'AKTIF'),
(1401202, 207933, 'NAJWAH NUR ASYIYAH', 'PM', 'XI PM 2', '3003', '202', 'AKTIF'),
(1402202, 207935, 'NINIS ANNISYA', 'PM', 'XI PM 2', '3003', '202', 'AKTIF'),
(1403202, 207937, 'Patrialis Bayu Putra', 'PM', 'XI PM 2', '3003', '202', 'AKTIF'),
(1404202, 207948, 'Reizhart Afrino Muslim', 'PM', 'XI PM 2', '3003', '202', 'AKTIF'),
(1405202, 207949, 'RENA ANGELITA', 'PM', 'XI PM 2', '3003', '202', 'AKTIF'),
(1406202, 207950, 'REVIN KHUSNADA SAKTI', 'PM', 'XI PM 2', '3003', '202', 'AKTIF'),
(1407202, 207951, 'RIDHO FATARDHO HAMZAH', 'PM', 'XI PM 2', '3003', '202', 'AKTIF'),
(1408202, 207954, 'RIZKY BUDIANTO', 'PM', 'XI PM 2', '3003', '202', 'AKTIF'),
(1409202, 207955, 'SAMSUDIN RADITYA', 'PM', 'XI PM 2', '3003', '202', 'AKTIF'),
(1410202, 207956, 'Septian Budi Riyanto', 'PM', 'XI PM 2', '3003', '202', 'AKTIF'),
(1411202, 207957, 'SILFIANA SARI', 'PM', 'XI PM 2', '3003', '202', 'AKTIF'),
(1412202, 207959, 'SITI NUR HANIFA', 'PM', 'XI PM 2', '3003', '202', 'AKTIF'),
(1413202, 207958, 'Siti Nurfadilah', 'PM', 'XI PM 2', '3003', '202', 'AKTIF'),
(1414202, 207960, 'Syahrul Al Fatah', 'PM', 'XI PM 2', '3003', '202', 'AKTIF'),
(1415202, 207966, 'ZAHRA FITRIA SETIAWAN', 'PM', 'XI PM 2', '3003', '202', 'AKTIF'),
(1416202, 207967, 'ZAZA NUR ANGGRAINI', 'PM', 'XI PM 2', '3003', '202', 'AKTIF'),
(1417202, 207798, 'ALIFA YULISA RAMADHILA', 'MPLB', 'XI MPLB 1', '3003', '202', 'AKTIF'),
(1418202, 207799, 'ALYA SAFITRI', 'MPLB', 'XI MPLB 1', '3003', '202', 'AKTIF'),
(1419202, 207800, 'AMANDA EKA MAULANA', 'MPLB', 'XI MPLB 1', '3003', '202', 'AKTIF'),
(1420202, 207801, 'AMELIA ANANTA PRATIWI', 'MPLB', 'XI MPLB 1', '3003', '202', 'AKTIF'),
(1421202, 207802, 'AMELIA FERNANDA TANURAHARDJA', 'MPLB', 'XI MPLB 1', '3003', '202', 'AKTIF'),
(1422202, 207803, 'Amelia Ismawati', 'MPLB', 'XI MPLB 1', '3003', '202', 'AKTIF'),
(1423202, 207805, 'ANITA MARISKA', 'MPLB', 'XI MPLB 1', '3003', '202', 'AKTIF'),
(1424202, 207808, 'APSARINA LAJANA', 'MPLB', 'XI MPLB 1', '3003', '202', 'AKTIF'),
(1425202, 207809, 'ARIELLA ANDINI', 'MPLB', 'XI MPLB 1', '3003', '202', 'AKTIF'),
(1426202, 207811, 'AYARIKHA ASIYAH INDARDI', 'MPLB', 'XI MPLB 1', '3003', '202', 'AKTIF'),
(1427202, 207812, 'AYU RAHMA AULIA', 'MPLB', 'XI MPLB 1', '3003', '202', 'AKTIF'),
(1428202, 207813, 'AYU SEKAR WANGI', 'MPLB', 'XI MPLB 1', '3003', '202', 'AKTIF'),
(1429202, 207814, 'CALYSTA MAHARANI', 'MPLB', 'XI MPLB 1', '3003', '202', 'AKTIF'),
(1430202, 207815, 'Cindy Aulia Putri', 'MPLB', 'XI MPLB 1', '3003', '202', 'AKTIF'),
(1431202, 207818, 'DEA ANANDA', 'MPLB', 'XI MPLB 1', '3003', '202', 'AKTIF'),
(1432202, 207819, 'DEA MUTIARA', 'MPLB', 'XI MPLB 1', '3003', '202', 'AKTIF'),
(1433202, 207820, 'DELIA PINKAN RAHMAWATI', 'MPLB', 'XI MPLB 1', '3003', '202', 'AKTIF'),
(1434202, 207821, 'DEVA OKTAVIANA', 'MPLB', 'XI MPLB 1', '3003', '202', 'AKTIF'),
(1435202, 207825, 'Elma Novia Safitri', 'MPLB', 'XI MPLB 1', '3003', '202', 'AKTIF'),
(1436202, 207828, 'FIRA RESTU HERDIANTI', 'MPLB', 'XI MPLB 1', '3003', '202', 'AKTIF'),
(1437202, 207830, 'FITRIANI MARA', 'MPLB', 'XI MPLB 1', '3003', '202', 'AKTIF'),
(1438202, 207836, 'JISCAVIA MAERANY', 'MPLB', 'XI MPLB 1', '3003', '202', 'AKTIF'),
(1439202, 207837, 'JULIANA DWI PRATIWI', 'MPLB', 'XI MPLB 1', '3003', '202', 'AKTIF'),
(1440202, 207838, 'JUWITA DE FRETES', 'MPLB', 'XI MPLB 1', '3003', '202', 'AKTIF'),
(1441202, 207840, 'KRISTINA LUSIANA', 'MPLB', 'XI MPLB 1', '3003', '202', 'AKTIF'),
(1442202, 207843, 'LULU ULI NUHA ALBANTANI', 'MPLB', 'XI MPLB 1', '3003', '202', 'AKTIF'),
(1443202, 207844, 'MARIA OKTA STYA LINDA', 'MPLB', 'XI MPLB 1', '3003', '202', 'AKTIF'),
(1444202, 207851, 'NISRINA FITRIA WIDHAH', 'MPLB', 'XI MPLB 1', '3003', '202', 'AKTIF'),
(1445202, 207855, 'RAHMAWATI', 'MPLB', 'XI MPLB 1', '3003', '202', 'AKTIF'),
(1446202, 207858, 'SABRINA AMALIA DEVINAYA', 'MPLB', 'XI MPLB 1', '3003', '202', 'AKTIF'),
(1447202, 207859, 'Salfarani Putri', 'MPLB', 'XI MPLB 1', '3003', '202', 'AKTIF'),
(1448202, 207861, 'SARI RAHMAWATI', 'MPLB', 'XI MPLB 1', '3003', '202', 'AKTIF'),
(1449202, 207862, 'SELVIYANTI MUHSIN', 'MPLB', 'XI MPLB 1', '3003', '202', 'AKTIF'),
(1450202, 207866, 'SITI AFSYOH TRININGTYAS', 'MPLB', 'XI MPLB 1', '3003', '202', 'AKTIF'),
(1451202, 207865, 'Siti Febrianti', 'MPLB', 'XI MPLB 1', '3003', '202', 'AKTIF'),
(1452202, 207867, 'SITI LESTARI', 'MPLB', 'XI MPLB 1', '3003', '202', 'AKTIF'),
(1453202, 207870, 'SUCI SALVA AULIA', 'MPLB', 'XI MPLB 1', '3003', '202', 'AKTIF'),
(1454202, 207871, 'SUCI WULAN DINI', 'MPLB', 'XI MPLB 1', '3003', '202', 'AKTIF'),
(1455202, 207875, 'Tiara Rismayanti', 'MPLB', 'XI MPLB 1', '3003', '202', 'AKTIF'),
(1456202, 207880, 'WIWID DWI RAHMAWATI', 'MPLB', 'XI MPLB 1', '3003', '202', 'AKTIF'),
(1457202, 207883, 'YOSI GISELA NINGRUM', 'MPLB', 'XI MPLB 1', '3003', '202', 'AKTIF'),
(1458202, 207884, 'Yuni Oktapiyana', 'MPLB', 'XI MPLB 1', '3003', '202', 'AKTIF'),
(1459202, 207885, 'ZAHWA NABILA NATASYAWATI', 'MPLB', 'XI MPLB 1', '3003', '202', 'AKTIF'),
(1460202, 207804, 'ANANDA PUTRI RAMADHANI', 'MPLB', 'XI MPLB 2', '3003', '202', 'AKTIF'),
(1461202, 207806, 'ANNISA NUR HIDAYAH', 'MPLB', 'XI MPLB 2', '3003', '202', 'AKTIF'),
(1462202, 207807, 'APRILLIA IRATUR', 'MPLB', 'XI MPLB 2', '3003', '202', 'AKTIF'),
(1463202, 207810, 'Aulia Rahma', 'MPLB', 'XI MPLB 2', '3003', '202', 'AKTIF'),
(1464202, 207816, 'CITRA AULIA SARI', 'MPLB', 'XI MPLB 2', '3003', '202', 'AKTIF'),
(1465202, 207817, 'CLARA BENITA RAVELIA', 'MPLB', 'XI MPLB 2', '3003', '202', 'AKTIF'),
(1466202, 207823, 'DIANA ROSANA', 'MPLB', 'XI MPLB 2', '3003', '202', 'AKTIF'),
(1467202, 207824, 'DWI ANNJANY', 'MPLB', 'XI MPLB 2', '3003', '202', 'AKTIF'),
(1468202, 207826, 'ELVIRA LUCIANA', 'MPLB', 'XI MPLB 2', '3003', '202', 'AKTIF'),
(1469202, 207827, 'FIFI RESTU HERDIANTI', 'MPLB', 'XI MPLB 2', '3003', '202', 'AKTIF'),
(1470202, 207829, 'FIRA SAHIRA', 'MPLB', 'XI MPLB 2', '3003', '202', 'AKTIF'),
(1471202, 207832, 'HENTI AKILA MARWA', 'MPLB', 'XI MPLB 2', '3003', '202', 'AKTIF'),
(1472202, 207831, 'HEREN ASHARIANTI', 'MPLB', 'XI MPLB 2', '3003', '202', 'AKTIF'),
(1473202, 207833, 'INDAH YULITA AZIZ', 'MPLB', 'XI MPLB 2', '3003', '202', 'AKTIF'),
(1474202, 207834, 'Intan Nur Maicha', 'MPLB', 'XI MPLB 2', '3003', '202', 'AKTIF'),
(1475202, 207835, 'Irna Amelia Safitri', 'MPLB', 'XI MPLB 2', '3003', '202', 'AKTIF'),
(1476202, 207841, 'KURNIA YULIANA SAPUTRI', 'MPLB', 'XI MPLB 2', '3003', '202', 'AKTIF'),
(1477202, 207842, 'LINDA SAFITRI', 'MPLB', 'XI MPLB 2', '3003', '202', 'AKTIF'),
(1478202, 207845, 'NADIA KHADIJA TEWU', 'MPLB', 'XI MPLB 2', '3003', '202', 'AKTIF'),
(1479202, 207846, 'NAJWA ADELLA RAMADHANI', 'MPLB', 'XI MPLB 2', '3003', '202', 'AKTIF'),
(1480202, 207847, 'NANDITA SALSABILA', 'MPLB', 'XI MPLB 2', '3003', '202', 'AKTIF'),
(1481202, 207848, 'Nayla Khairunnisa', 'MPLB', 'XI MPLB 2', '3003', '202', 'AKTIF'),
(1482202, 207849, 'NAYLA TASYA', 'MPLB', 'XI MPLB 2', '3003', '202', 'AKTIF'),
(1483202, 207850, 'NAZWA HANIFAH', 'MPLB', 'XI MPLB 2', '3003', '202', 'AKTIF'),
(1484202, 207852, 'NOVA SAFITRI', 'MPLB', 'XI MPLB 2', '3003', '202', 'AKTIF'),
(1485202, 207853, 'Ovris Riyani', 'MPLB', 'XI MPLB 2', '3003', '202', 'AKTIF'),
(1486202, 207854, 'Pipit Nurlaeli Alpitri', 'MPLB', 'XI MPLB 2', '3003', '202', 'AKTIF'),
(1487202, 207856, 'RIDHA AMALIAH', 'MPLB', 'XI MPLB 2', '3003', '202', 'AKTIF'),
(1488202, 207857, 'RIZKA NOVIYANTI', 'MPLB', 'XI MPLB 2', '3003', '202', 'AKTIF'),
(1489202, 207860, 'SANTI MURJANI', 'MPLB', 'XI MPLB 2', '3003', '202', 'AKTIF'),
(1490202, 207863, 'SEPTIANI RAHAYU', 'MPLB', 'XI MPLB 2', '3003', '202', 'AKTIF'),
(1491202, 207864, 'SEVILA', 'MPLB', 'XI MPLB 2', '3003', '202', 'AKTIF'),
(1492202, 207868, 'Siti Maisaroh', 'MPLB', 'XI MPLB 2', '3003', '202', 'AKTIF'),
(1493202, 207869, 'SITI NUR HABIBAH', 'MPLB', 'XI MPLB 2', '3003', '202', 'AKTIF'),
(1494202, 207872, 'SYADIAH NUR LATIFAH', 'MPLB', 'XI MPLB 2', '3003', '202', 'AKTIF'),
(1495202, 207873, 'TASYA AMELIA', 'MPLB', 'XI MPLB 2', '3003', '202', 'AKTIF'),
(1496202, 207874, 'THIFAL AZIZAH HARTANTI', 'MPLB', 'XI MPLB 2', '3003', '202', 'AKTIF'),
(1497202, 207876, 'TIAYU', 'MPLB', 'XI MPLB 2', '3003', '202', 'AKTIF'),
(1498202, 207877, 'ULPAH LEPIYANI', 'MPLB', 'XI MPLB 2', '3003', '202', 'AKTIF'),
(1499202, 207878, 'VENDA FERNANDA', 'MPLB', 'XI MPLB 2', '3003', '202', 'AKTIF'),
(1500202, 207879, 'WILDATUL FADILLAH', 'MPLB', 'XI MPLB 2', '3003', '202', 'AKTIF'),
(1501202, 207881, 'WULAN SRI RAHAYU', 'MPLB', 'XI MPLB 2', '3003', '202', 'AKTIF'),
(1502202, 207882, 'Yeni Rahmayanti', 'MPLB', 'XI MPLB 2', '3003', '202', 'AKTIF'),
(1503202, 207579, 'ADAM WAHYYUDI', 'TJKT', 'XI TJKT 1', '4004', '202', 'AKTIF'),
(1504202, 207586, 'AHMAD DANY', 'TJKT', 'XI TJKT 1', '4004', '202', 'AKTIF'),
(1505202, 207592, 'ANGGA PRASETYA PUTRA', 'TJKT', 'XI TJKT 1', '4004', '202', 'AKTIF'),
(1506202, 207593, 'ANGGA YOGA PRATAMA', 'TJKT', 'XI TJKT 1', '4004', '202', 'AKTIF'),
(1507202, 207594, 'Anggi Alvianto', 'TJKT', 'XI TJKT 1', '4004', '202', 'AKTIF'),
(1508202, 207595, 'ARDI PRASETIO', 'TJKT', 'XI TJKT 1', '4004', '202', 'AKTIF'),
(1509202, 207596, 'ARI ARDIANSYAH', 'TJKT', 'XI TJKT 1', '4004', '202', 'AKTIF'),
(1510202, 207598, 'ARIFIN', 'TJKT', 'XI TJKT 1', '4004', '202', 'AKTIF'),
(1511202, 207599, 'Aris Bastyar', 'TJKT', 'XI TJKT 1', '4004', '202', 'AKTIF'),
(1512202, 207600, 'ARYA ZULFIKAR', 'TJKT', 'XI TJKT 1', '4004', '202', 'AKTIF'),
(1513202, 207601, 'BAYU FIRMANSYAH', 'TJKT', 'XI TJKT 1', '4004', '202', 'AKTIF'),
(1514202, 207602, 'Bayu Setiawan', 'TJKT', 'XI TJKT 1', '4004', '202', 'AKTIF'),
(1515202, 207603, 'CAHYA AJI SAPUTRA', 'TJKT', 'XI TJKT 1', '4004', '202', 'AKTIF'),
(1516202, 207606, 'CORY INTAN AGUSTIN', 'TJKT', 'XI TJKT 1', '4004', '202', 'AKTIF'),
(1517202, 207615, 'Dzaky Ramadhani', 'TJKT', 'XI TJKT 1', '4004', '202', 'AKTIF'),
(1518202, 207621, 'ERIK JAJANG KURNIAWAN', 'TJKT', 'XI TJKT 1', '4004', '202', 'AKTIF'),
(1519202, 207625, 'FAKHRUL DHAFI', 'TJKT', 'XI TJKT 1', '4004', '202', 'AKTIF'),
(1520202, 207628, 'FERDIAN AHMAD RUDIANTO', 'TJKT', 'XI TJKT 1', '4004', '202', 'AKTIF'),
(1521202, 207629, 'FERDIAN WIJAYA ALEXANDRA', 'TJKT', 'XI TJKT 1', '4004', '202', 'AKTIF'),
(1522202, 207636, 'HARIS', 'TJKT', 'XI TJKT 1', '4004', '202', 'AKTIF'),
(1523202, 207639, 'HERIXS HIDAYAT', 'TJKT', 'XI TJKT 1', '4004', '202', 'AKTIF'),
(1524202, 207642, 'Immanuel Tamando Maso', 'TJKT', 'XI TJKT 1', '4004', '202', 'AKTIF'),
(1525202, 207644, 'Justin Valentino Warouw', 'TJKT', 'XI TJKT 1', '4004', '202', 'AKTIF'),
(1526202, 207645, 'KELVIN AMANDO ERAWAN', 'TJKT', 'XI TJKT 1', '4004', '202', 'AKTIF'),
(1527202, 207651, 'Mimin Winata', 'TJKT', 'XI TJKT 1', '4004', '202', 'AKTIF'),
(1528202, 207664, 'MOHAMMAD KHOIRUL YANI', 'TJKT', 'XI TJKT 1', '4004', '202', 'AKTIF'),
(1529202, 207656, 'MUHAMAD REZA ANDRIAN', 'TJKT', 'XI TJKT 1', '4004', '202', 'AKTIF'),
(1530202, 207659, 'MUHAMMAD CAVAN HIZAM', 'TJKT', 'XI TJKT 1', '4004', '202', 'AKTIF'),
(1531202, 207662, 'Muhammad Gusti Razan', 'TJKT', 'XI TJKT 1', '4004', '202', 'AKTIF'),
(1532202, 207663, 'Muhammad Hasnul Arifin', 'TJKT', 'XI TJKT 1', '4004', '202', 'AKTIF'),
(1533202, 207669, 'MUHAMMAD SIROJUDDIN GHOZALI', 'TJKT', 'XI TJKT 1', '4004', '202', 'AKTIF'),
(1534202, 207672, 'NASHRULLOH FIRDAUS', 'TJKT', 'XI TJKT 1', '4004', '202', 'AKTIF'),
(1535202, 207674, 'NICHOLLA MULQI BARBAROSSA', 'TJKT', 'XI TJKT 1', '4004', '202', 'AKTIF'),
(1536202, 207678, 'QALAM RAYDATHUL SABANI', 'TJKT', 'XI TJKT 1', '4004', '202', 'AKTIF'),
(1537202, 207683, 'RAYNOR SANJIA ANDHIKAFATA', 'TJKT', 'XI TJKT 1', '4004', '202', 'AKTIF'),
(1538202, 207690, 'RIZAL MAULANA', 'TJKT', 'XI TJKT 1', '4004', '202', 'AKTIF'),
(1539202, 207695, 'SHEVA SEPTANIO', 'TJKT', 'XI TJKT 1', '4004', '202', 'AKTIF'),
(1540202, 207696, 'SOPIYAN', 'TJKT', 'XI TJKT 1', '4004', '202', 'AKTIF'),
(1541202, 207697, 'SUGENG DWI WALUYO', 'TJKT', 'XI TJKT 1', '4004', '202', 'AKTIF'),
(1542202, 207700, 'SYAHRUL HANAVI', 'TJKT', 'XI TJKT 1', '4004', '202', 'AKTIF'),
(1543202, 207706, 'WILLYANSYAH', 'TJKT', 'XI TJKT 1', '4004', '202', 'AKTIF'),
(1544202, 207707, 'YOHANES SETIAWAN', 'TJKT', 'XI TJKT 1', '4004', '202', 'AKTIF'),
(1545202, 207708, 'YUDHA SEPTYAN', 'TJKT', 'XI TJKT 1', '4004', '202', 'AKTIF'),
(1546202, 207709, 'ZODI PRASTIYO', 'TJKT', 'XI TJKT 1', '4004', '202', 'AKTIF'),
(1547202, 207578, 'Abdul Rahman', 'TJKT', 'XI TJKT 2', '4004', '202', 'AKTIF'),
(1548202, 207582, 'AFIF PRASETYO', 'TJKT', 'XI TJKT 2', '4004', '202', 'AKTIF'),
(1549202, 207583, 'AGUNG MAULANA FEBRIYANTO', 'TJKT', 'XI TJKT 2', '4004', '202', 'AKTIF'),
(1550202, 207597, 'ARIF', 'TJKT', 'XI TJKT 2', '4004', '202', 'AKTIF'),
(1551202, 207604, 'CANDRA AGUS NUGROHO', 'TJKT', 'XI TJKT 2', '4004', '202', 'AKTIF'),
(1552202, 207605, 'CARLOS LEONARDO', 'TJKT', 'XI TJKT 2', '4004', '202', 'AKTIF'),
(1553202, 207607, 'DENDI ZAKARIA', 'TJKT', 'XI TJKT 2', '4004', '202', 'AKTIF'),
(1554202, 207608, 'DENDY CAHYOKO', 'TJKT', 'XI TJKT 2', '4004', '202', 'AKTIF'),
(1555202, 207610, 'DICKY FADILAH', 'TJKT', 'XI TJKT 2', '4004', '202', 'AKTIF'),
(1556202, 207612, 'DIMAS ADI SAPUTRA', 'TJKT', 'XI TJKT 2', '4004', '202', 'AKTIF'),
(1557202, 207614, 'DUWI AMAL MAULIDA AKSAN', 'TJKT', 'XI TJKT 2', '4004', '202', 'AKTIF'),
(1558202, 207622, 'ERWIN OKTAVIANTO', 'TJKT', 'XI TJKT 2', '4004', '202', 'AKTIF'),
(1559202, 207623, 'FACHRUL RAMADHAN', 'TJKT', 'XI TJKT 2', '4004', '202', 'AKTIF'),
(1560202, 207630, 'GALIH ADIVA PRATAMA PUTRA', 'TJKT', 'XI TJKT 2', '4004', '202', 'AKTIF'),
(1561202, 207634, 'HAERUL ANGGA', 'TJKT', 'XI TJKT 2', '4004', '202', 'AKTIF'),
(1562202, 207637, 'HARRY RIVALDY', 'TJKT', 'XI TJKT 2', '4004', '202', 'AKTIF'),
(1563202, 207648, 'MOHAMAD RAGIL ADITYA PUTRA', 'TJKT', 'XI TJKT 2', '4004', '202', 'AKTIF'),
(1564202, 207661, 'MOHAMMAD FARHAN', 'TJKT', 'XI TJKT 2', '4004', '202', 'AKTIF'),
(1565202, 207653, 'MOHAMMAD HADI WIJAYA', 'TJKT', 'XI TJKT 2', '4004', '202', 'AKTIF'),
(1566202, 207658, 'MUHAMMAD AFRIZAL', 'TJKT', 'XI TJKT 2', '4004', '202', 'AKTIF'),
(1567202, 207660, 'MUHAMMAD DARMA ILLAHI', 'TJKT', 'XI TJKT 2', '4004', '202', 'AKTIF'),
(1568202, 207665, 'MUHAMMAD PIRMANSAH PUTRA RAGIL ', 'TJKT', 'XI TJKT 2', '4004', '202', 'AKTIF'),
(1569202, 207666, 'Muhammad Rafandi', 'TJKT', 'XI TJKT 2', '4004', '202', 'AKTIF'),
(1570202, 207668, 'MUHAMMAD RIDWAN', 'TJKT', 'XI TJKT 2', '4004', '202', 'AKTIF'),
(1571202, 207650, 'Muhammad Vincen Ramadhan', 'TJKT', 'XI TJKT 2', '4004', '202', 'AKTIF'),
(1572202, 207671, 'Najib Dzannur', 'TJKT', 'XI TJKT 2', '4004', '202', 'AKTIF'),
(1573202, 207676, 'PERDANA ANDRE SETIAWAN', 'TJKT', 'XI TJKT 2', '4004', '202', 'AKTIF'),
(1574202, 207677, 'PUTRA SURYA PRATAMA', 'TJKT', 'XI TJKT 2', '4004', '202', 'AKTIF'),
(1575202, 207679, 'RACHMAN GANIE', 'TJKT', 'XI TJKT 2', '4004', '202', 'AKTIF'),
(1576202, 207682, 'RAIHAN MUHAMMAD AKBAR', 'TJKT', 'XI TJKT 2', '4004', '202', 'AKTIF'),
(1577202, 207684, 'Rehandika Bayu Maarif', 'TJKT', 'XI TJKT 2', '4004', '202', 'AKTIF'),
(1578202, 207687, 'RENO PRIANDANA', 'TJKT', 'XI TJKT 2', '4004', '202', 'AKTIF'),
(1579202, 207688, 'REVAN OKTAGIAS RAMADHAN', 'TJKT', 'XI TJKT 2', '4004', '202', 'AKTIF'),
(1580202, 207689, 'RIAN MAULANA', 'TJKT', 'XI TJKT 2', '4004', '202', 'AKTIF'),
(1581202, 207691, 'ROSITA ARYANINGSIH', 'TJKT', 'XI TJKT 2', '4004', '202', 'AKTIF'),
(1582202, 207693, 'SAHRUL ALAM', 'TJKT', 'XI TJKT 2', '4004', '202', 'AKTIF'),
(1583202, 207692, 'SAIPUL ALI', 'TJKT', 'XI TJKT 2', '4004', '202', 'AKTIF'),
(1584202, 207694, 'Satria Wahyu Ramadhan ', 'TJKT', 'XI TJKT 2', '4004', '202', 'AKTIF'),
(1585202, 207699, 'SYAHRIEZA BAGUS WIDIYANTO', 'TJKT', 'XI TJKT 2', '4004', '202', 'AKTIF'),
(1586202, 207702, 'TEGAR CAHYA PUTRA', 'TJKT', 'XI TJKT 2', '4004', '202', 'AKTIF'),
(1587202, 207704, 'Ulumuddin Adji Pamungkas', 'TJKT', 'XI TJKT 2', '4004', '202', 'AKTIF'),
(1588202, 207580, 'ADIS MAULANA', 'TJKT', 'XI TJKT 3', '4004', '202', 'AKTIF'),
(1589202, 207581, 'ADITTIA DWI SAPUTRA', 'TJKT', 'XI TJKT 3', '4004', '202', 'AKTIF'),
(1590202, 207584, 'AGUNG PRASETYO NUGROHO', 'TJKT', 'XI TJKT 3', '4004', '202', 'AKTIF'),
(1591202, 207585, 'AGUS KHOLIFUDIN', 'TJKT', 'XI TJKT 3', '4004', '202', 'AKTIF'),
(1592202, 207587, 'AHMAD RIPAI', 'TJKT', 'XI TJKT 3', '4004', '202', 'AKTIF'),
(1593202, 207588, 'AJI PRASSETYO', 'TJKT', 'XI TJKT 3', '4004', '202', 'AKTIF'),
(1594202, 207589, 'ALTHAF NUR ASEGAF', 'TJKT', 'XI TJKT 3', '4004', '202', 'AKTIF'),
(1595202, 207590, 'ANANG RAMADHAN', 'TJKT', 'XI TJKT 3', '4004', '202', 'AKTIF'),
(1596202, 207591, 'ANDI FIRMANSYAH', 'TJKT', 'XI TJKT 3', '4004', '202', 'AKTIF'),
(1597202, 207609, 'Dewi Rizki Niluardani', 'TJKT', 'XI TJKT 3', '4004', '202', 'AKTIF'),
(1598202, 207611, 'DIMAS BUDI RIYANTO', 'TJKT', 'XI TJKT 3', '4004', '202', 'AKTIF'),
(1599202, 207613, 'DION MOHAMAD BARUNA', 'TJKT', 'XI TJKT 3', '4004', '202', 'AKTIF'),
(1600202, 207616, 'DZAKY ZAHRAN', 'TJKT', 'XI TJKT 3', '4004', '202', 'AKTIF'),
(1601202, 207617, 'EGA PRATAMA', 'TJKT', 'XI TJKT 3', '4004', '202', 'AKTIF'),
(1602202, 207619, 'EKY FERDIANSYAH', 'TJKT', 'XI TJKT 3', '4004', '202', 'AKTIF'),
(1603202, 207620, 'ERI PUTRA PRATAMA', 'TJKT', 'XI TJKT 3', '4004', '202', 'AKTIF'),
(1604202, 207624, 'FAJAR DWI HARTADI', 'TJKT', 'XI TJKT 3', '4004', '202', 'AKTIF'),
(1605202, 207627, 'FEBI DWI SULISTIADI', 'TJKT', 'XI TJKT 3', '4004', '202', 'AKTIF'),
(1606202, 207631, 'GIANLUIGI FADHIL MUSTAQIM', 'TJKT', 'XI TJKT 3', '4004', '202', 'AKTIF'),
(1607202, 207632, 'GILANG DIAN SAPUTRA', 'TJKT', 'XI TJKT 3', '4004', '202', 'AKTIF'),
(1608202, 207633, 'GIN GIN', 'TJKT', 'XI TJKT 3', '4004', '202', 'AKTIF'),
(1609202, 207635, 'HAQI MAULANA', 'TJKT', 'XI TJKT 3', '4004', '202', 'AKTIF'),
(1610202, 207638, 'Hasrin Abdul Laji', 'TJKT', 'XI TJKT 3', '4004', '202', 'AKTIF'),
(1611202, 207640, 'I MADE ANTONI', 'TJKT', 'XI TJKT 3', '4004', '202', 'AKTIF'),
(1612202, 207641, 'IAN SAPUTRA', 'TJKT', 'XI TJKT 3', '4004', '202', 'AKTIF'),
(1613202, 207643, 'JANUAR BAGUS WIBOWO', 'TJKT', 'XI TJKT 3', '4004', '202', 'AKTIF'),
(1614202, 207646, 'KUKUH ANGGER MAHARGYO', 'TJKT', 'XI TJKT 3', '4004', '202', 'AKTIF');
INSERT INTO `siswa` (`id_siswa`, `nis`, `nama_siswa`, `jurusan`, `kelas`, `group_kelas`, `tahun_ajaran`, `status`) VALUES
(1615202, 207647, 'LAKSAMANA PUTRA', 'TJKT', 'XI TJKT 3', '4004', '202', 'AKTIF'),
(1616202, 207654, 'MOH ALDI NIRWANSYAH', 'TJKT', 'XI TJKT 3', '4004', '202', 'AKTIF'),
(1617202, 207652, 'MOHAMAD HARYONO', 'TJKT', 'XI TJKT 3', '4004', '202', 'AKTIF'),
(1618202, 207655, 'MUHAMAD ALBAR ALAMSYAH', 'TJKT', 'XI TJKT 3', '4004', '202', 'AKTIF'),
(1619202, 207657, 'MUHAMAD RYAN HARDIANSYAH', 'TJKT', 'XI TJKT 3', '4004', '202', 'AKTIF'),
(1620202, 207649, 'MUHAMAD SABLIK MBIPI', 'TJKT', 'XI TJKT 3', '4004', '202', 'AKTIF'),
(1621202, 207667, 'MUHAMMAD RAFLI', 'TJKT', 'XI TJKT 3', '4004', '202', 'AKTIF'),
(1622202, 207670, 'Muhammad Tio', 'TJKT', 'XI TJKT 3', '4004', '202', 'AKTIF'),
(1623202, 207673, 'NENDI', 'TJKT', 'XI TJKT 3', '4004', '202', 'AKTIF'),
(1624202, 207675, 'NOVAL TRI HARYANTO', 'TJKT', 'XI TJKT 3', '4004', '202', 'AKTIF'),
(1625202, 207680, 'RAFAEL MULIA ALFAHDI', 'TJKT', 'XI TJKT 3', '4004', '202', 'AKTIF'),
(1626202, 207681, 'RAGIL PANGESTU', 'TJKT', 'XI TJKT 3', '4004', '202', 'AKTIF'),
(1627202, 207685, 'RENDI SAPUTRA', 'TJKT', 'XI TJKT 3', '4004', '202', 'AKTIF'),
(1628202, 207686, 'Reni Nuraeni', 'TJKT', 'XI TJKT 3', '4004', '202', 'AKTIF'),
(1629202, 207701, 'TEGAR', 'TJKT', 'XI TJKT 3', '4004', '202', 'AKTIF'),
(1630202, 207703, 'TRI PUTRA AFRIANSYAH', 'TJKT', 'XI TJKT 3', '4004', '202', 'AKTIF'),
(1631202, 207705, 'WIDDIYA BAGUS ENDANG WINARYO', 'TJKT', 'XI TJKT 3', '4004', '202', 'AKTIF'),
(1632202, 197336, 'ABDUL WAHID', 'AKL', 'XII AKL 1', '5005', '202', 'AKTIF'),
(1633202, 197337, 'ACHMAD IRFAN SHOLAHUDDIN', 'AKL', 'XII AKL 1', '5005', '202', 'AKTIF'),
(1634202, 197338, 'Agus Arbain Mahmud', 'AKL', 'XII AKL 1', '5005', '202', 'AKTIF'),
(1635202, 197340, 'ANGEL', 'AKL', 'XII AKL 1', '5005', '202', 'AKTIF'),
(1636202, 197341, 'ANTIKA SARI', 'AKL', 'XII AKL 1', '5005', '202', 'AKTIF'),
(1637202, 197347, 'DEVI YULIANTI', 'AKL', 'XII AKL 1', '5005', '202', 'AKTIF'),
(1638202, 197348, 'DEWI NOPITA SARI', 'AKL', 'XII AKL 1', '5005', '202', 'AKTIF'),
(1639202, 197349, 'DEWI WULAN SARI', 'AKL', 'XII AKL 1', '5005', '202', 'AKTIF'),
(1640202, 197350, 'Diana Pungky', 'AKL', 'XII AKL 1', '5005', '202', 'AKTIF'),
(1641202, 197351, 'Diaz Adrian Praja', 'AKL', 'XII AKL 1', '5005', '202', 'AKTIF'),
(1642202, 197353, 'FITRI RAMADANI', 'AKL', 'XII AKL 1', '5005', '202', 'AKTIF'),
(1643202, 197354, 'INDRA', 'AKL', 'XII AKL 1', '5005', '202', 'AKTIF'),
(1644202, 197356, 'JELITA HANDIANI', 'AKL', 'XII AKL 1', '5005', '202', 'AKTIF'),
(1645202, 197358, 'Khairunisa Apriandini', 'AKL', 'XII AKL 1', '5005', '202', 'AKTIF'),
(1646202, 197359, 'LAILA AFRIYANTI', 'AKL', 'XII AKL 1', '5005', '202', 'AKTIF'),
(1647202, 197360, 'LAURA WANDA PUTRI', 'AKL', 'XII AKL 1', '5005', '202', 'AKTIF'),
(1648202, 197363, 'LISNAWATI', 'AKL', 'XII AKL 1', '5005', '202', 'AKTIF'),
(1649202, 197366, 'Marni', 'AKL', 'XII AKL 1', '5005', '202', 'AKTIF'),
(1650202, 197371, 'MICO RAMDANI SYAHRULTIAS', 'AKL', 'XII AKL 1', '5005', '202', 'AKTIF'),
(1651202, 197372, 'MUHAMMAD ARIF', 'AKL', 'XII AKL 1', '5005', '202', 'AKTIF'),
(1652202, 197376, 'MUHAMMAD RAFI', 'AKL', 'XII AKL 1', '5005', '202', 'AKTIF'),
(1653202, 197377, 'MUHAMMAD RIZKY', 'AKL', 'XII AKL 1', '5005', '202', 'AKTIF'),
(1654202, 197378, 'MUHHAMAD SATRIO', 'AKL', 'XII AKL 1', '5005', '202', 'AKTIF'),
(1655202, 197381, 'NG EK HOT', 'AKL', 'XII AKL 1', '5005', '202', 'AKTIF'),
(1656202, 197385, 'OKTAVIA NENGSIH', 'AKL', 'XII AKL 1', '5005', '202', 'AKTIF'),
(1657202, 197386, 'PEGGY FITRIANI NURDIN', 'AKL', 'XII AKL 1', '5005', '202', 'AKTIF'),
(1658202, 197387, 'PUTRI FEBRIANI', 'AKL', 'XII AKL 1', '5005', '202', 'AKTIF'),
(1659202, 197388, 'PUTRI MAISAROH', 'AKL', 'XII AKL 1', '5005', '202', 'AKTIF'),
(1660202, 197389, 'PUTRI MIRANTI', 'AKL', 'XII AKL 1', '5005', '202', 'AKTIF'),
(1661202, 197390, 'RICKO ADI SAPUTRA', 'AKL', 'XII AKL 1', '5005', '202', 'AKTIF'),
(1662202, 197391, 'RIKA TRI UTAMI', 'AKL', 'XII AKL 1', '5005', '202', 'AKTIF'),
(1663202, 197394, 'SELVYA ARYANTI', 'AKL', 'XII AKL 1', '5005', '202', 'AKTIF'),
(1664202, 197396, 'SHINTYA AULIA PUTRI NABILA', 'AKL', 'XII AKL 1', '5005', '202', 'AKTIF'),
(1665202, 197402, 'SITI NURIKA RAHIM', 'AKL', 'XII AKL 1', '5005', '202', 'AKTIF'),
(1666202, 197403, 'SITI SADIYAH', 'AKL', 'XII AKL 1', '5005', '202', 'AKTIF'),
(1667202, 197408, 'TRIYANA MUKTI', 'AKL', 'XII AKL 1', '5005', '202', 'AKTIF'),
(1668202, 197410, 'VENUS SINTYA RAHAYU', 'AKL', 'XII AKL 1', '5005', '202', 'AKTIF'),
(1669202, 197412, 'WIDYA MAHARANI WISNU PUTRI', 'AKL', 'XII AKL 1', '5005', '202', 'AKTIF'),
(1670202, 197414, 'YUSUF KURNIA', 'AKL', 'XII AKL 1', '5005', '202', 'AKTIF'),
(1671202, 197339, 'AKBAR KUSUMA WIJAYA', 'AKL', 'XII AKL 2', '5005', '202', 'AKTIF'),
(1672202, 197344, 'CHANDRA PUTRA DARMAWAN', 'AKL', 'XII AKL 2', '5005', '202', 'AKTIF'),
(1673202, 197345, 'DELA AMELIA DWI SAPUTRI', 'AKL', 'XII AKL 2', '5005', '202', 'AKTIF'),
(1674202, 197352, 'DWI LIA NOVITA', 'AKL', 'XII AKL 2', '5005', '202', 'AKTIF'),
(1675202, 197355, 'INSANI METASARI', 'AKL', 'XII AKL 2', '5005', '202', 'AKTIF'),
(1676202, 197361, 'Lina Nofitasari', 'AKL', 'XII AKL 2', '5005', '202', 'AKTIF'),
(1677202, 197362, 'LINDA CHANIAGO', 'AKL', 'XII AKL 2', '5005', '202', 'AKTIF'),
(1678202, 197364, 'MAHARANI ANANDA PUTRI FIRDAUS', 'AKL', 'XII AKL 2', '5005', '202', 'AKTIF'),
(1679202, 197365, 'MARINI NUROHMA', 'AKL', 'XII AKL 2', '5005', '202', 'AKTIF'),
(1680202, 197368, 'MEGA AFIANI', 'AKL', 'XII AKL 2', '5005', '202', 'AKTIF'),
(1681202, 197369, 'MELDA', 'AKL', 'XII AKL 2', '5005', '202', 'AKTIF'),
(1682202, 197370, 'MELVINA FARADILLA', 'AKL', 'XII AKL 2', '5005', '202', 'AKTIF'),
(1683202, 197373, 'MUHAMAD HASBI ASHIDIQI', 'AKL', 'XII AKL 2', '5005', '202', 'AKTIF'),
(1684202, 197374, 'MUHAMMAD BAYU SANJAYA', 'AKL', 'XII AKL 2', '5005', '202', 'AKTIF'),
(1685202, 197375, 'MUHAMMAD FARHAN DWINANTO', 'AKL', 'XII AKL 2', '5005', '202', 'AKTIF'),
(1686202, 197379, 'NABILATUN ALFIAH', 'AKL', 'XII AKL 2', '5005', '202', 'AKTIF'),
(1687202, 197380, 'NELA DESTRIANA DEWI', 'AKL', 'XII AKL 2', '5005', '202', 'AKTIF'),
(1688202, 197382, 'NINA NURCAHYATI', 'AKL', 'XII AKL 2', '5005', '202', 'AKTIF'),
(1689202, 197383, 'NUR AHMAD KHAIRI', 'AKL', 'XII AKL 2', '5005', '202', 'AKTIF'),
(1690202, 197384, 'Nur Rohimah', 'AKL', 'XII AKL 2', '5005', '202', 'AKTIF'),
(1691202, 197392, 'Rinni Maspupah', 'AKL', 'XII AKL 2', '5005', '202', 'AKTIF'),
(1692202, 197393, 'RISMA KURNIAWATI', 'AKL', 'XII AKL 2', '5005', '202', 'AKTIF'),
(1693202, 197395, 'Seviana Eka Saputri', 'AKL', 'XII AKL 2', '5005', '202', 'AKTIF'),
(1694202, 197397, 'Sifa Nur Fauziah', 'AKL', 'XII AKL 2', '5005', '202', 'AKTIF'),
(1695202, 197398, 'SILVI ATNADINATA', 'AKL', 'XII AKL 2', '5005', '202', 'AKTIF'),
(1696202, 197399, 'SILVIA ANGGREANI', 'AKL', 'XII AKL 2', '5005', '202', 'AKTIF'),
(1697202, 197400, 'SITI HODIJAH', 'AKL', 'XII AKL 2', '5005', '202', 'AKTIF'),
(1698202, 197404, 'SOFIATUN NUFUS', 'AKL', 'XII AKL 2', '5005', '202', 'AKTIF'),
(1699202, 197405, 'SUCI NOVITA SARI', 'AKL', 'XII AKL 2', '5005', '202', 'AKTIF'),
(1700202, 197406, 'Suwanah', 'AKL', 'XII AKL 2', '5005', '202', 'AKTIF'),
(1701202, 197409, 'UUN NAFIA', 'AKL', 'XII AKL 2', '5005', '202', 'AKTIF'),
(1702202, 197411, 'VIVIT NUR INDASARI', 'AKL', 'XII AKL 2', '5005', '202', 'AKTIF'),
(1703202, 197413, 'WULAN NUR OKTAVIANI', 'AKL', 'XII AKL 2', '5005', '202', 'AKTIF'),
(1704202, 197415, 'ZERY HERMAWAN', 'AKL', 'XII AKL 2', '5005', '202', 'AKTIF'),
(1705202, 197416, 'ZILVI BADRI AULIAH', 'AKL', 'XII AKL 2', '5005', '202', 'AKTIF'),
(1706202, 197498, 'ABDULLAH NURHALIM', 'PM', 'XII PM 1', '5005', '202', 'AKTIF'),
(1707202, 197499, 'ABELIA AGUSTIN', 'PM', 'XII PM 1', '5005', '202', 'AKTIF'),
(1708202, 197503, 'AHMAD DENI', 'PM', 'XII PM 1', '5005', '202', 'AKTIF'),
(1709202, 197507, 'ANANDA BUDI SUSANTO', 'PM', 'XII PM 1', '5005', '202', 'AKTIF'),
(1710202, 197508, 'ARIEL OCTAREZA', 'PM', 'XII PM 1', '5005', '202', 'AKTIF'),
(1711202, 197509, 'ARIN DWI ALIANI', 'PM', 'XII PM 1', '5005', '202', 'AKTIF'),
(1712202, 197510, 'ARYA BAYU NUR ICHSAN', 'PM', 'XII PM 1', '5005', '202', 'AKTIF'),
(1713202, 197513, 'DANDI SAPUTRA', 'PM', 'XII PM 1', '5005', '202', 'AKTIF'),
(1714202, 197514, 'DEVI AVIELE', 'PM', 'XII PM 1', '5005', '202', 'AKTIF'),
(1715202, 197515, 'Devi Melia Utari', 'PM', 'XII PM 1', '5005', '202', 'AKTIF'),
(1716202, 197521, 'FITRI NURMAZIYAH', 'PM', 'XII PM 1', '5005', '202', 'AKTIF'),
(1717202, 197522, 'GUFRON AZIS', 'PM', 'XII PM 1', '5005', '202', 'AKTIF'),
(1718202, 197525, 'IWAN SANTOSO', 'PM', 'XII PM 1', '5005', '202', 'AKTIF'),
(1719202, 197526, 'Jessy Apriliani', 'PM', 'XII PM 1', '5005', '202', 'AKTIF'),
(1720202, 197530, 'M. Putra Erlangga', 'PM', 'XII PM 1', '5005', '202', 'AKTIF'),
(1721202, 197532, 'Marshel Mahendra', 'PM', 'XII PM 1', '5005', '202', 'AKTIF'),
(1722202, 197529, 'Mohammad Ikmal Maulana', 'PM', 'XII PM 1', '5005', '202', 'AKTIF'),
(1723202, 197534, 'MUHAMAD RIZKI', 'PM', 'XII PM 1', '5005', '202', 'AKTIF'),
(1724202, 197536, 'MUHAMMAD EQI SAPUTRA', 'PM', 'XII PM 1', '5005', '202', 'AKTIF'),
(1725202, 197533, 'MUHAMMAD KHAERUL BAHRI', 'PM', 'XII PM 1', '5005', '202', 'AKTIF'),
(1726202, 197542, 'Najwa Nur Kariem', 'PM', 'XII PM 1', '5005', '202', 'AKTIF'),
(1727202, 197543, 'Nilan Iriyanti', 'PM', 'XII PM 1', '5005', '202', 'AKTIF'),
(1728202, 197544, 'Noni Oktaviani', 'PM', 'XII PM 1', '5005', '202', 'AKTIF'),
(1729202, 197546, 'Pratama Zinedine Yazid Zidane', 'PM', 'XII PM 1', '5005', '202', 'AKTIF'),
(1730202, 197547, 'RAIHAN AHMAD ELIA', 'PM', 'XII PM 1', '5005', '202', 'AKTIF'),
(1731202, 197549, 'RAJA DIKA PRAYOGA', 'PM', 'XII PM 1', '5005', '202', 'AKTIF'),
(1732202, 197550, 'RAMSES GOZALI', 'PM', 'XII PM 1', '5005', '202', 'AKTIF'),
(1733202, 197551, 'RANGGA RAYA SAFAAT', 'PM', 'XII PM 1', '5005', '202', 'AKTIF'),
(1734202, 197553, 'REZA FIRMANSJAH', 'PM', 'XII PM 1', '5005', '202', 'AKTIF'),
(1735202, 197559, 'RISMATU ZAHRA', 'PM', 'XII PM 1', '5005', '202', 'AKTIF'),
(1736202, 197569, 'TRIO ANDIKA', 'PM', 'XII PM 1', '5005', '202', 'AKTIF'),
(1737202, 197570, 'Verdi Putra Satria', 'PM', 'XII PM 1', '5005', '202', 'AKTIF'),
(1738202, 197572, 'WULAN CAHYANI', 'PM', 'XII PM 1', '5005', '202', 'AKTIF'),
(1739202, 197574, 'Yoga Dwi Prasetyo', 'PM', 'XII PM 1', '5005', '202', 'AKTIF'),
(1740202, 197576, 'Yunita Adetia Saputri', 'PM', 'XII PM 1', '5005', '202', 'AKTIF'),
(1741202, 197500, 'Achmad Alfie Sadan Widodo', 'PM', 'XII PM 2', '5005', '202', 'AKTIF'),
(1742202, 197501, 'ADI PUTRA', 'PM', 'XII PM 2', '5005', '202', 'AKTIF'),
(1743202, 197504, 'Aliyah Maisuni', 'PM', 'XII PM 2', '5005', '202', 'AKTIF'),
(1744202, 197505, 'ALYA SAFA KAMILA', 'PM', 'XII PM 2', '5005', '202', 'AKTIF'),
(1745202, 197506, 'AMALIA SYAMSIATI ALIFAH', 'PM', 'XII PM 2', '5005', '202', 'AKTIF'),
(1746202, 197512, 'BAGAS SUKMO', 'PM', 'XII PM 2', '5005', '202', 'AKTIF'),
(1747202, 197518, 'FAIZAH PUTRI AULIA', 'PM', 'XII PM 2', '5005', '202', 'AKTIF'),
(1748202, 197519, 'FANDI SAPUTRA', 'PM', 'XII PM 2', '5005', '202', 'AKTIF'),
(1749202, 197520, 'FIORELLA RAISYA ERVANI', 'PM', 'XII PM 2', '5005', '202', 'AKTIF'),
(1750202, 197524, 'INDRA RUKMANA', 'PM', 'XII PM 2', '5005', '202', 'AKTIF'),
(1751202, 197527, 'JULAEHA', 'PM', 'XII PM 2', '5005', '202', 'AKTIF'),
(1752202, 197528, 'Kevin Afizeno', 'PM', 'XII PM 2', '5005', '202', 'AKTIF'),
(1753202, 197531, 'MAHESA GENTA SAKAWAYANA', 'PM', 'XII PM 2', '5005', '202', 'AKTIF'),
(1754202, 197535, 'MUHAMAD WILDAN RAMADHAN', 'PM', 'XII PM 2', '5005', '202', 'AKTIF'),
(1755202, 197537, 'MUHAMMAD FADIL', 'PM', 'XII PM 2', '5005', '202', 'AKTIF'),
(1756202, 197538, 'MUHAMMAD FARHAN MAULANA', 'PM', 'XII PM 2', '5005', '202', 'AKTIF'),
(1757202, 197539, 'MUHAMMAD JIHAR ADIB', 'PM', 'XII PM 2', '5005', '202', 'AKTIF'),
(1758202, 197545, 'Nur Rizkiyah', 'PM', 'XII PM 2', '5005', '202', 'AKTIF'),
(1759202, 197548, 'RAISAH NURUL AMIN', 'PM', 'XII PM 2', '5005', '202', 'AKTIF'),
(1760202, 197552, 'RAYNANDA DEWATA', 'PM', 'XII PM 2', '5005', '202', 'AKTIF'),
(1761202, 197555, 'RIDHO FIRMAN SYACH', 'PM', 'XII PM 2', '5005', '202', 'AKTIF'),
(1762202, 197556, 'Rifky Akbar Abdullah', 'PM', 'XII PM 2', '5005', '202', 'AKTIF'),
(1763202, 197557, 'RISKA', 'PM', 'XII PM 2', '5005', '202', 'AKTIF'),
(1764202, 197558, 'RISKA NURUL FADILAH', 'PM', 'XII PM 2', '5005', '202', 'AKTIF'),
(1765202, 197560, 'Rosa Widiya Amaliah', 'PM', 'XII PM 2', '5005', '202', 'AKTIF'),
(1766202, 197562, 'SAGDA MAHENDRA', 'PM', 'XII PM 2', '5005', '202', 'AKTIF'),
(1767202, 197563, 'SELBY AYU ALZAHRA', 'PM', 'XII PM 2', '5005', '202', 'AKTIF'),
(1768202, 197565, 'Silvia', 'PM', 'XII PM 2', '5005', '202', 'AKTIF'),
(1769202, 197566, 'SITI MAYANGSARI RAHMADANI', 'PM', 'XII PM 2', '5005', '202', 'AKTIF'),
(1770202, 197567, 'SITI NUR NABILLA', 'PM', 'XII PM 2', '5005', '202', 'AKTIF'),
(1771202, 197568, 'TEGAR SAPUTRA', 'PM', 'XII PM 2', '5005', '202', 'AKTIF'),
(1772202, 197407, 'Tommy Yuscandra', 'PM', 'XII PM 2', '5005', '202', 'AKTIF'),
(1773202, 197575, 'YULIANTI', 'PM', 'XII PM 2', '5005', '202', 'AKTIF'),
(1774202, 197577, 'ZAKI AKBAR WIJAYANTO', 'PM', 'XII PM 2', '5005', '202', 'AKTIF'),
(1775202, 197420, 'AMELIA OKTAVIANI', 'MPLB', 'XII MPLB 1', '5005', '202', 'AKTIF'),
(1776202, 197421, 'AMELIA SHADIYAH', 'MPLB', 'XII MPLB 1', '5005', '202', 'AKTIF'),
(1777202, 197422, 'ARDELIA SALSABILA', 'MPLB', 'XII MPLB 1', '5005', '202', 'AKTIF'),
(1778202, 197423, 'ARINI', 'MPLB', 'XII MPLB 1', '5005', '202', 'AKTIF'),
(1779202, 197424, 'Audi Valentina', 'MPLB', 'XII MPLB 1', '5005', '202', 'AKTIF'),
(1780202, 197425, 'AYU LESTARI', 'MPLB', 'XII MPLB 1', '5005', '202', 'AKTIF'),
(1781202, 197428, 'Dara Wardhani', 'MPLB', 'XII MPLB 1', '5005', '202', 'AKTIF'),
(1782202, 197429, 'DEDE ARUM SARI', 'MPLB', 'XII MPLB 1', '5005', '202', 'AKTIF'),
(1783202, 197430, 'DEVI NUR AFRILIA', 'MPLB', 'XII MPLB 1', '5005', '202', 'AKTIF'),
(1784202, 197432, 'DEWITA CAHYANI', 'MPLB', 'XII MPLB 1', '5005', '202', 'AKTIF'),
(1785202, 197435, 'DIAN PATRIANI', 'MPLB', 'XII MPLB 1', '5005', '202', 'AKTIF'),
(1786202, 197437, 'DINA NOVITA', 'MPLB', 'XII MPLB 1', '5005', '202', 'AKTIF'),
(1787202, 197438, 'Dinii Aditia Putri Lubis', 'MPLB', 'XII MPLB 1', '5005', '202', 'AKTIF'),
(1788202, 197440, 'EKA YULIA SARI', 'MPLB', 'XII MPLB 1', '5005', '202', 'AKTIF'),
(1789202, 197441, 'Ersanda Aprilia', 'MPLB', 'XII MPLB 1', '5005', '202', 'AKTIF'),
(1790202, 197442, 'FADIANA', 'MPLB', 'XII MPLB 1', '5005', '202', 'AKTIF'),
(1791202, 197444, 'ICHA RAHMA NOVITASARI', 'MPLB', 'XII MPLB 1', '5005', '202', 'AKTIF'),
(1792202, 197445, 'Ismi Syalina Hidayat', 'MPLB', 'XII MPLB 1', '5005', '202', 'AKTIF'),
(1793202, 197446, 'JESI HAFILLAH', 'MPLB', 'XII MPLB 1', '5005', '202', 'AKTIF'),
(1794202, 197447, 'JULIA LESTARI', 'MPLB', 'XII MPLB 1', '5005', '202', 'AKTIF'),
(1795202, 197449, 'KEKE NURKHOLIFAH', 'MPLB', 'XII MPLB 1', '5005', '202', 'AKTIF'),
(1796202, 197451, 'KOLIF MULYANI', 'MPLB', 'XII MPLB 1', '5005', '202', 'AKTIF'),
(1797202, 197452, 'LUVIYANTI', 'MPLB', 'XII MPLB 1', '5005', '202', 'AKTIF'),
(1798202, 197455, 'MARS WINDA AGUSTIN', 'MPLB', 'XII MPLB 1', '5005', '202', 'AKTIF'),
(1799202, 197456, 'Maulida Azkia', 'MPLB', 'XII MPLB 1', '5005', '202', 'AKTIF'),
(1800202, 197459, 'Mellida Devitasari', 'MPLB', 'XII MPLB 1', '5005', '202', 'AKTIF'),
(1801202, 197461, 'NADILA RISCHA HIDAYAT', 'MPLB', 'XII MPLB 1', '5005', '202', 'AKTIF'),
(1802202, 197464, 'NESSA APRILA ROSA', 'MPLB', 'XII MPLB 1', '5005', '202', 'AKTIF'),
(1803202, 197468, 'Oktaviana', 'MPLB', 'XII MPLB 1', '5005', '202', 'AKTIF'),
(1804202, 197469, 'PATRICIA OLIVIA BUBANE', 'MPLB', 'XII MPLB 1', '5005', '202', 'AKTIF'),
(1805202, 197472, 'Reza Thalia Salsabila', 'MPLB', 'XII MPLB 1', '5005', '202', 'AKTIF'),
(1806202, 197475, 'RISNA JUENDANG', 'MPLB', 'XII MPLB 1', '5005', '202', 'AKTIF'),
(1807202, 197477, 'Ros Setiawati', 'MPLB', 'XII MPLB 1', '5005', '202', 'AKTIF'),
(1808202, 197478, 'Rosyana Nurani', 'MPLB', 'XII MPLB 1', '5005', '202', 'AKTIF'),
(1809202, 197480, 'SASKIA ALIYA ZAHRA', 'MPLB', 'XII MPLB 1', '5005', '202', 'AKTIF'),
(1810202, 197482, 'SINTA ARYANA WENDARI', 'MPLB', 'XII MPLB 1', '5005', '202', 'AKTIF'),
(1811202, 197485, 'Supriyana', 'MPLB', 'XII MPLB 1', '5005', '202', 'AKTIF'),
(1812202, 197488, 'TIARA HENDITA PUTRI', 'MPLB', 'XII MPLB 1', '5005', '202', 'AKTIF'),
(1813202, 197491, 'VERONICA PATRICIA', 'MPLB', 'XII MPLB 1', '5005', '202', 'AKTIF'),
(1814202, 197493, 'WULAN SUCI FITRIANI', 'MPLB', 'XII MPLB 1', '5005', '202', 'AKTIF'),
(1815202, 197496, 'ZAHRA WAHYU TRIANDINI', 'MPLB', 'XII MPLB 1', '5005', '202', 'AKTIF'),
(1816202, 197417, 'AISYA YUNIARTI', 'MPLB', 'XII MPLB 2', '5005', '202', 'AKTIF'),
(1817202, 197418, 'ALMA ELENA RACHMAN', 'MPLB', 'XII MPLB 2', '5005', '202', 'AKTIF'),
(1818202, 197419, 'AMANDA SALSABILAH SAFITRI', 'MPLB', 'XII MPLB 2', '5005', '202', 'AKTIF'),
(1819202, 197426, 'BALQIS AULIA WIJAYA', 'MPLB', 'XII MPLB 2', '5005', '202', 'AKTIF'),
(1820202, 197427, 'Chika Maulida Dewi', 'MPLB', 'XII MPLB 2', '5005', '202', 'AKTIF'),
(1821202, 197431, 'DEVI RIANTI', 'MPLB', 'XII MPLB 2', '5005', '202', 'AKTIF'),
(1822202, 197433, 'Diah Ayu Krisna Dwi Putri', 'MPLB', 'XII MPLB 2', '5005', '202', 'AKTIF'),
(1823202, 197434, 'Dian Aprilliani', 'MPLB', 'XII MPLB 2', '5005', '202', 'AKTIF'),
(1824202, 197436, 'Dina Agustina', 'MPLB', 'XII MPLB 2', '5005', '202', 'AKTIF'),
(1825202, 197439, 'DIYAN RAHMAWATI', 'MPLB', 'XII MPLB 2', '5005', '202', 'AKTIF'),
(1826202, 197443, 'FUJA LISTY YANTI', 'MPLB', 'XII MPLB 2', '5005', '202', 'AKTIF'),
(1827202, 197448, 'KARINA PUTRI OXTAVIANI', 'MPLB', 'XII MPLB 2', '5005', '202', 'AKTIF'),
(1828202, 197450, 'KIKI FATIKA SYAHRANI', 'MPLB', 'XII MPLB 2', '5005', '202', 'AKTIF'),
(1829202, 197453, 'Maharani Syaidina Djulianti', 'MPLB', 'XII MPLB 2', '5005', '202', 'AKTIF'),
(1830202, 197454, 'MARLINA', 'MPLB', 'XII MPLB 2', '5005', '202', 'AKTIF'),
(1831202, 197457, 'Meilinda Felisyawati', 'MPLB', 'XII MPLB 2', '5005', '202', 'AKTIF'),
(1832202, 197458, 'MELINA NUR SAPITRI', 'MPLB', 'XII MPLB 2', '5005', '202', 'AKTIF'),
(1833202, 197460, 'MUNIAH', 'MPLB', 'XII MPLB 2', '5005', '202', 'AKTIF'),
(1834202, 197462, 'Nadya Putri', 'MPLB', 'XII MPLB 2', '5005', '202', 'AKTIF'),
(1835202, 197463, 'Nanda Jasika', 'MPLB', 'XII MPLB 2', '5005', '202', 'AKTIF'),
(1836202, 197465, 'Nisa Dwi Ramanda', 'MPLB', 'XII MPLB 2', '5005', '202', 'AKTIF'),
(1837202, 197467, 'NUR ASIDIAH', 'MPLB', 'XII MPLB 2', '5005', '202', 'AKTIF'),
(1838202, 197470, 'PIRANIH', 'MPLB', 'XII MPLB 2', '5005', '202', 'AKTIF'),
(1839202, 197471, 'Putri Widhi Astuti', 'MPLB', 'XII MPLB 2', '5005', '202', 'AKTIF'),
(1840202, 197473, 'RINI MARSITA', 'MPLB', 'XII MPLB 2', '5005', '202', 'AKTIF'),
(1841202, 197474, 'RISKA KHARISMA', 'MPLB', 'XII MPLB 2', '5005', '202', 'AKTIF'),
(1842202, 197476, 'RISNA PRIYANTI', 'MPLB', 'XII MPLB 2', '5005', '202', 'AKTIF'),
(1843202, 197479, 'RUNI RAHAYU', 'MPLB', 'XII MPLB 2', '5005', '202', 'AKTIF'),
(1844202, 197481, 'SHEVA HANDINI', 'MPLB', 'XII MPLB 2', '5005', '202', 'AKTIF'),
(1845202, 197483, 'SITI NURHALIZA ARDI', 'MPLB', 'XII MPLB 2', '5005', '202', 'AKTIF'),
(1846202, 197484, 'SUCI NABILAH KHAERUS', 'MPLB', 'XII MPLB 2', '5005', '202', 'AKTIF'),
(1847202, 197486, 'TANIA NUR ALFITRIANI', 'MPLB', 'XII MPLB 2', '5005', '202', 'AKTIF'),
(1848202, 197487, 'TIAH', 'MPLB', 'XII MPLB 2', '5005', '202', 'AKTIF'),
(1849202, 197489, 'Umairoh', 'MPLB', 'XII MPLB 2', '5005', '202', 'AKTIF'),
(1850202, 197490, 'VELINDA NUR AZIZAH', 'MPLB', 'XII MPLB 2', '5005', '202', 'AKTIF'),
(1851202, 197492, 'WAHYU KURNIAWATI', 'MPLB', 'XII MPLB 2', '5005', '202', 'AKTIF'),
(1852202, 197494, 'WULAN SUNINGSIH', 'MPLB', 'XII MPLB 2', '5005', '202', 'AKTIF'),
(1853202, 197495, 'YENTI HERAWATI', 'MPLB', 'XII MPLB 2', '5005', '202', 'AKTIF'),
(1854202, 197497, 'ZHILA SHOFA NAFSIAH', 'MPLB', 'XII MPLB 2', '5005', '202', 'AKTIF'),
(1855202, 197217, 'ABDURRAHMAN ASNADI', 'TJKT', 'XII TJKT 1', '6006', '202', 'AKTIF'),
(1856202, 197219, 'ADI NUR', 'TJKT', 'XII TJKT 1', '6006', '202', 'AKTIF'),
(1857202, 197221, 'Aditya Saputra', 'TJKT', 'XII TJKT 1', '6006', '202', 'AKTIF'),
(1858202, 197228, 'AIRA ANDI AHMAD', 'TJKT', 'XII TJKT 1', '6006', '202', 'AKTIF'),
(1859202, 197229, 'Alfadli Merdianta', 'TJKT', 'XII TJKT 1', '6006', '202', 'AKTIF'),
(1860202, 197238, 'Ariska Witri Astuti', 'TJKT', 'XII TJKT 1', '6006', '202', 'AKTIF'),
(1861202, 197241, 'DANI DARMAWAN', 'TJKT', 'XII TJKT 1', '6006', '202', 'AKTIF'),
(1862202, 197242, 'DANIEL PRADITYA', 'TJKT', 'XII TJKT 1', '6006', '202', 'AKTIF'),
(1863202, 197244, 'DHANNIS FARDINTA', 'TJKT', 'XII TJKT 1', '6006', '202', 'AKTIF'),
(1864202, 197246, 'DIMAS ADITIYA', 'TJKT', 'XII TJKT 1', '6006', '202', 'AKTIF'),
(1865202, 197255, 'FARID IHWATUL MUSLIMIN', 'TJKT', 'XII TJKT 1', '6006', '202', 'AKTIF'),
(1866202, 197256, 'FAUZI', 'TJKT', 'XII TJKT 1', '6006', '202', 'AKTIF'),
(1867202, 197260, 'Haryanto', 'TJKT', 'XII TJKT 1', '6006', '202', 'AKTIF'),
(1868202, 197261, 'HERI SETYAWAN', 'TJKT', 'XII TJKT 1', '6006', '202', 'AKTIF'),
(1869202, 197263, 'IDHAM RAHMAN', 'TJKT', 'XII TJKT 1', '6006', '202', 'AKTIF'),
(1870202, 197264, 'Idris Fadila', 'TJKT', 'XII TJKT 1', '6006', '202', 'AKTIF'),
(1871202, 197269, 'M. JAENI SAPUTRA', 'TJKT', 'XII TJKT 1', '6006', '202', 'AKTIF'),
(1872202, 197273, 'MARTIN', 'TJKT', 'XII TJKT 1', '6006', '202', 'AKTIF'),
(1873202, 197275, 'MOHAMMAD ARDIANSYAH RIZKI DERMAWAN', 'TJKT', 'XII TJKT 1', '6006', '202', 'AKTIF'),
(1874202, 197287, 'Muhamad Jazuli Oktafio', 'TJKT', 'XII TJKT 1', '6006', '202', 'AKTIF'),
(1875202, 197279, 'MUHAMAT REVA RIZKI SAPUTRA', 'TJKT', 'XII TJKT 1', '6006', '202', 'AKTIF'),
(1876202, 197282, 'Muhammad Agus Triardi', 'TJKT', 'XII TJKT 1', '6006', '202', 'AKTIF'),
(1877202, 197290, 'Muhammad Rafli', 'TJKT', 'XII TJKT 1', '6006', '202', 'AKTIF'),
(1878202, 197291, 'MUHAMMAD RUSYDI MURTADHO', 'TJKT', 'XII TJKT 1', '6006', '202', 'AKTIF'),
(1879202, 197294, 'Nana Maolana', 'TJKT', 'XII TJKT 1', '6006', '202', 'AKTIF'),
(1880202, 197295, 'Nanda Arga Raditya', 'TJKT', 'XII TJKT 1', '6006', '202', 'AKTIF'),
(1881202, 197299, 'NUR OKKY BINTANG SAPUTRA', 'TJKT', 'XII TJKT 1', '6006', '202', 'AKTIF'),
(1882202, 197304, 'RENDI PEBRIANSYAH', 'TJKT', 'XII TJKT 1', '6006', '202', 'AKTIF'),
(1883202, 197306, 'Rico Prianto', 'TJKT', 'XII TJKT 1', '6006', '202', 'AKTIF'),
(1884202, 197313, 'RIVALDY IRAWAN', 'TJKT', 'XII TJKT 1', '6006', '202', 'AKTIF'),
(1885202, 197314, 'Rizki Dwi Hapijar', 'TJKT', 'XII TJKT 1', '6006', '202', 'AKTIF'),
(1886202, 197315, 'RIZKI HARI NUGROHO', 'TJKT', 'XII TJKT 1', '6006', '202', 'AKTIF'),
(1887202, 197316, 'ROBBY ANDRIANSYAH', 'TJKT', 'XII TJKT 1', '6006', '202', 'AKTIF'),
(1888202, 197323, 'TAUFIK LERA', 'TJKT', 'XII TJKT 1', '6006', '202', 'AKTIF'),
(1889202, 197324, 'TENGKU ARYA SAPUTRA', 'TJKT', 'XII TJKT 1', '6006', '202', 'AKTIF'),
(1890202, 197332, 'WISNU HANDOKO', 'TJKT', 'XII TJKT 1', '6006', '202', 'AKTIF'),
(1891202, 197216, 'AANWAR', 'TJKT', 'XII TJKT 2', '6006', '202', 'AKTIF'),
(1892202, 197218, 'ABDULLAH PATHUR RACHMAN', 'TJKT', 'XII TJKT 2', '6006', '202', 'AKTIF'),
(1893202, 197220, 'ADITYA DHARMA', 'TJKT', 'XII TJKT 2', '6006', '202', 'AKTIF'),
(1894202, 197222, 'ADITYA SAPUTRA', 'TJKT', 'XII TJKT 2', '6006', '202', 'AKTIF'),
(1895202, 197225, 'Agil Mubaroq', 'TJKT', 'XII TJKT 2', '6006', '202', 'AKTIF'),
(1896202, 197226, 'AHMAD MAULANA', 'TJKT', 'XII TJKT 2', '6006', '202', 'AKTIF'),
(1897202, 197231, 'ANDI KOSASIH', 'TJKT', 'XII TJKT 2', '6006', '202', 'AKTIF'),
(1898202, 197233, 'Andriyansah', 'TJKT', 'XII TJKT 2', '6006', '202', 'AKTIF'),
(1899202, 197240, 'BIMA BAYU SAMUDRA', 'TJKT', 'XII TJKT 2', '6006', '202', 'AKTIF'),
(1900202, 197248, 'EGAN BAGUS REHANDIKA ALDA RAKHANTA', 'TJKT', 'XII TJKT 2', '6006', '202', 'AKTIF'),
(1901202, 197249, 'EKA DHANI', 'TJKT', 'XII TJKT 2', '6006', '202', 'AKTIF'),
(1902202, 197251, 'ENDAH HERNIATI', 'TJKT', 'XII TJKT 2', '6006', '202', 'AKTIF'),
(1903202, 197252, 'FACHRUL BINTANG IMZAD', 'TJKT', 'XII TJKT 2', '6006', '202', 'AKTIF'),
(1904202, 197253, 'FAHREZI JANUAR RISKI', 'TJKT', 'XII TJKT 2', '6006', '202', 'AKTIF'),
(1905202, 197258, 'HAFIZ NUR ARIF', 'TJKT', 'XII TJKT 2', '6006', '202', 'AKTIF'),
(1906202, 197259, 'Hanan Febri Awanda', 'TJKT', 'XII TJKT 2', '6006', '202', 'AKTIF'),
(1907202, 197262, 'Ibnu Adam', 'TJKT', 'XII TJKT 2', '6006', '202', 'AKTIF'),
(1908202, 197268, 'KHAIRAN MAULANA', 'TJKT', 'XII TJKT 2', '6006', '202', 'AKTIF'),
(1909202, 197270, 'M. RESA FAHLEVIH ADITYA PUTRA', 'TJKT', 'XII TJKT 2', '6006', '202', 'AKTIF'),
(1910202, 197272, 'M.FREDY ARDIANSYAH', 'TJKT', 'XII TJKT 2', '6006', '202', 'AKTIF'),
(1911202, 197274, 'MAULANA RAFI PRASETYO', 'TJKT', 'XII TJKT 2', '6006', '202', 'AKTIF'),
(1912202, 197276, 'Muhamad Ariyanzah', 'TJKT', 'XII TJKT 2', '6006', '202', 'AKTIF'),
(1913202, 197278, 'MUHAMAD RIDWAN', 'TJKT', 'XII TJKT 2', '6006', '202', 'AKTIF'),
(1914202, 197284, 'MUHAMMAD FAHREZA DZULHIJJAH', 'TJKT', 'XII TJKT 2', '6006', '202', 'AKTIF'),
(1915202, 197285, 'MUHAMMAD FERDIANSYAH', 'TJKT', 'XII TJKT 2', '6006', '202', 'AKTIF'),
(1916202, 197293, 'Muhammad Ilham', 'TJKT', 'XII TJKT 2', '6006', '202', 'AKTIF'),
(1917202, 197288, 'MUHAMMAD MUKHTI ABIMANYU', 'TJKT', 'XII TJKT 2', '6006', '202', 'AKTIF'),
(1918202, 197280, 'MUHAMMAD RUHDIN', 'TJKT', 'XII TJKT 2', '6006', '202', 'AKTIF'),
(1919202, 197292, 'MUHAMMAD UBAIDILLAH', 'TJKT', 'XII TJKT 2', '6006', '202', 'AKTIF'),
(1920202, 197302, 'RAHMAT HADI WIJAYA', 'TJKT', 'XII TJKT 2', '6006', '202', 'AKTIF'),
(1921202, 197300, 'RAKA PRABOWO', 'TJKT', 'XII TJKT 2', '6006', '202', 'AKTIF'),
(1922202, 197301, 'RAMA HERDIANSYAH', 'TJKT', 'XII TJKT 2', '6006', '202', 'AKTIF'),
(1923202, 197310, 'Rijik Mulana Yusup', 'TJKT', 'XII TJKT 2', '6006', '202', 'AKTIF'),
(1924202, 197312, 'RIVAL SAPUTRA', 'TJKT', 'XII TJKT 2', '6006', '202', 'AKTIF'),
(1925202, 197320, 'SEFI SEPTIANA', 'TJKT', 'XII TJKT 2', '6006', '202', 'AKTIF'),
(1926202, 197321, 'Siti Nur Kholipah', 'TJKT', 'XII TJKT 2', '6006', '202', 'AKTIF'),
(1927202, 197325, 'TYO SAPUTRA', 'TJKT', 'XII TJKT 2', '6006', '202', 'AKTIF'),
(1928202, 197223, 'ADITYA SAPUTRA', 'TJKT', 'XII TJKT 3', '6006', '202', 'AKTIF'),
(1929202, 197224, 'ADNAN BUKHARI', 'TJKT', 'XII TJKT 3', '6006', '202', 'AKTIF'),
(1930202, 197227, 'AHMAT SOFBRI', 'TJKT', 'XII TJKT 3', '6006', '202', 'AKTIF'),
(1931202, 197230, 'Amaika Rachman', 'TJKT', 'XII TJKT 3', '6006', '202', 'AKTIF'),
(1932202, 197232, 'ANDREAN SAPUTRA', 'TJKT', 'XII TJKT 3', '6006', '202', 'AKTIF'),
(1933202, 197234, 'Apriadi', 'TJKT', 'XII TJKT 3', '6006', '202', 'AKTIF'),
(1934202, 197236, 'Ardi Muayad', 'TJKT', 'XII TJKT 3', '6006', '202', 'AKTIF'),
(1935202, 197237, 'ARIF DWI SAPUTRA', 'TJKT', 'XII TJKT 3', '6006', '202', 'AKTIF'),
(1936202, 197243, 'DESTA RAHMA NOVIANI', 'TJKT', 'XII TJKT 3', '6006', '202', 'AKTIF'),
(1937202, 197245, 'DIKKY PANGESTU', 'TJKT', 'XII TJKT 3', '6006', '202', 'AKTIF'),
(1938202, 197247, 'DODI PRAMUJA', 'TJKT', 'XII TJKT 3', '6006', '202', 'AKTIF'),
(1939202, 197250, 'ELGA BUDI PURNOMO', 'TJKT', 'XII TJKT 3', '6006', '202', 'AKTIF'),
(1940202, 197257, 'FAUZY GUNAWAN', 'TJKT', 'XII TJKT 3', '6006', '202', 'AKTIF'),
(1941202, 197265, 'IKLAS GUSTI PANGESTU', 'TJKT', 'XII TJKT 3', '6006', '202', 'AKTIF'),
(1942202, 197266, 'ILHAM RAMADHAN', 'TJKT', 'XII TJKT 3', '6006', '202', 'AKTIF'),
(1943202, 197277, 'MUHAMAD IMAM MAHDI', 'TJKT', 'XII TJKT 3', '6006', '202', 'AKTIF'),
(1944202, 197281, 'MUHAMMAD ADAM SEPTIAWAN', 'TJKT', 'XII TJKT 3', '6006', '202', 'AKTIF'),
(1945202, 197283, 'MUHAMMAD BINTANG', 'TJKT', 'XII TJKT 3', '6006', '202', 'AKTIF'),
(1946202, 197286, 'MUHAMMAD FIKRI GINASTIAR', 'TJKT', 'XII TJKT 3', '6006', '202', 'AKTIF'),
(1947202, 197289, 'MUHAMMAD NUR IKHSAN', 'TJKT', 'XII TJKT 3', '6006', '202', 'AKTIF'),
(1948202, 197297, 'NIKO SAPUTRA', 'TJKT', 'XII TJKT 3', '6006', '202', 'AKTIF'),
(1949202, 197298, 'NOVA YULIANTO', 'TJKT', 'XII TJKT 3', '6006', '202', 'AKTIF'),
(1950202, 197303, 'REGA ALDO NURCAHYONO', 'TJKT', 'XII TJKT 3', '6006', '202', 'AKTIF'),
(1951202, 197305, 'REZZA ADITYA PRATAMA', 'TJKT', 'XII TJKT 3', '6006', '202', 'AKTIF'),
(1952202, 197309, 'Rifkyan Syah', 'TJKT', 'XII TJKT 3', '6006', '202', 'AKTIF'),
(1953202, 197311, 'RISKY ALFIAN', 'TJKT', 'XII TJKT 3', '6006', '202', 'AKTIF'),
(1954202, 197319, 'SATRIA PAMUNGKAS', 'TJKT', 'XII TJKT 3', '6006', '202', 'AKTIF'),
(1955202, 197327, 'Virlya Aulia Rohmah', 'TJKT', 'XII TJKT 3', '6006', '202', 'AKTIF'),
(1956202, 197328, 'Wafa Fauzan Jamil', 'TJKT', 'XII TJKT 3', '6006', '202', 'AKTIF'),
(1957202, 197329, 'WAHYU', 'TJKT', 'XII TJKT 3', '6006', '202', 'AKTIF'),
(1958202, 197330, 'WILLIAM WIJAYA PHANG', 'TJKT', 'XII TJKT 3', '6006', '202', 'AKTIF'),
(1959202, 197331, 'WILLY RAFIANSYAH', 'TJKT', 'XII TJKT 3', '6006', '202', 'AKTIF'),
(1960202, 197333, 'YANUAR BUDI PRATAMA', 'TJKT', 'XII TJKT 3', '6006', '202', 'AKTIF'),
(1961202, 197334, 'YORIKO OKTAVIANUS MAMARODIA', 'TJKT', 'XII TJKT 3', '6006', '202', 'AKTIF'),
(1962202, 197335, 'ZOKROTUN NIDA', 'TJKT', 'XII TJKT 3', '6006', '202', 'AKTIF'),
(1963101, 207714, 'ANDREAS ADIANTO', 'AKL', 'X AKL 1', '1001', '101', 'AKTIF'),
(1964101, 207719, 'AULIA FATIKA SARI', 'AKL', 'X AKL 1', '1001', '101', 'AKTIF'),
(1965101, 207720, 'BINTANG RAMADHANI', 'AKL', 'X AKL 1', '1001', '101', 'AKTIF'),
(1966101, 207722, 'Choirul Akmal Hidayat', 'AKL', 'X AKL 1', '1001', '101', 'AKTIF'),
(1967101, 207723, 'DEA MARCELLANI', 'AKL', 'X AKL 1', '1001', '101', 'AKTIF'),
(1968101, 207724, 'DESFIANAPUTRI WIDYARSANTI', 'AKL', 'X AKL 1', '1001', '101', 'AKTIF'),
(1969101, 207727, 'DEVIANA FERNANDA ', 'AKL', 'X AKL 1', '1001', '101', 'AKTIF'),
(1970101, 207730, 'FADILLAH ROHMAN', 'AKL', 'X AKL 1', '1001', '101', 'AKTIF'),
(1971101, 207731, 'FAUZI WIBOWO', 'AKL', 'X AKL 1', '1001', '101', 'AKTIF'),
(1972101, 207733, 'FERDIYANSAH', 'AKL', 'X AKL 1', '1001', '101', 'AKTIF'),
(1973101, 207734, 'FIRMAN PRAYOGA', 'AKL', 'X AKL 1', '1001', '101', 'AKTIF'),
(1974101, 207735, 'Fitri Nur Indriani', 'AKL', 'X AKL 1', '1001', '101', 'AKTIF'),
(1975101, 207736, 'FITRI ZETIRA SALSA', 'AKL', 'X AKL 1', '1001', '101', 'AKTIF'),
(1976101, 207738, 'HABIB YAZID FIKRIANSYAH', 'AKL', 'X AKL 1', '1001', '101', 'AKTIF'),
(1977101, 207739, 'Hani Astuti', 'AKL', 'X AKL 1', '1001', '101', 'AKTIF'),
(1978101, 207740, 'HELEN SETIABUDI', 'AKL', 'X AKL 1', '1001', '101', 'AKTIF'),
(1979101, 207741, 'HERLINA SETIAWAN', 'AKL', 'X AKL 1', '1001', '101', 'AKTIF'),
(1980101, 207743, 'ILMA AMALIA', 'AKL', 'X AKL 1', '1001', '101', 'AKTIF'),
(1981101, 207744, 'IVANA CHANAFI', 'AKL', 'X AKL 1', '1001', '101', 'AKTIF'),
(1982101, 207745, 'JOSIANA GARETZA', 'AKL', 'X AKL 1', '1001', '101', 'AKTIF'),
(1983101, 207753, 'MAYDA CHANAFI', 'AKL', 'X AKL 1', '1001', '101', 'AKTIF'),
(1984101, 207758, 'MUHAMAD RAFI EKA SAPUTRA', 'AKL', 'X AKL 1', '1001', '101', 'AKTIF'),
(1985101, 207748, 'MUHAMMAD ARYA DIVA', 'AKL', 'X AKL 1', '1001', '101', 'AKTIF'),
(1986101, 207759, 'NABILA APRILIA SANI', 'AKL', 'X AKL 1', '1001', '101', 'AKTIF'),
(1987101, 207760, 'NAJWA SABILLA AMRI', 'AKL', 'X AKL 1', '1001', '101', 'AKTIF'),
(1988101, 207764, 'NOVIA ADRIANA ELISANTY', 'AKL', 'X AKL 1', '1001', '101', 'AKTIF'),
(1989101, 207767, 'RAFA MALIKI ARDIANSYAH', 'AKL', 'X AKL 1', '1001', '101', 'AKTIF'),
(1990101, 207768, 'RAHMA SAECAR ROSSA LIANI', 'AKL', 'X AKL 1', '1001', '101', 'AKTIF'),
(1991101, 207769, 'RAHMAH', 'AKL', 'X AKL 1', '1001', '101', 'AKTIF'),
(1992101, 207770, 'RAKHEL MARYAM', 'AKL', 'X AKL 1', '1001', '101', 'AKTIF'),
(1993101, 207771, 'RATU NUR AYUNINGTIAS', 'AKL', 'X AKL 1', '1001', '101', 'AKTIF'),
(1994101, 207774, 'REVANI NADYA DESWIT', 'AKL', 'X AKL 1', '1001', '101', 'AKTIF'),
(1995101, 207780, 'ROSY GUSRIA NINGRUM', 'AKL', 'X AKL 1', '1001', '101', 'AKTIF'),
(1996101, 207783, 'SEVIRA CAHYA NINGRUM', 'AKL', 'X AKL 1', '1001', '101', 'AKTIF'),
(1997101, 207784, 'SISKA AULIA WARYANTO', 'AKL', 'X AKL 1', '1001', '101', 'AKTIF'),
(1998101, 207785, 'SITI POUJIYAN', 'AKL', 'X AKL 1', '1001', '101', 'AKTIF'),
(1999101, 207786, 'Sri Rahayu Wandirah', 'AKL', 'X AKL 1', '1001', '101', 'AKTIF'),
(2000101, 207788, 'SURYANI', 'AKL', 'X AKL 1', '1001', '101', 'AKTIF'),
(2001101, 207791, 'Vania Putri Wijaya', 'AKL', 'X AKL 1', '1001', '101', 'AKTIF'),
(2002101, 207792, 'VIANA PATRICIA ANG', 'AKL', 'X AKL 1', '1001', '101', 'AKTIF'),
(2003101, 207793, 'VIKKY PRIMA SUPELI', 'AKL', 'X AKL 1', '1001', '101', 'AKTIF'),
(2004101, 207794, 'ZAHRA AMELIA PUTRI', 'AKL', 'X AKL 1', '1001', '101', 'AKTIF'),
(2005101, 207796, 'ZAHRAH LUTFI FEBRIANA', 'AKL', 'X AKL 1', '1001', '101', 'AKTIF'),
(2006101, 207711, 'AGISTI AMELIA', 'AKL', 'X AKL 2', '1001', '101', 'AKTIF'),
(2007101, 207712, 'Ahmad Faizal Risaldi', 'AKL', 'X AKL 2', '1001', '101', 'AKTIF'),
(2008101, 207713, 'AHMAD TRI APIYAN', 'AKL', 'X AKL 2', '1001', '101', 'AKTIF'),
(2009101, 207715, 'ANDRI DWI KURNIAWAN', 'AKL', 'X AKL 2', '1001', '101', 'AKTIF'),
(2010101, 207716, 'ARDIAN SYAH', 'AKL', 'X AKL 2', '1001', '101', 'AKTIF'),
(2011101, 207717, 'ARIA KRISNA JOHAERI', 'AKL', 'X AKL 2', '1001', '101', 'AKTIF'),
(2012101, 207718, 'Aryani Chairunnisa', 'AKL', 'X AKL 2', '1001', '101', 'AKTIF'),
(2013101, 207721, 'CECE CUMAIDA', 'AKL', 'X AKL 2', '1001', '101', 'AKTIF'),
(2014101, 207725, 'DESI WULANDARI', 'AKL', 'X AKL 2', '1001', '101', 'AKTIF'),
(2015101, 207726, 'Deva Pupita Sari', 'AKL', 'X AKL 2', '1001', '101', 'AKTIF'),
(2016101, 207728, 'DIAH PUTRI LESTARI', 'AKL', 'X AKL 2', '1001', '101', 'AKTIF'),
(2017101, 207729, 'EKA ROHMAWATI', 'AKL', 'X AKL 2', '1001', '101', 'AKTIF'),
(2018101, 207732, 'FELIANI MEI ASTUTI', 'AKL', 'X AKL 2', '1001', '101', 'AKTIF'),
(2019101, 207737, 'FITRIANA', 'AKL', 'X AKL 2', '1001', '101', 'AKTIF'),
(2020101, 207742, 'IIN RISKAWATI', 'AKL', 'X AKL 2', '1001', '101', 'AKTIF'),
(2021101, 207746, 'LISTIAWATI', 'AKL', 'X AKL 2', '1001', '101', 'AKTIF'),
(2022101, 207747, 'LUKY FAUZI', 'AKL', 'X AKL 2', '1001', '101', 'AKTIF'),
(2023101, 207749, 'MANDA AGRISTINA', 'AKL', 'X AKL 2', '1001', '101', 'AKTIF'),
(2024101, 207750, 'Marselina', 'AKL', 'X AKL 2', '1001', '101', 'AKTIF'),
(2025101, 207751, 'MARSYA OLIVIA FARHAH', 'AKL', 'X AKL 2', '1001', '101', 'AKTIF'),
(2026101, 207752, 'MAYA FIRDAUS SARI', 'AKL', 'X AKL 2', '1001', '101', 'AKTIF'),
(2027101, 207754, 'MAYSEL FIDELA', 'AKL', 'X AKL 2', '1001', '101', 'AKTIF'),
(2028101, 207755, 'MIRA YANTI', 'AKL', 'X AKL 2', '1001', '101', 'AKTIF'),
(2029101, 207756, 'Mohamad Aldi Herdiansah', 'AKL', 'X AKL 2', '1001', '101', 'AKTIF'),
(2030101, 207757, 'MUHAMAD MIFTAHUL ATHO', 'AKL', 'X AKL 2', '1001', '101', 'AKTIF'),
(2031101, 207761, 'NAZWA DWI FADILLAH', 'AKL', 'X AKL 2', '1001', '101', 'AKTIF'),
(2032101, 207762, 'NITA AGUSTINA', 'AKL', 'X AKL 2', '1001', '101', 'AKTIF'),
(2033101, 207763, 'NIYA LASITA', 'AKL', 'X AKL 2', '1001', '101', 'AKTIF'),
(2034101, 207765, 'NUR KHOIRUNISA', 'AKL', 'X AKL 2', '1001', '101', 'AKTIF'),
(2035101, 207766, 'PUTRI SELVIANA', 'AKL', 'X AKL 2', '1001', '101', 'AKTIF'),
(2036101, 207772, 'Rayhan Muhammad Dafansyah', 'AKL', 'X AKL 2', '1001', '101', 'AKTIF'),
(2037101, 207773, 'RENI MUTIA', 'AKL', 'X AKL 2', '1001', '101', 'AKTIF'),
(2038101, 207775, 'REZA SHAFIRA WIJAYA', 'AKL', 'X AKL 2', '1001', '101', 'AKTIF'),
(2039101, 207776, 'RINI ALFIYANI', 'AKL', 'X AKL 2', '1001', '101', 'AKTIF'),
(2040101, 207777, 'RISKA NURUL KHOTIMAH', 'AKL', 'X AKL 2', '1001', '101', 'AKTIF'),
(2041101, 207778, 'RISKI SETIAWAN', 'AKL', 'X AKL 2', '1001', '101', 'AKTIF'),
(2042101, 207779, 'ROFAH', 'AKL', 'X AKL 2', '1001', '101', 'AKTIF'),
(2043101, 207781, 'Ryan Septian', 'AKL', 'X AKL 2', '1001', '101', 'AKTIF'),
(2044101, 207782, 'SEPTI AMINATUL CHASANAH', 'AKL', 'X AKL 2', '1001', '101', 'AKTIF'),
(2045101, 207787, 'SUCI RIJKIA SARI', 'AKL', 'X AKL 2', '1001', '101', 'AKTIF'),
(2046101, 207789, 'SYAVANA EKI FEBRIYANTI', 'AKL', 'X AKL 2', '1001', '101', 'AKTIF'),
(2047101, 207790, 'THERESIA BUI HERA', 'AKL', 'X AKL 2', '1001', '101', 'AKTIF'),
(2048101, 207795, 'ZAHRA AZIZAH DHAIFULLAH', 'AKL', 'X AKL 2', '1001', '101', 'AKTIF'),
(2049101, 207797, 'ZAHRA NUR NABILA', 'AKL', 'X AKL 2', '1001', '101', 'AKTIF'),
(2050101, 207887, 'ABDULLAH RIYAD', 'PM', 'X PM 1', '1001', '101', 'AKTIF'),
(2051101, 207892, 'Anis Karsella', 'PM', 'X PM 1', '1001', '101', 'AKTIF'),
(2052101, 207894, 'AQIL IRBANI', 'PM', 'X PM 1', '1001', '101', 'AKTIF'),
(2053101, 207897, 'DAVID ERIK HERMAWAN', 'PM', 'X PM 1', '1001', '101', 'AKTIF'),
(2054101, 207899, 'DELLA NORMAYANTIKA', 'PM', 'X PM 1', '1001', '101', 'AKTIF'),
(2055101, 207900, 'DENNIS RAFAEL', 'PM', 'X PM 1', '1001', '101', 'AKTIF'),
(2056101, 207901, 'DEVIDA AULIA', 'PM', 'X PM 1', '1001', '101', 'AKTIF'),
(2057101, 207902, 'DEVINA LORENZA KURNIA PUTRY', 'PM', 'X PM 1', '1001', '101', 'AKTIF'),
(2058101, 207903, 'DINA CAHYANI', 'PM', 'X PM 1', '1001', '101', 'AKTIF'),
(2059101, 207904, 'ELISA FEBRIYANTI', 'PM', 'X PM 1', '1001', '101', 'AKTIF'),
(2060101, 207905, 'FADLY MUHAMAD NUGRAHA', 'PM', 'X PM 1', '1001', '101', 'AKTIF'),
(2061101, 207906, 'Fatmah Ayu', 'PM', 'X PM 1', '1001', '101', 'AKTIF'),
(2062101, 207907, 'FEBRIAN FRANSIUS', 'PM', 'X PM 1', '1001', '101', 'AKTIF'),
(2063101, 207909, 'FERIYAN SYAH', 'PM', 'X PM 1', '1001', '101', 'AKTIF'),
(2064101, 207914, 'IQBAL ILHAM SYAH', 'PM', 'X PM 1', '1001', '101', 'AKTIF'),
(2065101, 207916, 'KEZIA CAROLINA NONITEMA', 'PM', 'X PM 1', '1001', '101', 'AKTIF'),
(2066101, 207921, 'Maysia Laurent Yosephin', 'PM', 'X PM 1', '1001', '101', 'AKTIF'),
(2067101, 207924, 'MUHAMMAD AJI SURAHMAN', 'PM', 'X PM 1', '1001', '101', 'AKTIF'),
(2068101, 207928, 'MUHAMMAD FIRDAUS', 'PM', 'X PM 1', '1001', '101', 'AKTIF'),
(2069101, 207929, 'MUHAMMAD NOVAL ADITYA', 'PM', 'X PM 1', '1001', '101', 'AKTIF'),
(2070101, 207930, 'MUHAMMAD REVALDI', 'PM', 'X PM 1', '1001', '101', 'AKTIF'),
(2071101, 207931, 'MUSLIM AZIZ ABDILLAH', 'PM', 'X PM 1', '1001', '101', 'AKTIF'),
(2072101, 207932, 'Nabila Rizky Tirtananda', 'PM', 'X PM 1', '1001', '101', 'AKTIF'),
(2073101, 207934, 'Nicholas', 'PM', 'X PM 1', '1001', '101', 'AKTIF'),
(2074101, 207936, 'NUR INTAN AULIA RAHMADINAH', 'PM', 'X PM 1', '1001', '101', 'AKTIF'),
(2075101, 207938, 'PENDI PRASETYO', 'PM', 'X PM 1', '1001', '101', 'AKTIF'),
(2076101, 207939, 'PERNANDO SAPUTRA', 'PM', 'X PM 1', '1001', '101', 'AKTIF'),
(2077101, 207940, 'PINGKAN LAILA OKTAVIANI ', 'PM', 'X PM 1', '1001', '101', 'AKTIF'),
(2078101, 207941, 'Preti Audia', 'PM', 'X PM 1', '1001', '101', 'AKTIF'),
(2079101, 207942, 'PUTRI', 'PM', 'X PM 1', '1001', '101', 'AKTIF'),
(2080101, 207944, 'PUTRI ARIYANI', 'PM', 'X PM 1', '1001', '101', 'AKTIF'),
(2081101, 207943, 'PUTRI AULIA', 'PM', 'X PM 1', '1001', '101', 'AKTIF'),
(2082101, 207945, 'RAGIL NURIL ANWAR', 'PM', 'X PM 1', '1001', '101', 'AKTIF'),
(2083101, 207946, 'RAHMA FITRIYANI', 'PM', 'X PM 1', '1001', '101', 'AKTIF'),
(2084101, 207952, 'Rini Rustrimiati', 'PM', 'X PM 1', '1001', '101', 'AKTIF'),
(2085101, 207953, 'RIVALDI AFRIAN', 'PM', 'X PM 1', '1001', '101', 'AKTIF'),
(2086101, 207961, 'TEGUH SOLEH', 'PM', 'X PM 1', '1001', '101', 'AKTIF'),
(2087101, 207962, 'ULFA NURMAYANTI', 'PM', 'X PM 1', '1001', '101', 'AKTIF'),
(2088101, 207963, 'Wahyudi', 'PM', 'X PM 1', '1001', '101', 'AKTIF'),
(2089101, 207965, 'YUSUP SLAMET RAHARJO', 'PM', 'X PM 1', '1001', '101', 'AKTIF'),
(2090101, 207886, 'ABDUL MUJIB WADI', 'PM', 'X PM 1', '1001', '101', 'AKTIF'),
(2091101, 207888, 'AHMAD FAIZ RAMDHANI', 'PM', 'X PM 1', '1001', '101', 'AKTIF'),
(2092101, 207891, 'ANGGI MAULANA', 'PM', 'X PM 1', '1001', '101', 'AKTIF'),
(2093101, 207893, 'ANNISA RAHMAN', 'PM', 'X PM 1', '1001', '101', 'AKTIF'),
(2094101, 207895, 'BINTANG WIDIYASTARA ASROFI', 'PM', 'X PM 1', '1001', '101', 'AKTIF'),
(2095101, 207896, 'BUNGGA ARSITA PUTRI', 'PM', 'X PM 1', '1001', '101', 'AKTIF'),
(2096101, 207898, 'DEA SABELA PUTRI', 'PM', 'X PM 1', '1001', '101', 'AKTIF'),
(2097101, 207908, 'FEBRIANSYAH SANJAYA', 'PM', 'X PM 1', '1001', '101', 'AKTIF'),
(2098101, 207910, 'FIRJATULLAH ANISSA RAHMAN', 'PM', 'X PM 1', '1001', '101', 'AKTIF'),
(2099101, 207911, 'ILHAM APRILIANSYAH', 'PM', 'X PM 1', '1001', '101', 'AKTIF'),
(2100101, 207912, 'INDAH AYUNI SARI', 'PM', 'X PM 1', '1001', '101', 'AKTIF'),
(2101101, 207915, 'IQBAL SURYADI', 'PM', 'X PM 1', '1001', '101', 'AKTIF'),
(2102101, 207917, 'KHOLIFATUL RIZKIANA', 'PM', 'X PM 1', '1001', '101', 'AKTIF'),
(2103101, 207918, 'Ledia Hanifah', 'PM', 'X PM 1', '1001', '101', 'AKTIF'),
(2104101, 207919, 'LULU NURFAOLA', 'PM', 'X PM 1', '1001', '101', 'AKTIF'),
(2105101, 207920, 'MARSELA', 'PM', 'X PM 1', '1001', '101', 'AKTIF'),
(2106101, 207922, 'MOCHAMAD NUR ZAINI', 'PM', 'X PM 1', '1001', '101', 'AKTIF'),
(2107101, 207923, 'Muhamad Amar Khadavi', 'PM', 'X PM 1', '1001', '101', 'AKTIF'),
(2108101, 207925, 'MUHAMAD ARYA APRIYANTO', 'PM', 'X PM 1', '1001', '101', 'AKTIF'),
(2109101, 207926, 'MUHAMAD DIAS JUNIAWAN', 'PM', 'X PM 1', '1001', '101', 'AKTIF'),
(2110101, 207927, 'Muhammad Fahri Heriyanto', 'PM', 'X PM 1', '1001', '101', 'AKTIF'),
(2111101, 207933, 'NAJWAH NUR ASYIYAH', 'PM', 'X PM 1', '1001', '101', 'AKTIF'),
(2112101, 207935, 'NINIS ANNISYA', 'PM', 'X PM 1', '1001', '101', 'AKTIF'),
(2113101, 207937, 'Patrialis Bayu Putra', 'PM', 'X PM 1', '1001', '101', 'AKTIF'),
(2114101, 207947, 'RAMADHANTI', 'PM', 'X PM 1', '1001', '101', 'AKTIF'),
(2115101, 207948, 'Reizhart Afrino Muslim', 'PM', 'X PM 1', '1001', '101', 'AKTIF'),
(2116101, 207949, 'RENA ANGELITA', 'PM', 'X PM 1', '1001', '101', 'AKTIF'),
(2117101, 207950, 'REVIN KHUSNADA SAKTI', 'PM', 'X PM 1', '1001', '101', 'AKTIF'),
(2118101, 207951, 'RIDHO FATARDHO HAMZAH', 'PM', 'X PM 1', '1001', '101', 'AKTIF'),
(2119101, 207954, 'RIZKY BUDIANTO', 'PM', 'X PM 1', '1001', '101', 'AKTIF'),
(2120101, 207955, 'SAMSUDIN RADITYA', 'PM', 'X PM 1', '1001', '101', 'AKTIF'),
(2121101, 207956, 'Septian Budi Riyanto', 'PM', 'X PM 1', '1001', '101', 'AKTIF'),
(2122101, 207957, 'SILFIANA SARI', 'PM', 'X PM 1', '1001', '101', 'AKTIF'),
(2123101, 207959, 'SITI NUR HANIFA', 'PM', 'X PM 1', '1001', '101', 'AKTIF'),
(2124101, 207958, 'Siti Nurfadilah', 'PM', 'X PM 1', '1001', '101', 'AKTIF'),
(2125101, 207960, 'Syahrul Al Fatah', 'PM', 'X PM 1', '1001', '101', 'AKTIF'),
(2126101, 207964, 'WINDYANA HANDAYANI ', 'PM', 'X PM 1', '1001', '101', 'AKTIF'),
(2127101, 207966, 'ZAHRA FITRIA SETIAWAN', 'PM', 'X PM 1', '1001', '101', 'AKTIF'),
(2128101, 207967, 'ZAZA NUR ANGGRAINI', 'PM', 'X PM 1', '1001', '101', 'AKTIF'),
(2129101, 207798, 'ALIFA YULISA RAMADHILA', 'MPLB', 'X MPLB 1', '1001', '101', 'AKTIF'),
(2130101, 207799, 'ALYA SAFITRI', 'MPLB', 'X MPLB 1', '1001', '101', 'AKTIF'),
(2131101, 207800, 'AMANDA EKA MAULANA', 'MPLB', 'X MPLB 1', '1001', '101', 'AKTIF'),
(2132101, 207801, 'AMELIA ANANTA PRATIWI', 'MPLB', 'X MPLB 1', '1001', '101', 'AKTIF'),
(2133101, 207802, 'AMELIA FERNANDA TANURAHARDJA', 'MPLB', 'X MPLB 1', '1001', '101', 'AKTIF'),
(2134101, 207803, 'Amelia Ismawati', 'MPLB', 'X MPLB 1', '1001', '101', 'AKTIF'),
(2135101, 207805, 'ANITA MARISKA', 'MPLB', 'X MPLB 1', '1001', '101', 'AKTIF'),
(2136101, 207808, 'APSARINA LAJANA', 'MPLB', 'X MPLB 1', '1001', '101', 'AKTIF'),
(2137101, 207809, 'ARIELLA ANDINI', 'MPLB', 'X MPLB 1', '1001', '101', 'AKTIF'),
(2138101, 207811, 'AYARIKHA ASIYAH INDARDI', 'MPLB', 'X MPLB 1', '1001', '101', 'AKTIF'),
(2139101, 207812, 'AYU RAHMA AULIA', 'MPLB', 'X MPLB 1', '1001', '101', 'AKTIF'),
(2140101, 207813, 'AYU SEKAR WANGI', 'MPLB', 'X MPLB 1', '1001', '101', 'AKTIF'),
(2141101, 207814, 'CALYSTA MAHARANI', 'MPLB', 'X MPLB 1', '1001', '101', 'AKTIF'),
(2142101, 207815, 'Cindy Aulia Putri', 'MPLB', 'X MPLB 1', '1001', '101', 'AKTIF'),
(2143101, 207818, 'DEA ANANDA', 'MPLB', 'X MPLB 1', '1001', '101', 'AKTIF'),
(2144101, 207819, 'DEA MUTIARA', 'MPLB', 'X MPLB 1', '1001', '101', 'AKTIF'),
(2145101, 207820, 'DELIA PINKAN RAHMAWATI', 'MPLB', 'X MPLB 1', '1001', '101', 'AKTIF'),
(2146101, 207821, 'DEVA OKTAVIANA', 'MPLB', 'X MPLB 1', '1001', '101', 'AKTIF'),
(2147101, 207825, 'Elma Novia S', 'MPLB', 'X MPLB 1', '1001', '101', 'AKTIF'),
(2148101, 207828, 'FIRA RESTU HERDIANTI', 'MPLB', 'X MPLB 1', '1001', '101', 'AKTIF'),
(2149101, 207830, 'FITRIANI MARA', 'MPLB', 'X MPLB 1', '1001', '101', 'AKTIF'),
(2150101, 207836, 'JISCAVIA MAERANY', 'MPLB', 'X MPLB 1', '1001', '101', 'AKTIF'),
(2151101, 207837, 'JULIANA DWI PRATIWI', 'MPLB', 'X MPLB 1', '1001', '101', 'AKTIF'),
(2152101, 207838, 'JUWITA DE FRETES', 'MPLB', 'X MPLB 1', '1001', '101', 'AKTIF'),
(2153101, 207839, 'KHUSNUL MEY YANA PUTRI', 'MPLB', 'X MPLB 1', '1001', '101', 'AKTIF'),
(2154101, 207840, 'KRISTINA LUSIANA', 'MPLB', 'X MPLB 1', '1001', '101', 'AKTIF'),
(2155101, 207843, 'LULU ULI NUHA ALBANTANI', 'MPLB', 'X MPLB 1', '1001', '101', 'AKTIF'),
(2156101, 207844, 'MARIA OKTA STYA LINDA', 'MPLB', 'X MPLB 1', '1001', '101', 'AKTIF'),
(2157101, 207851, 'NISRINA FITRIA WIDHAH', 'MPLB', 'X MPLB 1', '1001', '101', 'AKTIF'),
(2158101, 207855, 'RAHMAWATI', 'MPLB', 'X MPLB 1', '1001', '101', 'AKTIF'),
(2159101, 207858, 'SABRINA AMALIA DEVINAYA', 'MPLB', 'X MPLB 1', '1001', '101', 'AKTIF'),
(2160101, 207859, 'Salfarani Putri', 'MPLB', 'X MPLB 1', '1001', '101', 'AKTIF'),
(2161101, 207861, 'SARI RAHMAWATI', 'MPLB', 'X MPLB 1', '1001', '101', 'AKTIF'),
(2162101, 207862, 'SELVIYANTI MUHSIN', 'MPLB', 'X MPLB 1', '1001', '101', 'AKTIF'),
(2163101, 207866, 'SITI AFSYOH TRININGTYAS', 'MPLB', 'X MPLB 1', '1001', '101', 'AKTIF'),
(2164101, 207865, 'Siti Febrianti', 'MPLB', 'X MPLB 1', '1001', '101', 'AKTIF'),
(2165101, 207867, 'SITI LESTARI', 'MPLB', 'X MPLB 1', '1001', '101', 'AKTIF'),
(2166101, 207870, 'SUCI SALVA AULIA', 'MPLB', 'X MPLB 1', '1001', '101', 'AKTIF'),
(2167101, 207871, 'SUCI WULAN DINI', 'MPLB', 'X MPLB 1', '1001', '101', 'AKTIF'),
(2168101, 207875, 'Tiara Rismayanti', 'MPLB', 'X MPLB 1', '1001', '101', 'AKTIF'),
(2169101, 207880, 'WIWID DWI RAHMAWATI', 'MPLB', 'X MPLB 1', '1001', '101', 'AKTIF'),
(2170101, 207883, 'YOSI GISELA NINGRUM', 'MPLB', 'X MPLB 1', '1001', '101', 'AKTIF'),
(2171101, 207884, 'Yuni Oktapiyana', 'MPLB', 'X MPLB 1', '1001', '101', 'AKTIF'),
(2172101, 207885, 'ZAHWA NABILA NATASYAWATI', 'MPLB', 'X MPLB 1', '1001', '101', 'AKTIF'),
(2173101, 207804, 'ANANDA PUTRI RAMADHANI', 'MPLB', 'X MPLB 2', '1001', '101', 'AKTIF'),
(2174101, 207806, 'ANNISA NUR HIDAYAH', 'MPLB', 'X MPLB 2', '1001', '101', 'AKTIF'),
(2175101, 207807, 'APRILLIA IRATUR', 'MPLB', 'X MPLB 2', '1001', '101', 'AKTIF'),
(2176101, 207810, 'Aulia Rahma', 'MPLB', 'X MPLB 2', '1001', '101', 'AKTIF'),
(2177101, 207816, 'CITRA AULIA SARI', 'MPLB', 'X MPLB 2', '1001', '101', 'AKTIF'),
(2178101, 207817, 'CLARA BENITA RAVELIA', 'MPLB', 'X MPLB 2', '1001', '101', 'AKTIF'),
(2179101, 207822, 'DESNITA PUTRI CANIAGO', 'MPLB', 'X MPLB 2', '1001', '101', 'AKTIF'),
(2180101, 207823, 'DIANA ROSANA', 'MPLB', 'X MPLB 2', '1001', '101', 'AKTIF'),
(2181101, 207824, 'DWI ANNJANY', 'MPLB', 'X MPLB 2', '1001', '101', 'AKTIF'),
(2182101, 207826, 'ELVIRA LUCIANA', 'MPLB', 'X MPLB 2', '1001', '101', 'AKTIF'),
(2183101, 207827, 'FIFI RESTU HERDIANTI', 'MPLB', 'X MPLB 2', '1001', '101', 'AKTIF'),
(2184101, 207829, 'FIRA SAHIRA', 'MPLB', 'X MPLB 2', '1001', '101', 'AKTIF'),
(2185101, 207832, 'HENTI AKILA MARWA', 'MPLB', 'X MPLB 2', '1001', '101', 'AKTIF'),
(2186101, 207831, 'HEREN ASHARIANTI', 'MPLB', 'X MPLB 2', '1001', '101', 'AKTIF'),
(2187101, 207833, 'INDAH YULITA AZIZ', 'MPLB', 'X MPLB 2', '1001', '101', 'AKTIF'),
(2188101, 207834, 'Intan Nur Maicha', 'MPLB', 'X MPLB 2', '1001', '101', 'AKTIF'),
(2189101, 207835, 'Irna Amelia Safitri', 'MPLB', 'X MPLB 2', '1001', '101', 'AKTIF'),
(2190101, 207841, 'KURNIA YULIANA SAPUTRI', 'MPLB', 'X MPLB 2', '1001', '101', 'AKTIF'),
(2191101, 207842, 'LINDA SAFITRI', 'MPLB', 'X MPLB 2', '1001', '101', 'AKTIF'),
(2192101, 207845, 'NADIA KHADIJA TEWU', 'MPLB', 'X MPLB 2', '1001', '101', 'AKTIF'),
(2193101, 207846, 'NAJWA ADELLA RAMADHANI', 'MPLB', 'X MPLB 2', '1001', '101', 'AKTIF'),
(2194101, 207847, 'NANDITA SALSABILA', 'MPLB', 'X MPLB 2', '1001', '101', 'AKTIF'),
(2195101, 207848, 'Nayla Khairunnisa', 'MPLB', 'X MPLB 2', '1001', '101', 'AKTIF'),
(2196101, 207849, 'NAYLA TASYA', 'MPLB', 'X MPLB 2', '1001', '101', 'AKTIF'),
(2197101, 207850, 'NAZWA HANIFAH', 'MPLB', 'X MPLB 2', '1001', '101', 'AKTIF'),
(2198101, 207852, 'NOVA SAFITRI', 'MPLB', 'X MPLB 2', '1001', '101', 'AKTIF'),
(2199101, 207853, 'Ovris Riyani', 'MPLB', 'X MPLB 2', '1001', '101', 'AKTIF'),
(2200101, 207854, 'Pipit Nurlaeli Alpitri', 'MPLB', 'X MPLB 2', '1001', '101', 'AKTIF'),
(2201101, 207856, 'RIDHA AMALIAH', 'MPLB', 'X MPLB 2', '1001', '101', 'AKTIF'),
(2202101, 207857, 'RIZKA NOVIYANTI', 'MPLB', 'X MPLB 2', '1001', '101', 'AKTIF'),
(2203101, 207860, 'SANTI MURJANI', 'MPLB', 'X MPLB 2', '1001', '101', 'AKTIF'),
(2204101, 207863, 'SEPTIANI RAHAYU', 'MPLB', 'X MPLB 2', '1001', '101', 'AKTIF'),
(2205101, 207864, 'SEVILA', 'MPLB', 'X MPLB 2', '1001', '101', 'AKTIF'),
(2206101, 207868, 'Siti Maisaroh', 'MPLB', 'X MPLB 2', '1001', '101', 'AKTIF'),
(2207101, 207869, 'SITI NUR HABIBAH', 'MPLB', 'X MPLB 2', '1001', '101', 'AKTIF'),
(2208101, 207872, 'SYADIAH NUR LATIFAH', 'MPLB', 'X MPLB 2', '1001', '101', 'AKTIF'),
(2209101, 207873, 'TASYA AMELIA', 'MPLB', 'X MPLB 2', '1001', '101', 'AKTIF'),
(2210101, 207874, 'THIFAL AZIZAH HARTANTI', 'MPLB', 'X MPLB 2', '1001', '101', 'AKTIF'),
(2211101, 207876, 'TIAYU', 'MPLB', 'X MPLB 2', '1001', '101', 'AKTIF'),
(2212101, 207877, 'ULPAH LEPIYANI', 'MPLB', 'X MPLB 2', '1001', '101', 'AKTIF'),
(2213101, 207878, 'VENDA FERNANDA', 'MPLB', 'X MPLB 2', '1001', '101', 'AKTIF'),
(2214101, 207879, 'WILDATUL FADILLAH', 'MPLB', 'X MPLB 2', '1001', '101', 'AKTIF'),
(2215101, 207881, 'WULAN SRI RAHAYU', 'MPLB', 'X MPLB 2', '1001', '101', 'AKTIF'),
(2216101, 207882, 'Yeni Rahmayanti', 'MPLB', 'X MPLB 2', '1001', '101', 'AKTIF'),
(2217101, 207579, 'ADAM WAHYYUDI', 'TJKT', 'X TJKT 1', '2002', '101', 'AKTIF'),
(2218101, 207586, 'AHMAD DANY', 'TJKT', 'X TJKT 1', '2002', '101', 'AKTIF'),
(2219101, 207592, 'ANGGA PRASETYA PUTRA', 'TJKT', 'X TJKT 1', '2002', '101', 'AKTIF'),
(2220101, 207593, 'ANGGA YOGA PRATAMA', 'TJKT', 'X TJKT 1', '2002', '101', 'AKTIF'),
(2221101, 207594, 'Anggi Alvianto', 'TJKT', 'X TJKT 1', '2002', '101', 'AKTIF'),
(2222101, 207595, 'ARDI PRASETIO', 'TJKT', 'X TJKT 1', '2002', '101', 'AKTIF'),
(2223101, 207596, 'ARI ARDIANSYAH', 'TJKT', 'X TJKT 1', '2002', '101', 'AKTIF'),
(2224101, 207598, 'ARIFIN', 'TJKT', 'X TJKT 1', '2002', '101', 'AKTIF'),
(2225101, 207599, 'Aris Bastyar', 'TJKT', 'X TJKT 1', '2002', '101', 'AKTIF'),
(2226101, 207600, 'ARYA ZULFIKAR', 'TJKT', 'X TJKT 1', '2002', '101', 'AKTIF'),
(2227101, 207601, 'BAYU FIRMANSYAH', 'TJKT', 'X TJKT 1', '2002', '101', 'AKTIF'),
(2228101, 207602, 'Bayu Setiawan', 'TJKT', 'X TJKT 1', '2002', '101', 'AKTIF'),
(2229101, 207603, 'CAHYA AJI SAPUTRA', 'TJKT', 'X TJKT 1', '2002', '101', 'AKTIF'),
(2230101, 207606, 'CORY INTAN AGUSTIN', 'TJKT', 'X TJKT 1', '2002', '101', 'AKTIF'),
(2231101, 207615, 'Dzaky Ramadhani', 'TJKT', 'X TJKT 1', '2002', '101', 'AKTIF'),
(2232101, 207621, 'ERIK JAJANG KURNIAWAN', 'TJKT', 'X TJKT 1', '2002', '101', 'AKTIF');
INSERT INTO `siswa` (`id_siswa`, `nis`, `nama_siswa`, `jurusan`, `kelas`, `group_kelas`, `tahun_ajaran`, `status`) VALUES
(2233101, 207625, 'FAKHRUL DHAFI', 'TJKT', 'X TJKT 1', '2002', '101', 'AKTIF'),
(2234101, 207628, 'FERDIAN AHMAD RUDIANTO', 'TJKT', 'X TJKT 1', '2002', '101', 'AKTIF'),
(2235101, 207629, 'FERDIAN WIJAYA ALEXANDRA', 'TJKT', 'X TJKT 1', '2002', '101', 'AKTIF'),
(2236101, 207636, 'HARIS', 'TJKT', 'X TJKT 1', '2002', '101', 'AKTIF'),
(2237101, 207639, 'HERIXS HIDAYAT', 'TJKT', 'X TJKT 1', '2002', '101', 'AKTIF'),
(2238101, 207642, 'Immanuel Tamando Maso', 'TJKT', 'X TJKT 1', '2002', '101', 'AKTIF'),
(2239101, 207644, 'Justin Valentino Warouw', 'TJKT', 'X TJKT 1', '2002', '101', 'AKTIF'),
(2240101, 207645, 'KELVIN AMANDO ERAWAN', 'TJKT', 'X TJKT 1', '2002', '101', 'AKTIF'),
(2241101, 207651, 'Mimin Winata', 'TJKT', 'X TJKT 1', '2002', '101', 'AKTIF'),
(2242101, 207664, 'MOHAMMAD KHOIRUL YANI', 'TJKT', 'X TJKT 1', '2002', '101', 'AKTIF'),
(2243101, 207656, 'MUHAMAD REZA ANDRIAN', 'TJKT', 'X TJKT 1', '2002', '101', 'AKTIF'),
(2244101, 207659, 'MUHAMMAD CAVAN HIZAM', 'TJKT', 'X TJKT 1', '2002', '101', 'AKTIF'),
(2245101, 207662, 'Muhammad Gusti Razan', 'TJKT', 'X TJKT 1', '2002', '101', 'AKTIF'),
(2246101, 207663, 'Muhammad Hasnul Arifin', 'TJKT', 'X TJKT 1', '2002', '101', 'AKTIF'),
(2247101, 207669, 'MUHAMMAD SIROJUDDIN GHOZALI', 'TJKT', 'X TJKT 1', '2002', '101', 'AKTIF'),
(2248101, 207672, 'NASHRULLOH FIRDAUS', 'TJKT', 'X TJKT 1', '2002', '101', 'AKTIF'),
(2249101, 207674, 'NICHOLLA MULQI BARBAROSSA', 'TJKT', 'X TJKT 1', '2002', '101', 'AKTIF'),
(2250101, 207678, 'QALAM RAYDATHUL SABANI', 'TJKT', 'X TJKT 1', '2002', '101', 'AKTIF'),
(2251101, 207683, 'RAYNOR SANJIA ANDHIKAFATA', 'TJKT', 'X TJKT 1', '2002', '101', 'AKTIF'),
(2252101, 207690, 'RIZAL MAULANA', 'TJKT', 'X TJKT 1', '2002', '101', 'AKTIF'),
(2253101, 207695, 'SHEVA SEPTANIO', 'TJKT', 'X TJKT 1', '2002', '101', 'AKTIF'),
(2254101, 207696, 'SOPIYAN', 'TJKT', 'X TJKT 1', '2002', '101', 'AKTIF'),
(2255101, 207697, 'SUGENG DWI WALUYO', 'TJKT', 'X TJKT 1', '2002', '101', 'AKTIF'),
(2256101, 207700, 'SYAHRUL HANAVI', 'TJKT', 'X TJKT 1', '2002', '101', 'AKTIF'),
(2257101, 207706, 'WILLYANSYAH', 'TJKT', 'X TJKT 1', '2002', '101', 'AKTIF'),
(2258101, 207707, 'YOHANES SETIAWAN', 'TJKT', 'X TJKT 1', '2002', '101', 'AKTIF'),
(2259101, 207708, 'YUDHA SEPTYAN', 'TJKT', 'X TJKT 1', '2002', '101', 'AKTIF'),
(2260101, 207709, 'ZODI PRASTIYO', 'TJKT', 'X TJKT 1', '2002', '101', 'AKTIF'),
(2261101, 207578, 'Abdul Rahman', 'TJKT', 'X TJKT 2', '2002', '101', 'AKTIF'),
(2262101, 207582, 'AFIF PRASETYO', 'TJKT', 'X TJKT 2', '2002', '101', 'AKTIF'),
(2263101, 207583, 'AGUNG MAULANA FEBRIYANTO', 'TJKT', 'X TJKT 2', '2002', '101', 'AKTIF'),
(2264101, 207597, 'ARIF', 'TJKT', 'X TJKT 2', '2002', '101', 'AKTIF'),
(2265101, 207604, 'CANDRA AGUS NUGROHO', 'TJKT', 'X TJKT 2', '2002', '101', 'AKTIF'),
(2266101, 207605, 'CARLOS LEONARDO', 'TJKT', 'X TJKT 2', '2002', '101', 'AKTIF'),
(2267101, 207607, 'DENDI ZAKARIA', 'TJKT', 'X TJKT 2', '2002', '101', 'AKTIF'),
(2268101, 207608, 'DENDY CAHYOKO', 'TJKT', 'X TJKT 2', '2002', '101', 'AKTIF'),
(2269101, 207610, 'DICKY FADILAH', 'TJKT', 'X TJKT 2', '2002', '101', 'AKTIF'),
(2270101, 207612, 'DIMAS ADI SAPUTRA', 'TJKT', 'X TJKT 2', '2002', '101', 'AKTIF'),
(2271101, 207614, 'DUWI AMAL MAULIDA AKSAN', 'TJKT', 'X TJKT 2', '2002', '101', 'AKTIF'),
(2272101, 207622, 'ERWIN OKTAVIANTO', 'TJKT', 'X TJKT 2', '2002', '101', 'AKTIF'),
(2273101, 207623, 'FACHRUL RAMADHAN', 'TJKT', 'X TJKT 2', '2002', '101', 'AKTIF'),
(2274101, 207626, 'FAUZI ABDUL AZIZ', 'TJKT', 'X TJKT 2', '2002', '101', 'AKTIF'),
(2275101, 207630, 'GALIH ADIVA PRATAMA PUTRA', 'TJKT', 'X TJKT 2', '2002', '101', 'AKTIF'),
(2276101, 207634, 'HAERUL ANGGA', 'TJKT', 'X TJKT 2', '2002', '101', 'AKTIF'),
(2277101, 207637, 'HARRY RIVALDY', 'TJKT', 'X TJKT 2', '2002', '101', 'AKTIF'),
(2278101, 207648, 'MOHAMAD RAGIL ADITYA PUTRA', 'TJKT', 'X TJKT 2', '2002', '101', 'AKTIF'),
(2279101, 207661, 'MOHAMMAD FARHAN', 'TJKT', 'X TJKT 2', '2002', '101', 'AKTIF'),
(2280101, 207653, 'MOHAMMAD HADI WIJAYA', 'TJKT', 'X TJKT 2', '2002', '101', 'AKTIF'),
(2281101, 207658, 'MUHAMMAD AFRIZAL', 'TJKT', 'X TJKT 2', '2002', '101', 'AKTIF'),
(2282101, 207660, 'MUHAMMAD DARMA ILLAHI', 'TJKT', 'X TJKT 2', '2002', '101', 'AKTIF'),
(2283101, 207665, 'MUHAMMAD PIRMANSAH PUTRA RAGIL ', 'TJKT', 'X TJKT 2', '2002', '101', 'AKTIF'),
(2284101, 207666, 'Muhammad Rafandi', 'TJKT', 'X TJKT 2', '2002', '101', 'AKTIF'),
(2285101, 207668, 'MUHAMMAD RIDWAN', 'TJKT', 'X TJKT 2', '2002', '101', 'AKTIF'),
(2286101, 207650, 'Muhammad Vincen Ramadhan', 'TJKT', 'X TJKT 2', '2002', '101', 'AKTIF'),
(2287101, 207671, 'Najib Dzannur', 'TJKT', 'X TJKT 2', '2002', '101', 'AKTIF'),
(2288101, 207676, 'PERDANA ANDRE SETIAWAN', 'TJKT', 'X TJKT 2', '2002', '101', 'AKTIF'),
(2289101, 207677, 'PUTRA SURYA PRATAMA', 'TJKT', 'X TJKT 2', '2002', '101', 'AKTIF'),
(2290101, 207679, 'RACHMAN GANIE', 'TJKT', 'X TJKT 2', '2002', '101', 'AKTIF'),
(2291101, 207682, 'RAIHAN MUHAMMAD AKBAR', 'TJKT', 'X TJKT 2', '2002', '101', 'AKTIF'),
(2292101, 207684, 'Rehandika Bayu Maarif', 'TJKT', 'X TJKT 2', '2002', '101', 'AKTIF'),
(2293101, 207687, 'RENO PRIANDANA', 'TJKT', 'X TJKT 2', '2002', '101', 'AKTIF'),
(2294101, 207688, 'REVAN OKTAGIAS RAMADHAN', 'TJKT', 'X TJKT 2', '2002', '101', 'AKTIF'),
(2295101, 207689, 'RIAN MAULANA', 'TJKT', 'X TJKT 2', '2002', '101', 'AKTIF'),
(2296101, 207691, 'ROSITA ARYANINGSIH', 'TJKT', 'X TJKT 2', '2002', '101', 'AKTIF'),
(2297101, 207693, 'SAHRUL ALAM', 'TJKT', 'X TJKT 2', '2002', '101', 'AKTIF'),
(2298101, 207692, 'SAIPUL ALI', 'TJKT', 'X TJKT 2', '2002', '101', 'AKTIF'),
(2299101, 207694, 'Satria Wahyu Ramadhan ', 'TJKT', 'X TJKT 2', '2002', '101', 'AKTIF'),
(2300101, 207698, 'SUTINAH', 'TJKT', 'X TJKT 2', '2002', '101', 'AKTIF'),
(2301101, 207699, 'SYAHRIEZA BAGUS WIDIYANTO', 'TJKT', 'X TJKT 2', '2002', '101', 'AKTIF'),
(2302101, 207702, 'TEGAR CAHYA PUTRA', 'TJKT', 'X TJKT 2', '2002', '101', 'AKTIF'),
(2303101, 207704, 'Ulumuddin Adji Pamungkas', 'TJKT', 'X TJKT 2', '2002', '101', 'AKTIF'),
(2304101, 207580, 'ADIS MAULANA', 'TJKT', 'X TJKT 3', '2002', '101', 'AKTIF'),
(2305101, 207581, 'ADITTIA DWI SAPUTRA', 'TJKT', 'X TJKT 3', '2002', '101', 'AKTIF'),
(2306101, 207584, 'AGUNG PRASETYO NUGROHO', 'TJKT', 'X TJKT 3', '2002', '101', 'AKTIF'),
(2307101, 207585, 'AGUS KHOLIFUDIN', 'TJKT', 'X TJKT 3', '2002', '101', 'AKTIF'),
(2308101, 207587, 'AHMAD RIPAI', 'TJKT', 'X TJKT 3', '2002', '101', 'AKTIF'),
(2309101, 207588, 'AJI PRASSETYO', 'TJKT', 'X TJKT 3', '2002', '101', 'AKTIF'),
(2310101, 207589, 'ALTHAF NUR ASEGAF', 'TJKT', 'X TJKT 3', '2002', '101', 'AKTIF'),
(2311101, 207590, 'ANANG RAMADHAN', 'TJKT', 'X TJKT 3', '2002', '101', 'AKTIF'),
(2312101, 207591, 'ANDI FIRMANSYAH', 'TJKT', 'X TJKT 3', '2002', '101', 'AKTIF'),
(2313101, 207609, 'Dewi Rizki Niluardani', 'TJKT', 'X TJKT 3', '2002', '101', 'AKTIF'),
(2314101, 207611, 'DIMAS BUDI RIYANTO', 'TJKT', 'X TJKT 3', '2002', '101', 'AKTIF'),
(2315101, 207613, 'DION MOHAMAD BARUNA', 'TJKT', 'X TJKT 3', '2002', '101', 'AKTIF'),
(2316101, 207616, 'DZAKY ZAHRAN', 'TJKT', 'X TJKT 3', '2002', '101', 'AKTIF'),
(2317101, 207617, 'EGA PRATAMA', 'TJKT', 'X TJKT 3', '2002', '101', 'AKTIF'),
(2318101, 207619, 'EKY FERDIANSYAH', 'TJKT', 'X TJKT 3', '2002', '101', 'AKTIF'),
(2319101, 207620, 'ERI PUTRA PRATAMA', 'TJKT', 'X TJKT 3', '2002', '101', 'AKTIF'),
(2320101, 207624, 'FAJAR DWI HARTADI', 'TJKT', 'X TJKT 3', '2002', '101', 'AKTIF'),
(2321101, 207627, 'FEBI DWI SULISTIADI', 'TJKT', 'X TJKT 3', '2002', '101', 'AKTIF'),
(2322101, 207631, 'GIANLUIGI FADHIL MUSTAQIM', 'TJKT', 'X TJKT 3', '2002', '101', 'AKTIF'),
(2323101, 207632, 'GILANG DIAN SAPUTRA', 'TJKT', 'X TJKT 3', '2002', '101', 'AKTIF'),
(2324101, 207633, 'GIN GIN', 'TJKT', 'X TJKT 3', '2002', '101', 'AKTIF'),
(2325101, 207635, 'HAQI MAULANA', 'TJKT', 'X TJKT 3', '2002', '101', 'AKTIF'),
(2326101, 207638, 'Hasrin Abdul Laji', 'TJKT', 'X TJKT 3', '2002', '101', 'AKTIF'),
(2327101, 207640, 'I MADE ANTONI', 'TJKT', 'X TJKT 3', '2002', '101', 'AKTIF'),
(2328101, 207641, 'IAN SAPUTRA', 'TJKT', 'X TJKT 3', '2002', '101', 'AKTIF'),
(2329101, 207643, 'JANUAR BAGUS WIBOWO', 'TJKT', 'X TJKT 3', '2002', '101', 'AKTIF'),
(2330101, 207646, 'KUKUH ANGGER MAHARGYO', 'TJKT', 'X TJKT 3', '2002', '101', 'AKTIF'),
(2331101, 207647, 'LAKSAMANA PUTRA', 'TJKT', 'X TJKT 3', '2002', '101', 'AKTIF'),
(2332101, 207654, 'MOH ALDI NIRWANSYAH', 'TJKT', 'X TJKT 3', '2002', '101', 'AKTIF'),
(2333101, 207652, 'MOHAMAD HARYONO', 'TJKT', 'X TJKT 3', '2002', '101', 'AKTIF'),
(2334101, 207655, 'MUHAMAD ALBAR ALAMSYAH', 'TJKT', 'X TJKT 3', '2002', '101', 'AKTIF'),
(2335101, 207657, 'MUHAMAD RYAN HARDIANSYAH', 'TJKT', 'X TJKT 3', '2002', '101', 'AKTIF'),
(2336101, 207649, 'MUHAMAD SABLIK MBIPI', 'TJKT', 'X TJKT 3', '2002', '101', 'AKTIF'),
(2337101, 207667, 'MUHAMMAD RAFLI', 'TJKT', 'X TJKT 3', '2002', '101', 'AKTIF'),
(2338101, 207670, 'Muhammad Tio', 'TJKT', 'X TJKT 3', '2002', '101', 'AKTIF'),
(2339101, 207673, 'NENDI', 'TJKT', 'X TJKT 3', '2002', '101', 'AKTIF'),
(2340101, 207675, 'NOVAL TRI HARYANTO', 'TJKT', 'X TJKT 3', '2002', '101', 'AKTIF'),
(2341101, 207680, 'RAFAEL MULIA ALFAHDI', 'TJKT', 'X TJKT 3', '2002', '101', 'AKTIF'),
(2342101, 207681, 'RAGIL PANGESTU', 'TJKT', 'X TJKT 3', '2002', '101', 'AKTIF'),
(2343101, 207685, 'RENDI SAPUTRA', 'TJKT', 'X TJKT 3', '2002', '101', 'AKTIF'),
(2344101, 207686, 'Reni Nuraeni', 'TJKT', 'X TJKT 3', '2002', '101', 'AKTIF'),
(2345101, 207701, 'TEGAR', 'TJKT', 'X TJKT 3', '2002', '101', 'AKTIF'),
(2346101, 207703, 'TRI PUTRA AFRIANSYAH', 'TJKT', 'X TJKT 3', '2002', '101', 'AKTIF'),
(2347101, 207705, 'WIDDIYA BAGUS ENDANG WINARYO', 'TJKT', 'X TJKT 3', '2002', '101', 'AKTIF'),
(2348101, 197336, 'ABDUL WAHID', 'AKL', 'XI AKL 1', '3003', '101', 'AKTIF'),
(2349101, 197337, 'ACHMAD IRFAN SHOLAHUDDIN', 'AKL', 'XI AKL 1', '3003', '101', 'AKTIF'),
(2350101, 197338, 'Agus Arbain Mahmud', 'AKL', 'XI AKL 1', '3003', '101', 'AKTIF'),
(2351101, 197340, 'ANGEL', 'AKL', 'XI AKL 1', '3003', '101', 'AKTIF'),
(2352101, 197341, 'ANTIKA SARI', 'AKL', 'XI AKL 1', '3003', '101', 'AKTIF'),
(2353101, 197343, 'Aulia Fitri', 'AKL', 'XI AKL 1', '3003', '101', 'AKTIF'),
(2354101, 197347, 'DEVI YULIANTI', 'AKL', 'XI AKL 1', '3003', '101', 'AKTIF'),
(2355101, 197348, 'DEWI NOPITA SARI', 'AKL', 'XI AKL 1', '3003', '101', 'AKTIF'),
(2356101, 197349, 'DEWI WULAN SARI', 'AKL', 'XI AKL 1', '3003', '101', 'AKTIF'),
(2357101, 197350, 'Diana Pungky', 'AKL', 'XI AKL 1', '3003', '101', 'AKTIF'),
(2358101, 197351, 'Diaz Adrian Praja', 'AKL', 'XI AKL 1', '3003', '101', 'AKTIF'),
(2359101, 197353, 'FITRI RAMADANI', 'AKL', 'XI AKL 1', '3003', '101', 'AKTIF'),
(2360101, 197354, 'INDRA', 'AKL', 'XI AKL 1', '3003', '101', 'AKTIF'),
(2361101, 197356, 'JELITA HANDIANI', 'AKL', 'XI AKL 1', '3003', '101', 'AKTIF'),
(2362101, 197358, 'Khairunisa Apriandini', 'AKL', 'XI AKL 1', '3003', '101', 'AKTIF'),
(2363101, 197359, 'LAILA AFRIYANTI', 'AKL', 'XI AKL 1', '3003', '101', 'AKTIF'),
(2364101, 197360, 'LAURA WANDA PUTRI', 'AKL', 'XI AKL 1', '3003', '101', 'AKTIF'),
(2365101, 197363, 'LISNAWATI', 'AKL', 'XI AKL 1', '3003', '101', 'AKTIF'),
(2366101, 197366, 'Marni', 'AKL', 'XI AKL 1', '3003', '101', 'AKTIF'),
(2367101, 197371, 'MICO RAMDANI SYAHRULTIAS', 'AKL', 'XI AKL 1', '3003', '101', 'AKTIF'),
(2368101, 197372, 'MUHAMMAD ARIF', 'AKL', 'XI AKL 1', '3003', '101', 'AKTIF'),
(2369101, 197376, 'MUHAMMAD RAFI', 'AKL', 'XI AKL 1', '3003', '101', 'AKTIF'),
(2370101, 197377, 'MUHAMMAD RIZKY', 'AKL', 'XI AKL 1', '3003', '101', 'AKTIF'),
(2371101, 197378, 'MUHHAMAD SATRIO', 'AKL', 'XI AKL 1', '3003', '101', 'AKTIF'),
(2372101, 197381, 'NG EK HOT', 'AKL', 'XI AKL 1', '3003', '101', 'AKTIF'),
(2373101, 197385, 'OKTAVIA NENGSIH', 'AKL', 'XI AKL 1', '3003', '101', 'AKTIF'),
(2374101, 197386, 'PEGGY FITRIANI NURDIN', 'AKL', 'XI AKL 1', '3003', '101', 'AKTIF'),
(2375101, 197387, 'PUTRI FEBRIANI', 'AKL', 'XI AKL 1', '3003', '101', 'AKTIF'),
(2376101, 197388, 'PUTRI MAISAROH', 'AKL', 'XI AKL 1', '3003', '101', 'AKTIF'),
(2377101, 197389, 'PUTRI MIRANTI', 'AKL', 'XI AKL 1', '3003', '101', 'AKTIF'),
(2378101, 197390, 'RICKO ADI SAPUTRA', 'AKL', 'XI AKL 1', '3003', '101', 'AKTIF'),
(2379101, 197391, 'RIKA TRI UTAMI', 'AKL', 'XI AKL 1', '3003', '101', 'AKTIF'),
(2380101, 197394, 'SELVYA ARYANTI', 'AKL', 'XI AKL 1', '3003', '101', 'AKTIF'),
(2381101, 197396, 'SHINTYA AULIA PUTRI NABILA', 'AKL', 'XI AKL 1', '3003', '101', 'AKTIF'),
(2382101, 197401, 'SITI NAZWATUN NISA', 'AKL', 'XI AKL 1', '3003', '101', 'AKTIF'),
(2383101, 197402, 'SITI NURIKA RAHIM', 'AKL', 'XI AKL 1', '3003', '101', 'AKTIF'),
(2384101, 197403, 'SITI SADIYAH', 'AKL', 'XI AKL 1', '3003', '101', 'AKTIF'),
(2385101, 197408, 'TRIYANA MUKTI', 'AKL', 'XI AKL 1', '3003', '101', 'AKTIF'),
(2386101, 197410, 'VENUS SINTYA RAHAYU', 'AKL', 'XI AKL 1', '3003', '101', 'AKTIF'),
(2387101, 197412, 'WIDYA MAHARANI WISNU PUTRI', 'AKL', 'XI AKL 1', '3003', '101', 'AKTIF'),
(2388101, 197414, 'YUSUF KURNIA', 'AKL', 'XI AKL 1', '3003', '101', 'AKTIF'),
(2389101, 197339, 'AKBAR KUSUMA WIJAYA', 'AKL', 'XI AKL 2', '3003', '101', 'AKTIF'),
(2390101, 197344, 'CHANDRA PUTRA DARMAWAN', 'AKL', 'XI AKL 2', '3003', '101', 'AKTIF'),
(2391101, 197345, 'DELA AMELIA DWI SAPUTRI', 'AKL', 'XI AKL 2', '3003', '101', 'AKTIF'),
(2392101, 197352, 'DWI LIA NOVITA', 'AKL', 'XI AKL 2', '3003', '101', 'AKTIF'),
(2393101, 197355, 'INSANI METASARI', 'AKL', 'XI AKL 2', '3003', '101', 'AKTIF'),
(2394101, 197361, 'Lina Nofitasari', 'AKL', 'XI AKL 2', '3003', '101', 'AKTIF'),
(2395101, 197362, 'LINDA CHANIAGO', 'AKL', 'XI AKL 2', '3003', '101', 'AKTIF'),
(2396101, 197364, 'MAHARANI ANANDA PUTRI FIRDAUS', 'AKL', 'XI AKL 2', '3003', '101', 'AKTIF'),
(2397101, 197365, 'MARINI NUROHMA', 'AKL', 'XI AKL 2', '3003', '101', 'AKTIF'),
(2398101, 197368, 'MEGA AFIANI', 'AKL', 'XI AKL 2', '3003', '101', 'AKTIF'),
(2399101, 197369, 'MELDA', 'AKL', 'XI AKL 2', '3003', '101', 'AKTIF'),
(2400101, 197370, 'MELVINA FARADILLA', 'AKL', 'XI AKL 2', '3003', '101', 'AKTIF'),
(2401101, 197373, 'MUHAMAD HASBI ASHIDIQI', 'AKL', 'XI AKL 2', '3003', '101', 'AKTIF'),
(2402101, 197374, 'MUHAMMAD BAYU SANJAYA', 'AKL', 'XI AKL 2', '3003', '101', 'AKTIF'),
(2403101, 197375, 'MUHAMMAD FARHAN DWINANTO', 'AKL', 'XI AKL 2', '3003', '101', 'AKTIF'),
(2404101, 197379, 'NABILATUN ALFIAH', 'AKL', 'XI AKL 2', '3003', '101', 'AKTIF'),
(2405101, 197380, 'NELA DESTRIANA DEWI', 'AKL', 'XI AKL 2', '3003', '101', 'AKTIF'),
(2406101, 197382, 'NINA NURCAHYATI', 'AKL', 'XI AKL 2', '3003', '101', 'AKTIF'),
(2407101, 197383, 'NUR AHMAD KHAIRI', 'AKL', 'XI AKL 2', '3003', '101', 'AKTIF'),
(2408101, 197384, 'Nur Rohimah', 'AKL', 'XI AKL 2', '3003', '101', 'AKTIF'),
(2409101, 197392, 'Rinni Maspupah', 'AKL', 'XI AKL 2', '3003', '101', 'AKTIF'),
(2410101, 197393, 'RISMA KURNIAWATI', 'AKL', 'XI AKL 2', '3003', '101', 'AKTIF'),
(2411101, 197395, 'Seviana Eka Saputri', 'AKL', 'XI AKL 2', '3003', '101', 'AKTIF'),
(2412101, 197397, 'Sifa Nur Fauziah', 'AKL', 'XI AKL 2', '3003', '101', 'AKTIF'),
(2413101, 197398, 'SILVI ATNADINATA', 'AKL', 'XI AKL 2', '3003', '101', 'AKTIF'),
(2414101, 197399, 'SILVIA ANGGREANI', 'AKL', 'XI AKL 2', '3003', '101', 'AKTIF'),
(2415101, 197400, 'SITI HODIJAH', 'AKL', 'XI AKL 2', '3003', '101', 'AKTIF'),
(2416101, 197404, 'SOFIATUN NUFUS', 'AKL', 'XI AKL 2', '3003', '101', 'AKTIF'),
(2417101, 197405, 'SUCI NOVITA SARI', 'AKL', 'XI AKL 2', '3003', '101', 'AKTIF'),
(2418101, 197406, 'Suwanah', 'AKL', 'XI AKL 2', '3003', '101', 'AKTIF'),
(2419101, 197409, 'UUN NAFIA', 'AKL', 'XI AKL 2', '3003', '101', 'AKTIF'),
(2420101, 197411, 'VIVIT NUR INDASARI', 'AKL', 'XI AKL 2', '3003', '101', 'AKTIF'),
(2421101, 197413, 'WULAN NUR OKTAVIANI', 'AKL', 'XI AKL 2', '3003', '101', 'AKTIF'),
(2422101, 197415, 'ZERY HERMAWAN', 'AKL', 'XI AKL 2', '3003', '101', 'AKTIF'),
(2423101, 197416, 'ZILVI BADRI AULIAH', 'AKL', 'XI AKL 2', '3003', '101', 'AKTIF'),
(2424101, 197498, 'ABDULLAH NURHALIM', 'PM', 'XI PM 1', '3003', '101', 'AKTIF'),
(2425101, 197499, 'ABELIA AGUSTIN', 'PM', 'XI PM 1', '3003', '101', 'AKTIF'),
(2426101, 197503, 'AHMAD DENI', 'PM', 'XI PM 1', '3003', '101', 'AKTIF'),
(2427101, 197507, 'ANANDA BUDI SUSANTO', 'PM', 'XI PM 1', '3003', '101', 'AKTIF'),
(2428101, 197508, 'ARIEL OCTAREZA', 'PM', 'XI PM 1', '3003', '101', 'AKTIF'),
(2429101, 197509, 'ARIN DWI ALIANI', 'PM', 'XI PM 1', '3003', '101', 'AKTIF'),
(2430101, 197510, 'ARYA BAYU NUR ICHSAN', 'PM', 'XI PM 1', '3003', '101', 'AKTIF'),
(2431101, 197513, 'DANDI SAPUTRA', 'PM', 'XI PM 1', '3003', '101', 'AKTIF'),
(2432101, 197514, 'DEVI AVIELE', 'PM', 'XI PM 1', '3003', '101', 'AKTIF'),
(2433101, 197515, 'Devi Melia Utari', 'PM', 'XI PM 1', '3003', '101', 'AKTIF'),
(2434101, 197521, 'FITRI NURMAZIYAH', 'PM', 'XI PM 1', '3003', '101', 'AKTIF'),
(2435101, 197522, 'GUFRON AZIS', 'PM', 'XI PM 1', '3003', '101', 'AKTIF'),
(2436101, 197525, 'IWAN SANTOSO', 'PM', 'XI PM 1', '3003', '101', 'AKTIF'),
(2437101, 197526, 'Jessy Apriliani', 'PM', 'XI PM 1', '3003', '101', 'AKTIF'),
(2438101, 197530, 'M. Putra Erlangga', 'PM', 'XI PM 1', '3003', '101', 'AKTIF'),
(2439101, 197532, 'Marshel Mahendra', 'PM', 'XI PM 1', '3003', '101', 'AKTIF'),
(2440101, 197529, 'Mohammad Ikmal Maulana', 'PM', 'XI PM 1', '3003', '101', 'AKTIF'),
(2441101, 197534, 'MUHAMAD RIZKI', 'PM', 'XI PM 1', '3003', '101', 'AKTIF'),
(2442101, 197536, 'MUHAMMAD EQI SAPUTRA', 'PM', 'XI PM 1', '3003', '101', 'AKTIF'),
(2443101, 197533, 'MUHAMMAD KHAERUL BAHRI', 'PM', 'XI PM 1', '3003', '101', 'AKTIF'),
(2444101, 197542, 'Najwa Nur Kariem', 'PM', 'XI PM 1', '3003', '101', 'AKTIF'),
(2445101, 197543, 'Nilan Iriyanti', 'PM', 'XI PM 1', '3003', '101', 'AKTIF'),
(2446101, 197544, 'Noni Oktaviani', 'PM', 'XI PM 1', '3003', '101', 'AKTIF'),
(2447101, 197546, 'Pratama Zinedine Yazid Zidane', 'PM', 'XI PM 1', '3003', '101', 'AKTIF'),
(2448101, 197547, 'RAIHAN AHMAD ELIA', 'PM', 'XI PM 1', '3003', '101', 'AKTIF'),
(2449101, 197549, 'RAJA DIKA PRAYOGA', 'PM', 'XI PM 1', '3003', '101', 'AKTIF'),
(2450101, 197550, 'RAMSES GOZALI', 'PM', 'XI PM 1', '3003', '101', 'AKTIF'),
(2451101, 197551, 'RANGGA RAYA SAFAAT', 'PM', 'XI PM 1', '3003', '101', 'AKTIF'),
(2452101, 197553, 'REZA FIRMANSJAH', 'PM', 'XI PM 1', '3003', '101', 'AKTIF'),
(2453101, 197554, 'RIAN IRAWAN', 'PM', 'XI PM 1', '3003', '101', 'AKTIF'),
(2454101, 197559, 'RISMATU ZAHRA', 'PM', 'XI PM 1', '3003', '101', 'AKTIF'),
(2455101, 197569, 'TRIO ANDIKA', 'PM', 'XI PM 1', '3003', '101', 'AKTIF'),
(2456101, 197570, 'Verdi Putra Satria', 'PM', 'XI PM 1', '3003', '101', 'AKTIF'),
(2457101, 197572, 'WULAN CAHYANI', 'PM', 'XI PM 1', '3003', '101', 'AKTIF'),
(2458101, 197574, 'Yoga Dwi Prasetyo', 'PM', 'XI PM 1', '3003', '101', 'AKTIF'),
(2459101, 197576, 'Yunita Adetia Saputri', 'PM', 'XI PM 1', '3003', '101', 'AKTIF'),
(2460101, 197500, 'Achmad Alfie Sadan Widodo', 'PM', 'XI PM 2', '3003', '101', 'AKTIF'),
(2461101, 197501, 'ADI PUTRA', 'PM', 'XI PM 2', '3003', '101', 'AKTIF'),
(2462101, 197504, 'Aliyah Maisuni', 'PM', 'XI PM 2', '3003', '101', 'AKTIF'),
(2463101, 197505, 'ALYA SAFA KAMILA', 'PM', 'XI PM 2', '3003', '101', 'AKTIF'),
(2464101, 197506, 'AMALIA SYAMSIATI ALIFAH', 'PM', 'XI PM 2', '3003', '101', 'AKTIF'),
(2465101, 197511, 'Ayu Andriani', 'PM', 'XI PM 2', '3003', '101', 'AKTIF'),
(2466101, 197512, 'BAGAS SUKMO', 'PM', 'XI PM 2', '3003', '101', 'AKTIF'),
(2467101, 197518, 'FAIZAH PUTRI AULIA', 'PM', 'XI PM 2', '3003', '101', 'AKTIF'),
(2468101, 197519, 'FANDI SAPUTRA', 'PM', 'XI PM 2', '3003', '101', 'AKTIF'),
(2469101, 197520, 'FIORELLA RAISYA ERVANI', 'PM', 'XI PM 2', '3003', '101', 'AKTIF'),
(2470101, 197523, 'Habil Pratama', 'PM', 'XI PM 2', '3003', '101', 'AKTIF'),
(2471101, 197524, 'INDRA RUKMANA', 'PM', 'XI PM 2', '3003', '101', 'AKTIF'),
(2472101, 197527, 'JULAEHA', 'PM', 'XI PM 2', '3003', '101', 'AKTIF'),
(2473101, 197528, 'Kevin Afizeno', 'PM', 'XI PM 2', '3003', '101', 'AKTIF'),
(2474101, 197531, 'MAHESA GENTA SAKAWAYANA', 'PM', 'XI PM 2', '3003', '101', 'AKTIF'),
(2475101, 197535, 'MUHAMAD WILDAN RAMADHAN', 'PM', 'XI PM 2', '3003', '101', 'AKTIF'),
(2476101, 197537, 'MUHAMMAD FADIL', 'PM', 'XI PM 2', '3003', '101', 'AKTIF'),
(2477101, 197538, 'MUHAMMAD FARHAN MAULANA', 'PM', 'XI PM 2', '3003', '101', 'AKTIF'),
(2478101, 197539, 'MUHAMMAD JIHAR ADIB', 'PM', 'XI PM 2', '3003', '101', 'AKTIF'),
(2479101, 197545, 'Nur Rizkiyah', 'PM', 'XI PM 2', '3003', '101', 'AKTIF'),
(2480101, 197548, 'RAISAH NURUL AMIN', 'PM', 'XI PM 2', '3003', '101', 'AKTIF'),
(2481101, 197552, 'RAYNANDA DEWATA', 'PM', 'XI PM 2', '3003', '101', 'AKTIF'),
(2482101, 197555, 'RIDHO FIRMAN SYACH', 'PM', 'XI PM 2', '3003', '101', 'AKTIF'),
(2483101, 197556, 'Rifky Akbar Abdullah', 'PM', 'XI PM 2', '3003', '101', 'AKTIF'),
(2484101, 197557, 'RISKA', 'PM', 'XI PM 2', '3003', '101', 'AKTIF'),
(2485101, 197558, 'RISKA NURUL FADILAH', 'PM', 'XI PM 2', '3003', '101', 'AKTIF'),
(2486101, 197560, 'Rosa Widiya Amaliah', 'PM', 'XI PM 2', '3003', '101', 'AKTIF'),
(2487101, 197562, 'SAGDA MAHENDRA', 'PM', 'XI PM 2', '3003', '101', 'AKTIF'),
(2488101, 197563, 'SELBY AYU ALZAHRA', 'PM', 'XI PM 2', '3003', '101', 'AKTIF'),
(2489101, 197565, 'Silvia', 'PM', 'XI PM 2', '3003', '101', 'AKTIF'),
(2490101, 197566, 'SITI MAYANGSARI RAHMADANI', 'PM', 'XI PM 2', '3003', '101', 'AKTIF'),
(2491101, 197567, 'SITI NUR NABILLA', 'PM', 'XI PM 2', '3003', '101', 'AKTIF'),
(2492101, 197568, 'TEGAR SAPUTRA', 'PM', 'XI PM 2', '3003', '101', 'AKTIF'),
(2493101, 197407, 'Tommy Yuscandra', 'PM', 'XI PM 2', '3003', '101', 'AKTIF'),
(2494101, 197575, 'YULIANTI', 'PM', 'XI PM 2', '3003', '101', 'AKTIF'),
(2495101, 197577, 'ZAKI AKBAR WIJAYANTO', 'PM', 'XI PM 2', '3003', '101', 'AKTIF'),
(2496101, 197420, 'AMELIA OKTAVIANI', 'MPLB', 'XI MPLB 1', '3003', '101', 'AKTIF'),
(2497101, 197421, 'AMELIA SHADIYAH', 'MPLB', 'XI MPLB 1', '3003', '101', 'AKTIF'),
(2498101, 197422, 'ARDELIA SALSABILA', 'MPLB', 'XI MPLB 1', '3003', '101', 'AKTIF'),
(2499101, 197423, 'ARINI', 'MPLB', 'XI MPLB 1', '3003', '101', 'AKTIF'),
(2500101, 197424, 'Audi Valentina', 'MPLB', 'XI MPLB 1', '3003', '101', 'AKTIF'),
(2501101, 197425, 'AYU LESTARI', 'MPLB', 'XI MPLB 1', '3003', '101', 'AKTIF'),
(2502101, 197428, 'Dara Wardhani', 'MPLB', 'XI MPLB 1', '3003', '101', 'AKTIF'),
(2503101, 197429, 'DEDE ARUM SARI', 'MPLB', 'XI MPLB 1', '3003', '101', 'AKTIF'),
(2504101, 197430, 'DEVI NUR AFRILIA', 'MPLB', 'XI MPLB 1', '3003', '101', 'AKTIF'),
(2505101, 197432, 'DEWITA CAHYANI', 'MPLB', 'XI MPLB 1', '3003', '101', 'AKTIF'),
(2506101, 197435, 'DIAN PATRIANI', 'MPLB', 'XI MPLB 1', '3003', '101', 'AKTIF'),
(2507101, 197437, 'DINA NOVITA', 'MPLB', 'XI MPLB 1', '3003', '101', 'AKTIF'),
(2508101, 197438, 'Dinii Aditia Putri Lubis', 'MPLB', 'XI MPLB 1', '3003', '101', 'AKTIF'),
(2509101, 197440, 'EKA YULIA SARI', 'MPLB', 'XI MPLB 1', '3003', '101', 'AKTIF'),
(2510101, 197441, 'Ersanda Aprilia', 'MPLB', 'XI MPLB 1', '3003', '101', 'AKTIF'),
(2511101, 197442, 'FADIANA', 'MPLB', 'XI MPLB 1', '3003', '101', 'AKTIF'),
(2512101, 197444, 'ICHA RAHMA NOVITASARI', 'MPLB', 'XI MPLB 1', '3003', '101', 'AKTIF'),
(2513101, 197445, 'Ismi Syalina Hidayat', 'MPLB', 'XI MPLB 1', '3003', '101', 'AKTIF'),
(2514101, 197446, 'JESI HAFILLAH', 'MPLB', 'XI MPLB 1', '3003', '101', 'AKTIF'),
(2515101, 197447, 'JULIA LESTARI', 'MPLB', 'XI MPLB 1', '3003', '101', 'AKTIF'),
(2516101, 197449, 'KEKE NURKHOLIFAH', 'MPLB', 'XI MPLB 1', '3003', '101', 'AKTIF'),
(2517101, 197451, 'KOLIF MULYANI', 'MPLB', 'XI MPLB 1', '3003', '101', 'AKTIF'),
(2518101, 197452, 'LUVIYANTI', 'MPLB', 'XI MPLB 1', '3003', '101', 'AKTIF'),
(2519101, 197455, 'MARS WINDA AGUSTIN', 'MPLB', 'XI MPLB 1', '3003', '101', 'AKTIF'),
(2520101, 197456, 'Maulida Azkia', 'MPLB', 'XI MPLB 1', '3003', '101', 'AKTIF'),
(2521101, 197459, 'Mellida Devitasari', 'MPLB', 'XI MPLB 1', '3003', '101', 'AKTIF'),
(2522101, 197461, 'NADILA RISCHA HIDAYAT', 'MPLB', 'XI MPLB 1', '3003', '101', 'AKTIF'),
(2523101, 197464, 'NESSA APRILA ROSA', 'MPLB', 'XI MPLB 1', '3003', '101', 'AKTIF'),
(2524101, 197468, 'Oktaviana', 'MPLB', 'XI MPLB 1', '3003', '101', 'AKTIF'),
(2525101, 197469, 'PATRICIA OLIVIA BUBANE', 'MPLB', 'XI MPLB 1', '3003', '101', 'AKTIF'),
(2526101, 197472, 'Reza Thalia Salsabila', 'MPLB', 'XI MPLB 1', '3003', '101', 'AKTIF'),
(2527101, 197475, 'RISNA JUENDANG', 'MPLB', 'XI MPLB 1', '3003', '101', 'AKTIF'),
(2528101, 197477, 'Ros Setiawati', 'MPLB', 'XI MPLB 1', '3003', '101', 'AKTIF'),
(2529101, 197478, 'Rosyana Nurani', 'MPLB', 'XI MPLB 1', '3003', '101', 'AKTIF'),
(2530101, 197480, 'SASKIA ALIYA ZAHRA', 'MPLB', 'XI MPLB 1', '3003', '101', 'AKTIF'),
(2531101, 197482, 'SINTA ARYANA WENDARI', 'MPLB', 'XI MPLB 1', '3003', '101', 'AKTIF'),
(2532101, 197485, 'Supriyana', 'MPLB', 'XI MPLB 1', '3003', '101', 'AKTIF'),
(2533101, 197488, 'TIARA HENDITA PUTRI', 'MPLB', 'XI MPLB 1', '3003', '101', 'AKTIF'),
(2534101, 197491, 'VERONICA PATRICIA', 'MPLB', 'XI MPLB 1', '3003', '101', 'AKTIF'),
(2535101, 197493, 'WULAN SUCI FITRIANI', 'MPLB', 'XI MPLB 1', '3003', '101', 'AKTIF'),
(2536101, 197496, 'ZAHRA WAHYU TRIANDINI', 'MPLB', 'XI MPLB 1', '3003', '101', 'AKTIF'),
(2537101, 197417, 'AISYA YUNIARTI', 'MPLB', 'XI MPLB 2', '3003', '101', 'AKTIF'),
(2538101, 197418, 'ALMA ELENA RACHMAN', 'MPLB', 'XI MPLB 2', '3003', '101', 'AKTIF'),
(2539101, 197419, 'AMANDA SALSABILAH SAFITRI', 'MPLB', 'XI MPLB 2', '3003', '101', 'AKTIF'),
(2540101, 197426, 'BALQIS AULIA WIJAYA', 'MPLB', 'XI MPLB 2', '3003', '101', 'AKTIF'),
(2541101, 197427, 'Chika Maulida Dewi', 'MPLB', 'XI MPLB 2', '3003', '101', 'AKTIF'),
(2542101, 197431, 'DEVI RIANTI', 'MPLB', 'XI MPLB 2', '3003', '101', 'AKTIF'),
(2543101, 197433, 'Diah Ayu Krisna Dwi Putri', 'MPLB', 'XI MPLB 2', '3003', '101', 'AKTIF'),
(2544101, 197434, 'Dian Aprilliani', 'MPLB', 'XI MPLB 2', '3003', '101', 'AKTIF'),
(2545101, 197436, 'Dina Agustina', 'MPLB', 'XI MPLB 2', '3003', '101', 'AKTIF'),
(2546101, 197439, 'DIYAN RAHMAWATI', 'MPLB', 'XI MPLB 2', '3003', '101', 'AKTIF'),
(2547101, 197443, 'FUJA LISTY YANTI', 'MPLB', 'XI MPLB 2', '3003', '101', 'AKTIF'),
(2548101, 197448, 'KARINA PUTRI OXTAVIANI', 'MPLB', 'XI MPLB 2', '3003', '101', 'AKTIF'),
(2549101, 197450, 'KIKI FATIKA SYAHRANI', 'MPLB', 'XI MPLB 2', '3003', '101', 'AKTIF'),
(2550101, 197453, 'Maharani Syaidina Djulianti', 'MPLB', 'XI MPLB 2', '3003', '101', 'AKTIF'),
(2551101, 197454, 'MARLINA', 'MPLB', 'XI MPLB 2', '3003', '101', 'AKTIF'),
(2552101, 197457, 'Meilinda Felisyawati', 'MPLB', 'XI MPLB 2', '3003', '101', 'AKTIF'),
(2553101, 197458, 'MELINA NUR SAPITRI', 'MPLB', 'XI MPLB 2', '3003', '101', 'AKTIF'),
(2554101, 197460, 'MUNIAH', 'MPLB', 'XI MPLB 2', '3003', '101', 'AKTIF'),
(2555101, 197462, 'Nadya Putri', 'MPLB', 'XI MPLB 2', '3003', '101', 'AKTIF'),
(2556101, 197463, 'Nanda Jasika', 'MPLB', 'XI MPLB 2', '3003', '101', 'AKTIF'),
(2557101, 197465, 'Nisa Dwi Ramanda', 'MPLB', 'XI MPLB 2', '3003', '101', 'AKTIF'),
(2558101, 197467, 'NUR ASIDIAH', 'MPLB', 'XI MPLB 2', '3003', '101', 'AKTIF'),
(2559101, 197470, 'PIRANIH', 'MPLB', 'XI MPLB 2', '3003', '101', 'AKTIF'),
(2560101, 197471, 'Putri Widhi Astuti', 'MPLB', 'XI MPLB 2', '3003', '101', 'AKTIF'),
(2561101, 197473, 'RINI MARSITA', 'MPLB', 'XI MPLB 2', '3003', '101', 'AKTIF'),
(2562101, 197474, 'RISKA KHARISMA', 'MPLB', 'XI MPLB 2', '3003', '101', 'AKTIF'),
(2563101, 197476, 'RISNA PRIYANTI', 'MPLB', 'XI MPLB 2', '3003', '101', 'AKTIF'),
(2564101, 197479, 'RUNI RAHAYU', 'MPLB', 'XI MPLB 2', '3003', '101', 'AKTIF'),
(2565101, 197481, 'SHEVA HANDINI', 'MPLB', 'XI MPLB 2', '3003', '101', 'AKTIF'),
(2566101, 197483, 'SITI NURHALIZA ARDI', 'MPLB', 'XI MPLB 2', '3003', '101', 'AKTIF'),
(2567101, 197484, 'SUCI NABILAH KHAERUS', 'MPLB', 'XI MPLB 2', '3003', '101', 'AKTIF'),
(2568101, 197486, 'TANIA NUR ALFITRIANI', 'MPLB', 'XI MPLB 2', '3003', '101', 'AKTIF'),
(2569101, 197487, 'TIAH', 'MPLB', 'XI MPLB 2', '3003', '101', 'AKTIF'),
(2570101, 197489, 'Umairoh', 'MPLB', 'XI MPLB 2', '3003', '101', 'AKTIF'),
(2571101, 197490, 'VELINDA NUR AZIZAH', 'MPLB', 'XI MPLB 2', '3003', '101', 'AKTIF'),
(2572101, 197492, 'WAHYU KURNIAWATI', 'MPLB', 'XI MPLB 2', '3003', '101', 'AKTIF'),
(2573101, 197494, 'WULAN SUNINGSIH', 'MPLB', 'XI MPLB 2', '3003', '101', 'AKTIF'),
(2574101, 197495, 'YENTI HERAWATI', 'MPLB', 'XI MPLB 2', '3003', '101', 'AKTIF'),
(2575101, 197497, 'ZHILA SHOFA NAFSIAH', 'MPLB', 'XI MPLB 2', '3003', '101', 'AKTIF'),
(2576101, 197217, 'ABDURRAHMAN ASNADI', 'TJKT', 'XI TJKT 1', '4004', '101', 'AKTIF'),
(2577101, 197219, 'ADI NUR', 'TJKT', 'XI TJKT 1', '4004', '101', 'AKTIF'),
(2578101, 197221, 'Aditya Saputra', 'TJKT', 'XI TJKT 1', '4004', '101', 'AKTIF'),
(2579101, 197228, 'AIRA ANDI AHMAD', 'TJKT', 'XI TJKT 1', '4004', '101', 'AKTIF'),
(2580101, 197229, 'Alfadli Merdianta', 'TJKT', 'XI TJKT 1', '4004', '101', 'AKTIF'),
(2581101, 197238, 'Ariska Witri Astuti', 'TJKT', 'XI TJKT 1', '4004', '101', 'AKTIF'),
(2582101, 197241, 'DANI DARMAWAN', 'TJKT', 'XI TJKT 1', '4004', '101', 'AKTIF'),
(2583101, 197242, 'DANIEL PRADITYA', 'TJKT', 'XI TJKT 1', '4004', '101', 'AKTIF'),
(2584101, 197244, 'DHANNIS FARDINTA', 'TJKT', 'XI TJKT 1', '4004', '101', 'AKTIF'),
(2585101, 197246, 'DIMAS ADITIYA', 'TJKT', 'XI TJKT 1', '4004', '101', 'AKTIF'),
(2586101, 197255, 'FARID IHWATUL MUSLIMIN', 'TJKT', 'XI TJKT 1', '4004', '101', 'AKTIF'),
(2587101, 197256, 'FAUZI', 'TJKT', 'XI TJKT 1', '4004', '101', 'AKTIF'),
(2588101, 197260, 'Haryanto', 'TJKT', 'XI TJKT 1', '4004', '101', 'AKTIF'),
(2589101, 197261, 'HERI SETYAWAN', 'TJKT', 'XI TJKT 1', '4004', '101', 'AKTIF'),
(2590101, 197263, 'IDHAM RAHMAN', 'TJKT', 'XI TJKT 1', '4004', '101', 'AKTIF'),
(2591101, 197264, 'Idris Fadila', 'TJKT', 'XI TJKT 1', '4004', '101', 'AKTIF'),
(2592101, 197269, 'M. JAENI SAPUTRA', 'TJKT', 'XI TJKT 1', '4004', '101', 'AKTIF'),
(2593101, 197273, 'MARTIN', 'TJKT', 'XI TJKT 1', '4004', '101', 'AKTIF'),
(2594101, 197275, 'MOHAMAD ARDIANSYAH RIZKI DERMAWAN', 'TJKT', 'XI TJKT 1', '4004', '101', 'AKTIF'),
(2595101, 197287, 'Muhamad Jazuli Oktafio', 'TJKT', 'XI TJKT 1', '4004', '101', 'AKTIF'),
(2596101, 197279, 'MUHAMAT REVA RIZKI SAPUTRA', 'TJKT', 'XI TJKT 1', '4004', '101', 'AKTIF'),
(2597101, 197282, 'Muhammad Agus Triardi', 'TJKT', 'XI TJKT 1', '4004', '101', 'AKTIF'),
(2598101, 197290, 'Muhammad Rafli', 'TJKT', 'XI TJKT 1', '4004', '101', 'AKTIF'),
(2599101, 197291, 'MUHAMMAD RUSYDI MURTADHO', 'TJKT', 'XI TJKT 1', '4004', '101', 'AKTIF'),
(2600101, 197294, 'Nana Maolana', 'TJKT', 'XI TJKT 1', '4004', '101', 'AKTIF'),
(2601101, 197295, 'Nanda Arga Raditya', 'TJKT', 'XI TJKT 1', '4004', '101', 'AKTIF'),
(2602101, 197299, 'NUR OKKY BINTANG SAPUTRA', 'TJKT', 'XI TJKT 1', '4004', '101', 'AKTIF'),
(2603101, 197304, 'RENDI PEBRIANSYAH', 'TJKT', 'XI TJKT 1', '4004', '101', 'AKTIF'),
(2604101, 197306, 'Rico Prianto', 'TJKT', 'XI TJKT 1', '4004', '101', 'AKTIF'),
(2605101, 197313, 'RIVALDY IRAWAN', 'TJKT', 'XI TJKT 1', '4004', '101', 'AKTIF'),
(2606101, 197314, 'Rizki Dwi Hapijar', 'TJKT', 'XI TJKT 1', '4004', '101', 'AKTIF'),
(2607101, 197315, 'RIZKI HARI NUGROHO', 'TJKT', 'XI TJKT 1', '4004', '101', 'AKTIF'),
(2608101, 197316, 'ROBBY ANDRIANSYAH', 'TJKT', 'XI TJKT 1', '4004', '101', 'AKTIF'),
(2609101, 197323, 'TAUFIK LERA', 'TJKT', 'XI TJKT 1', '4004', '101', 'AKTIF'),
(2610101, 197324, 'TENGKU ARYA SAPUTRA', 'TJKT', 'XI TJKT 1', '4004', '101', 'AKTIF'),
(2611101, 197332, 'WISNU HANDOKO', 'TJKT', 'XI TJKT 1', '4004', '101', 'AKTIF'),
(2612101, 197216, 'AANWAR', 'TJKT', 'XI TJKT 2', '4004', '101', 'AKTIF'),
(2613101, 197218, 'ABDULLAH PATHUR RACHMAN', 'TJKT', 'XI TJKT 2', '4004', '101', 'AKTIF'),
(2614101, 197220, 'ADITYA DHARMA', 'TJKT', 'XI TJKT 2', '4004', '101', 'AKTIF'),
(2615101, 197222, 'ADITYA SAPUTRA', 'TJKT', 'XI TJKT 2', '4004', '101', 'AKTIF'),
(2616101, 197225, 'Agil Mubaroq', 'TJKT', 'XI TJKT 2', '4004', '101', 'AKTIF'),
(2617101, 197226, 'AHMAD MAULANA', 'TJKT', 'XI TJKT 2', '4004', '101', 'AKTIF'),
(2618101, 197231, 'ANDI KOSASIH', 'TJKT', 'XI TJKT 2', '4004', '101', 'AKTIF'),
(2619101, 197233, 'Andriyansah', 'TJKT', 'XI TJKT 2', '4004', '101', 'AKTIF'),
(2620101, 197235, 'APRIALDI SAPUTRA WIJAYA', 'TJKT', 'XI TJKT 2', '4004', '101', 'AKTIF'),
(2621101, 197240, 'BIMA BAYU SAMUDRA', 'TJKT', 'XI TJKT 2', '4004', '101', 'AKTIF'),
(2622101, 197248, 'EGAN BAGUS REHANDIKA ALDA RAKHANTA', 'TJKT', 'XI TJKT 2', '4004', '101', 'AKTIF'),
(2623101, 197249, 'EKA DHANI', 'TJKT', 'XI TJKT 2', '4004', '101', 'AKTIF'),
(2624101, 197251, 'ENDAH HERNIATI', 'TJKT', 'XI TJKT 2', '4004', '101', 'AKTIF'),
(2625101, 197252, 'FACHRUL BINTANG IMZAD', 'TJKT', 'XI TJKT 2', '4004', '101', 'AKTIF'),
(2626101, 197253, 'FAHREZI JANUAR RISKI', 'TJKT', 'XI TJKT 2', '4004', '101', 'AKTIF'),
(2627101, 197258, 'HAFIZ NUR ARIF', 'TJKT', 'XI TJKT 2', '4004', '101', 'AKTIF'),
(2628101, 197259, 'Hanan Febri Awanda', 'TJKT', 'XI TJKT 2', '4004', '101', 'AKTIF'),
(2629101, 197262, 'Ibnu Adam', 'TJKT', 'XI TJKT 2', '4004', '101', 'AKTIF'),
(2630101, 197268, 'KHAIRAN MAULANA', 'TJKT', 'XI TJKT 2', '4004', '101', 'AKTIF'),
(2631101, 197270, 'M. RESA FAHLEVIH ADITYA PUTRA', 'TJKT', 'XI TJKT 2', '4004', '101', 'AKTIF'),
(2632101, 197272, 'M.FREDY ARDIANSYAH', 'TJKT', 'XI TJKT 2', '4004', '101', 'AKTIF'),
(2633101, 197274, 'MAULANA RAFI PRASETYO', 'TJKT', 'XI TJKT 2', '4004', '101', 'AKTIF'),
(2634101, 197276, 'Muhamad Ariyanzah', 'TJKT', 'XI TJKT 2', '4004', '101', 'AKTIF'),
(2635101, 197278, 'MUHAMAD RIDWAN', 'TJKT', 'XI TJKT 2', '4004', '101', 'AKTIF'),
(2636101, 197284, 'MUHAMMAD FAHREZA DZULHIJJAH', 'TJKT', 'XI TJKT 2', '4004', '101', 'AKTIF'),
(2637101, 197285, 'MUHAMMAD FERDIANSYAH', 'TJKT', 'XI TJKT 2', '4004', '101', 'AKTIF'),
(2638101, 197293, 'Muhammad Ilham', 'TJKT', 'XI TJKT 2', '4004', '101', 'AKTIF'),
(2639101, 197288, 'MUHAMMAD MUKHTI ABIMANYU', 'TJKT', 'XI TJKT 2', '4004', '101', 'AKTIF'),
(2640101, 197280, 'MUHAMMAD RUHDIN', 'TJKT', 'XI TJKT 2', '4004', '101', 'AKTIF'),
(2641101, 197292, 'MUHAMMAD UBAIDILLAH', 'TJKT', 'XI TJKT 2', '4004', '101', 'AKTIF'),
(2642101, 197302, 'RAHMAT HADI WIJAYA', 'TJKT', 'XI TJKT 2', '4004', '101', 'AKTIF'),
(2643101, 197300, 'RAKA PRABOWO', 'TJKT', 'XI TJKT 2', '4004', '101', 'AKTIF'),
(2644101, 197301, 'RAMA HERDIANSYAH', 'TJKT', 'XI TJKT 2', '4004', '101', 'AKTIF'),
(2645101, 197308, 'RIDWAN PRATAMA', 'TJKT', 'XI TJKT 2', '4004', '101', 'AKTIF'),
(2646101, 197310, 'Rijik Mulana Yusup', 'TJKT', 'XI TJKT 2', '4004', '101', 'AKTIF'),
(2647101, 197312, 'RIVAL SAPUTRA', 'TJKT', 'XI TJKT 2', '4004', '101', 'AKTIF'),
(2648101, 197320, 'SEFI SEPTIANA', 'TJKT', 'XI TJKT 2', '4004', '101', 'AKTIF'),
(2649101, 197321, 'Siti Nur Kholipah', 'TJKT', 'XI TJKT 2', '4004', '101', 'AKTIF'),
(2650101, 197325, 'TYO SAPUTRA', 'TJKT', 'XI TJKT 2', '4004', '101', 'AKTIF'),
(2651101, 197223, 'ADITYA SAPUTRA', 'TJKT', 'XI TJKT 3', '4004', '101', 'AKTIF'),
(2652101, 197224, 'ADNAN BUKHARI', 'TJKT', 'XI TJKT 3', '4004', '101', 'AKTIF'),
(2653101, 197227, 'AHMAT SOFBRI', 'TJKT', 'XI TJKT 3', '4004', '101', 'AKTIF'),
(2654101, 197230, 'Amaika Rachman', 'TJKT', 'XI TJKT 3', '4004', '101', 'AKTIF'),
(2655101, 197232, 'ANDREAN SAPUTRA', 'TJKT', 'XI TJKT 3', '4004', '101', 'AKTIF'),
(2656101, 197234, 'Apriadi', 'TJKT', 'XI TJKT 3', '4004', '101', 'AKTIF'),
(2657101, 197236, 'Ardi Muayad', 'TJKT', 'XI TJKT 3', '4004', '101', 'AKTIF'),
(2658101, 197237, 'ARIF DWI SAPUTRA', 'TJKT', 'XI TJKT 3', '4004', '101', 'AKTIF'),
(2659101, 197243, 'DESTA RAHMA NOVIANI', 'TJKT', 'XI TJKT 3', '4004', '101', 'AKTIF'),
(2660101, 197245, 'DIKKY PANGESTU', 'TJKT', 'XI TJKT 3', '4004', '101', 'AKTIF'),
(2661101, 197247, 'DODI PRAMUJA', 'TJKT', 'XI TJKT 3', '4004', '101', 'AKTIF'),
(2662101, 197250, 'ELGA BUDI PURNOMO', 'TJKT', 'XI TJKT 3', '4004', '101', 'AKTIF'),
(2663101, 197257, 'FAUZY GUNAWAN', 'TJKT', 'XI TJKT 3', '4004', '101', 'AKTIF'),
(2664101, 197265, 'IKLAS GUSTI PANGESTU', 'TJKT', 'XI TJKT 3', '4004', '101', 'AKTIF'),
(2665101, 197266, 'ILHAM RAMADHAN', 'TJKT', 'XI TJKT 3', '4004', '101', 'AKTIF'),
(2666101, 197277, 'MUHAMAD IMAM MAHDI', 'TJKT', 'XI TJKT 3', '4004', '101', 'AKTIF'),
(2667101, 197281, 'MUHAMMAD ADAM SEPTIAWAN', 'TJKT', 'XI TJKT 3', '4004', '101', 'AKTIF'),
(2668101, 197283, 'MUHAMMAD BINTANG', 'TJKT', 'XI TJKT 3', '4004', '101', 'AKTIF'),
(2669101, 197286, 'MUHAMMAD FIKRI GINASTIAR', 'TJKT', 'XI TJKT 3', '4004', '101', 'AKTIF'),
(2670101, 197289, 'MUHAMMAD NUR IKHSAN', 'TJKT', 'XI TJKT 3', '4004', '101', 'AKTIF'),
(2671101, 197297, 'NIKO SAPUTRA', 'TJKT', 'XI TJKT 3', '4004', '101', 'AKTIF'),
(2672101, 197298, 'NOVA YULIANTO', 'TJKT', 'XI TJKT 3', '4004', '101', 'AKTIF'),
(2673101, 197303, 'REGA ALDO NURCAHYONO', 'TJKT', 'XI TJKT 3', '4004', '101', 'AKTIF'),
(2674101, 197305, 'REZZA ADITYA PRATAMA', 'TJKT', 'XI TJKT 3', '4004', '101', 'AKTIF'),
(2675101, 197309, 'Rifkyan Syah', 'TJKT', 'XI TJKT 3', '4004', '101', 'AKTIF'),
(2676101, 197311, 'RISKY ALFIAN', 'TJKT', 'XI TJKT 3', '4004', '101', 'AKTIF'),
(2677101, 197319, 'SATRIA PAMUNGKAS', 'TJKT', 'XI TJKT 3', '4004', '101', 'AKTIF'),
(2678101, 197326, 'Vaizudin', 'TJKT', 'XI TJKT 3', '4004', '101', 'AKTIF'),
(2679101, 197327, 'Virlya Aulia Rohmah', 'TJKT', 'XI TJKT 3', '4004', '101', 'AKTIF'),
(2680101, 197328, 'Wafa Fauzan Jamil', 'TJKT', 'XI TJKT 3', '4004', '101', 'AKTIF'),
(2681101, 197329, 'WAHYU', 'TJKT', 'XI TJKT 3', '4004', '101', 'AKTIF'),
(2682101, 197330, 'WILLIAM WIJAYA PHANG', 'TJKT', 'XI TJKT 3', '4004', '101', 'AKTIF'),
(2683101, 197331, 'WILLY RAFIANSYAH', 'TJKT', 'XI TJKT 3', '4004', '101', 'AKTIF'),
(2684101, 197333, 'YANUAR BUDI PRATAMA', 'TJKT', 'XI TJKT 3', '4004', '101', 'AKTIF'),
(2685101, 197334, 'YORIKO OKTAVIANUS MAMARODIA', 'TJKT', 'XI TJKT 3', '4004', '101', 'AKTIF'),
(2686101, 197335, 'ZOKROTUN NIDA', 'TJKT', 'XI TJKT 3', '4004', '101', 'AKTIF'),
(2687101, 186822, 'AFIFAH ZAHRA', 'AKL', 'XII AKL 1', '5005', '101', 'AKTIF'),
(2688101, 186823, 'AGUS SAYUTI', 'AKL', 'XII AKL 1', '5005', '101', 'AKTIF'),
(2689101, 186824, 'AHMAD ERLANGGA SAHPUTRA', 'AKL', 'XII AKL 1', '5005', '101', 'AKTIF'),
(2690101, 186826, 'ALVIANSYAH BUDI PRATAMA', 'AKL', 'XII AKL 1', '5005', '101', 'AKTIF'),
(2691101, 186827, 'ANANDA DESTI MAHARANI', 'AKL', 'XII AKL 1', '5005', '101', 'AKTIF'),
(2692101, 186835, 'DELIA AYU FITRIANI', 'AKL', 'XII AKL 1', '5005', '101', 'AKTIF'),
(2693101, 186838, 'DEVIANA DAMAYANTI', 'AKL', 'XII AKL 1', '5005', '101', 'AKTIF'),
(2694101, 186839, 'DEWI RATNANINGSIH', 'AKL', 'XII AKL 1', '5005', '101', 'AKTIF'),
(2695101, 186840, 'DINANTY SANDRA BAHAR', 'AKL', 'XII AKL 1', '5005', '101', 'AKTIF'),
(2696101, 186842, 'EKA HUNAFA', 'AKL', 'XII AKL 1', '5005', '101', 'AKTIF'),
(2697101, 186843, 'EPI HERAWATI', 'AKL', 'XII AKL 1', '5005', '101', 'AKTIF'),
(2698101, 186844, 'ERIKA MAULITA', 'AKL', 'XII AKL 1', '5005', '101', 'AKTIF'),
(2699101, 186849, 'FITRI ANDRIYANI PUTRI', 'AKL', 'XII AKL 1', '5005', '101', 'AKTIF'),
(2700101, 186851, 'FRANSISKA DWI YULIA', 'AKL', 'XII AKL 1', '5005', '101', 'AKTIF'),
(2701101, 186852, 'GHAIB SAMUDRA ALAM SEMESTA', 'AKL', 'XII AKL 1', '5005', '101', 'AKTIF'),
(2702101, 186853, 'IFAN ALI ROMADHON', 'AKL', 'XII AKL 1', '5005', '101', 'AKTIF'),
(2703101, 186854, 'ILHAM MANZIS', 'AKL', 'XII AKL 1', '5005', '101', 'AKTIF'),
(2704101, 186860, 'LISA DIA DAMAYANTI', 'AKL', 'XII AKL 1', '5005', '101', 'AKTIF'),
(2705101, 186861, 'MARISA SONATA', 'AKL', 'XII AKL 1', '5005', '101', 'AKTIF'),
(2706101, 186862, 'MUHAMMAD ALVIAN RIZKY', 'AKL', 'XII AKL 1', '5005', '101', 'AKTIF'),
(2707101, 186866, 'NADIVA DHEA PUSPITA', 'AKL', 'XII AKL 1', '5005', '101', 'AKTIF'),
(2708101, 186869, 'NIMATUL AWWALIYA AZZAHRA', 'AKL', 'XII AKL 1', '5005', '101', 'AKTIF'),
(2709101, 186871, 'NURUL ASHITA', 'AKL', 'XII AKL 1', '5005', '101', 'AKTIF'),
(2710101, 186873, 'PUTRI ANGGITA SARI', 'AKL', 'XII AKL 1', '5005', '101', 'AKTIF'),
(2711101, 186874, 'PUTRI INDAH ROSYANTI', 'AKL', 'XII AKL 1', '5005', '101', 'AKTIF'),
(2712101, 186877, 'RAYHAN FERDIAN', 'AKL', 'XII AKL 1', '5005', '101', 'AKTIF'),
(2713101, 186878, 'REFI APRIYANI', 'AKL', 'XII AKL 1', '5005', '101', 'AKTIF'),
(2714101, 186883, 'RISA SETIAWATI', 'AKL', 'XII AKL 1', '5005', '101', 'AKTIF'),
(2715101, 186885, 'RIZKY SETIAWAN', 'AKL', 'XII AKL 1', '5005', '101', 'AKTIF'),
(2716101, 186886, 'ROKANA SYIFAIYAH', 'AKL', 'XII AKL 1', '5005', '101', 'AKTIF'),
(2717101, 186887, 'SABRINA PUTRI', 'AKL', 'XII AKL 1', '5005', '101', 'AKTIF'),
(2718101, 186890, 'SEPINA', 'AKL', 'XII AKL 1', '5005', '101', 'AKTIF'),
(2719101, 186892, 'SITI ALAWIYYAH', 'AKL', 'XII AKL 1', '5005', '101', 'AKTIF'),
(2720101, 186893, 'SITI AMELIA', 'AKL', 'XII AKL 1', '5005', '101', 'AKTIF'),
(2721101, 186894, 'SRI WAHYUNI', 'AKL', 'XII AKL 1', '5005', '101', 'AKTIF'),
(2722101, 186895, 'SUKMO BUDIANGGORO', 'AKL', 'XII AKL 1', '5005', '101', 'AKTIF'),
(2723101, 186896, 'SYAHRUL FATHUR ROYAN', 'AKL', 'XII AKL 1', '5005', '101', 'AKTIF'),
(2724101, 186897, 'Syahrul Rafliyansyah', 'AKL', 'XII AKL 1', '5005', '101', 'AKTIF'),
(2725101, 186900, 'TEGAR AFFANDI', 'AKL', 'XII AKL 1', '5005', '101', 'AKTIF'),
(2726101, 186906, 'WULAN CAHYA NINGRUM', 'AKL', 'XII AKL 1', '5005', '101', 'AKTIF'),
(2727101, 186820, 'ADINDA RAMADHONA', 'AKL', 'XII AKL 2', '5005', '101', 'AKTIF'),
(2728101, 186821, 'ADINDA RIZKE JULIA', 'AKL', 'XII AKL 2', '5005', '101', 'AKTIF'),
(2729101, 186825, 'AHMAD RIO', 'AKL', 'XII AKL 2', '5005', '101', 'AKTIF'),
(2730101, 186828, 'ANISA PUJIASTUTI', 'AKL', 'XII AKL 2', '5005', '101', 'AKTIF'),
(2731101, 186829, 'APRIAL BAHRIANSYAH', 'AKL', 'XII AKL 2', '5005', '101', 'AKTIF'),
(2732101, 186830, 'ARSYDIO RIZKY ANDRIATNA', 'AKL', 'XII AKL 2', '5005', '101', 'AKTIF'),
(2733101, 186832, 'AUDI ALDIANSIH', 'AKL', 'XII AKL 2', '5005', '101', 'AKTIF'),
(2734101, 186831, 'AUDRY SYAHPUTRI', 'AKL', 'XII AKL 2', '5005', '101', 'AKTIF'),
(2735101, 186833, 'DAHLIA GITA SAFITRI', 'AKL', 'XII AKL 2', '5005', '101', 'AKTIF'),
(2736101, 186836, 'DEVI INDRIYANI', 'AKL', 'XII AKL 2', '5005', '101', 'AKTIF'),
(2737101, 186837, 'DEVI PURNAMA SARI', 'AKL', 'XII AKL 2', '5005', '101', 'AKTIF'),
(2738101, 186841, 'DITA SEPTIANA', 'AKL', 'XII AKL 2', '5005', '101', 'AKTIF'),
(2739101, 186846, 'FARADILLAH AYU LARASATI', 'AKL', 'XII AKL 2', '5005', '101', 'AKTIF'),
(2740101, 186847, 'FEBY NADIA SARI', 'AKL', 'XII AKL 2', '5005', '101', 'AKTIF'),
(2741101, 186850, 'FITRI DEVIANTI', 'AKL', 'XII AKL 2', '5005', '101', 'AKTIF'),
(2742101, 186855, 'ILHAM NUR DIANSYAH', 'AKL', 'XII AKL 2', '5005', '101', 'AKTIF'),
(2743101, 186856, 'INDAYATI', 'AKL', 'XII AKL 2', '5005', '101', 'AKTIF'),
(2744101, 186857, 'INDRA MAULANA', 'AKL', 'XII AKL 2', '5005', '101', 'AKTIF'),
(2745101, 186858, 'KHAILA ALIFIA DEWI', 'AKL', 'XII AKL 2', '5005', '101', 'AKTIF'),
(2746101, 186859, 'LAELY DWI PATRIA IKKA', 'AKL', 'XII AKL 2', '5005', '101', 'AKTIF'),
(2747101, 186863, 'MUHAMMAD SAIPULLOH', 'AKL', 'XII AKL 2', '5005', '101', 'AKTIF'),
(2748101, 186864, 'MUHAMMAD SURYA PADLY', 'AKL', 'XII AKL 2', '5005', '101', 'AKTIF'),
(2749101, 186865, 'MUJI IRWANTO', 'AKL', 'XII AKL 2', '5005', '101', 'AKTIF'),
(2750101, 186867, 'NANDA ANDRIANI', 'AKL', 'XII AKL 2', '5005', '101', 'AKTIF'),
(2751101, 186870, 'NOVI AMELIA PUTRI', 'AKL', 'XII AKL 2', '5005', '101', 'AKTIF'),
(2752101, 186875, 'PUTRI YUNIARTI DEWI', 'AKL', 'XII AKL 2', '5005', '101', 'AKTIF'),
(2753101, 186879, 'RICCI IRAWAN', 'AKL', 'XII AKL 2', '5005', '101', 'AKTIF'),
(2754101, 186880, 'RIFANI YUMULTRI', 'AKL', 'XII AKL 2', '5005', '101', 'AKTIF'),
(2755101, 186881, 'Rika Wulandari', 'AKL', 'XII AKL 2', '5005', '101', 'AKTIF'),
(2756101, 186882, 'RIKE NUR SAFITRI', 'AKL', 'XII AKL 2', '5005', '101', 'AKTIF'),
(2757101, 186884, 'RIYANA', 'AKL', 'XII AKL 2', '5005', '101', 'AKTIF'),
(2758101, 187210, 'RIZKA AYU NUNGGRAENI', 'AKL', 'XII AKL 2', '5005', '101', 'AKTIF'),
(2759101, 186888, 'SANDY PUTRA SETIAWAN', 'AKL', 'XII AKL 2', '5005', '101', 'AKTIF'),
(2760101, 186891, 'SEPTIA MAHARANI', 'AKL', 'XII AKL 2', '5005', '101', 'AKTIF'),
(2761101, 186898, 'SYAIF FIKRI ALFARIZI', 'AKL', 'XII AKL 2', '5005', '101', 'AKTIF'),
(2762101, 186899, 'SYELVI NURUL AINI', 'AKL', 'XII AKL 2', '5005', '101', 'AKTIF'),
(2763101, 186902, 'TRI FAUZI SOEKARNO PUTRA', 'AKL', 'XII AKL 2', '5005', '101', 'AKTIF'),
(2764101, 186903, 'TRIANA', 'AKL', 'XII AKL 2', '5005', '101', 'AKTIF'),
(2765101, 186904, 'TRIANI', 'AKL', 'XII AKL 2', '5005', '101', 'AKTIF'),
(2766101, 186905, 'Wahyu Alamsyah', 'AKL', 'XII AKL 2', '5005', '101', 'AKTIF'),
(2767101, 186997, 'ADE ARIYANTO', 'PM', 'XII PM 1', '5005', '101', 'AKTIF'),
(2768101, 186998, 'ADITYA GHOFUR ALIM', 'PM', 'XII PM 1', '5005', '101', 'AKTIF'),
(2769101, 187004, 'ANNISA ARYANI RAMADHANI', 'PM', 'XII PM 1', '5005', '101', 'AKTIF'),
(2770101, 187006, 'ARSYA MANDAHURI', 'PM', 'XII PM 1', '5005', '101', 'AKTIF'),
(2771101, 187010, 'BERTHA AMANDA PUTRI', 'PM', 'XII PM 1', '5005', '101', 'AKTIF'),
(2772101, 187012, 'DEFAL SULYA', 'PM', 'XII PM 1', '5005', '101', 'AKTIF'),
(2773101, 187013, 'DELLA FEBRIYANTI', 'PM', 'XII PM 1', '5005', '101', 'AKTIF'),
(2774101, 187019, 'FADHLI HAYKAL AZHMI', 'PM', 'XII PM 1', '5005', '101', 'AKTIF'),
(2775101, 187020, 'FADLI SETIAWAN RAMADHAN', 'PM', 'XII PM 1', '5005', '101', 'AKTIF'),
(2776101, 187024, 'FIKI REZA MAESA PUTRA', 'PM', 'XII PM 1', '5005', '101', 'AKTIF'),
(2777101, 187026, 'HALIM SYAEPUDIN', 'PM', 'XII PM 1', '5005', '101', 'AKTIF'),
(2778101, 187027, 'HANIEKA ZAKARIA PUTRI', 'PM', 'XII PM 1', '5005', '101', 'AKTIF'),
(2779101, 187029, 'ILHAM SAPUTRA', 'PM', 'XII PM 1', '5005', '101', 'AKTIF'),
(2780101, 187030, 'Indira Riski', 'PM', 'XII PM 1', '5005', '101', 'AKTIF'),
(2781101, 187032, 'INTAN PERMATA SARI', 'PM', 'XII PM 1', '5005', '101', 'AKTIF'),
(2782101, 187036, 'LIDIYA URLIA SARI', 'PM', 'XII PM 1', '5005', '101', 'AKTIF'),
(2783101, 187037, 'M. ERIK FIDIANTO', 'PM', 'XII PM 1', '5005', '101', 'AKTIF'),
(2784101, 187047, 'MUHAMAD IRPAN', 'PM', 'XII PM 1', '5005', '101', 'AKTIF'),
(2785101, 187049, 'MUHAMAD TAUFIK ILHAM', 'PM', 'XII PM 1', '5005', '101', 'AKTIF'),
(2786101, 187042, 'MUHAMAD ZHIDANE PUTRA NIFANO', 'PM', 'XII PM 1', '5005', '101', 'AKTIF'),
(2787101, 187048, 'MUHAMMAD RIAN ANDRIANSYAH', 'PM', 'XII PM 1', '5005', '101', 'AKTIF'),
(2788101, 187050, 'MUHAMMAD YASIN', 'PM', 'XII PM 1', '5005', '101', 'AKTIF'),
(2789101, 187051, 'NABIB ROHUL AHMADA', 'PM', 'XII PM 1', '5005', '101', 'AKTIF'),
(2790101, 187052, 'NABIILAH AUDIANSYAH', 'PM', 'XII PM 1', '5005', '101', 'AKTIF'),
(2791101, 187053, 'NADILA LINTANG SARI', 'PM', 'XII PM 1', '5005', '101', 'AKTIF'),
(2792101, 187054, 'NANDA FITRIA', 'PM', 'XII PM 1', '5005', '101', 'AKTIF'),
(2793101, 187055, 'NANDAR ROMADONI', 'PM', 'XII PM 1', '5005', '101', 'AKTIF'),
(2794101, 187056, 'Naswiti', 'PM', 'XII PM 1', '5005', '101', 'AKTIF'),
(2795101, 187214, 'PURNAMASARI', 'PM', 'XII PM 1', '5005', '101', 'AKTIF'),
(2796101, 187060, 'PUTRA MINANDA', 'PM', 'XII PM 1', '5005', '101', 'AKTIF'),
(2797101, 187061, 'RAFI CHESTA ADABI', 'PM', 'XII PM 1', '5005', '101', 'AKTIF'),
(2798101, 187064, 'REGITA OLIA ANGGRAYANI', 'PM', 'XII PM 1', '5005', '101', 'AKTIF'),
(2799101, 187066, 'RICKY NUGROHO', 'PM', 'XII PM 1', '5005', '101', 'AKTIF'),
(2800101, 187067, 'RIFQI RAMADHAN', 'PM', 'XII PM 1', '5005', '101', 'AKTIF'),
(2801101, 187212, 'RIJAL', 'PM', 'XII PM 1', '5005', '101', 'AKTIF'),
(2802101, 187069, 'RIZAL PRATAMA PUTRA', 'PM', 'XII PM 1', '5005', '101', 'AKTIF'),
(2803101, 187070, 'RIZKY JULIANTO', 'PM', 'XII PM 1', '5005', '101', 'AKTIF'),
(2804101, 187211, 'WAHYU', 'PM', 'XII PM 1', '5005', '101', 'AKTIF'),
(2805101, 186996, 'ACHMAD KHOZIN', 'PM', 'XII PM 2', '5005', '101', 'AKTIF'),
(2806101, 187001, 'AMILDA NOPASARI', 'PM', 'XII PM 2', '5005', '101', 'AKTIF'),
(2807101, 187002, 'ANDRI ARDIANSYAH', 'PM', 'XII PM 2', '5005', '101', 'AKTIF'),
(2808101, 187003, 'ANDRI PURNIAWAN', 'PM', 'XII PM 2', '5005', '101', 'AKTIF'),
(2809101, 187005, 'ANNISA FAJRI YANTI', 'PM', 'XII PM 2', '5005', '101', 'AKTIF'),
(2810101, 187008, 'BAGAS DWIYANTO', 'PM', 'XII PM 2', '5005', '101', 'AKTIF'),
(2811101, 187009, 'BARRIANSYAH RAMADHAN', 'PM', 'XII PM 2', '5005', '101', 'AKTIF'),
(2812101, 187011, 'DAFFA MUHAMMAD SYARIP', 'PM', 'XII PM 2', '5005', '101', 'AKTIF'),
(2813101, 187014, 'DHEAJENG NOOR AZIZAH', 'PM', 'XII PM 2', '5005', '101', 'AKTIF'),
(2814101, 187015, 'DIAN LESTARI', 'PM', 'XII PM 2', '5005', '101', 'AKTIF'),
(2815101, 187017, 'EKA SEFTIAN', 'PM', 'XII PM 2', '5005', '101', 'AKTIF'),
(2816101, 187018, 'ENES ROSIANA', 'PM', 'XII PM 2', '5005', '101', 'AKTIF'),
(2817101, 187021, 'FAUZAN HUDAYATULLAH', 'PM', 'XII PM 2', '5005', '101', 'AKTIF'),
(2818101, 187022, 'FAUZIA SALMA HANIFAH', 'PM', 'XII PM 2', '5005', '101', 'AKTIF'),
(2819101, 187028, 'HEGI YULIO', 'PM', 'XII PM 2', '5005', '101', 'AKTIF'),
(2820101, 187033, 'IRENE NOPTIA ANINDITA', 'PM', 'XII PM 2', '5005', '101', 'AKTIF'),
(2821101, 187034, 'IVONNE LISDIANA', 'PM', 'XII PM 2', '5005', '101', 'AKTIF'),
(2822101, 187035, 'KENDI PRIATNO', 'PM', 'XII PM 2', '5005', '101', 'AKTIF'),
(2823101, 187038, 'MELVIS PERMANA', 'PM', 'XII PM 2', '5005', '101', 'AKTIF'),
(2824101, 187039, 'MOH. NOVAL SAIPULLOH', 'PM', 'XII PM 2', '5005', '101', 'AKTIF'),
(2825101, 187040, 'MOHAMMAD SODIK', 'PM', 'XII PM 2', '5005', '101', 'AKTIF'),
(2826101, 187041, 'MOHAMMAD VIQY ADRIAN', 'PM', 'XII PM 2', '5005', '101', 'AKTIF'),
(2827101, 187043, 'MUHAMAT SATRIO CAHYADI', 'PM', 'XII PM 2', '5005', '101', 'AKTIF'),
(2828101, 187044, 'MUHAMMAD ERLANGGA', 'PM', 'XII PM 2', '5005', '101', 'AKTIF'),
(2829101, 187046, 'Muhammad Iqbal Maulana', 'PM', 'XII PM 2', '5005', '101', 'AKTIF'),
(2830101, 187057, 'NURHALIM', 'PM', 'XII PM 2', '5005', '101', 'AKTIF'),
(2831101, 187058, 'PREMADI PRATAMA', 'PM', 'XII PM 2', '5005', '101', 'AKTIF'),
(2832101, 187059, 'PURWA AJI SEPTIANA', 'PM', 'XII PM 2', '5005', '101', 'AKTIF'),
(2833101, 187062, 'RAFLI ANANDA ANDY RIVAI', 'PM', 'XII PM 2', '5005', '101', 'AKTIF'),
(2834101, 187063, 'RAHMANIA ISNAINI', 'PM', 'XII PM 2', '5005', '101', 'AKTIF'),
(2835101, 187068, 'RIO BAGASKARA', 'PM', 'XII PM 2', '5005', '101', 'AKTIF'),
(2836101, 187072, 'SEPTISANI MARYANI', 'PM', 'XII PM 2', '5005', '101', 'AKTIF'),
(2837101, 187073, 'SIGIT ARYANTO', 'PM', 'XII PM 2', '5005', '101', 'AKTIF'),
(2838101, 187074, 'SITI MAISAROH', 'PM', 'XII PM 2', '5005', '101', 'AKTIF'),
(2839101, 187075, 'Umiyati', 'PM', 'XII PM 2', '5005', '101', 'AKTIF'),
(2840101, 187076, 'VIVIE NOVIYANA PUTRI', 'PM', 'XII PM 2', '5005', '101', 'AKTIF'),
(2841101, 187077, 'WAHYU SETIABUDI', 'PM', 'XII PM 2', '5005', '101', 'AKTIF'),
(2842101, 186909, 'AMELIA ROHAENI', 'MPLB', 'XII MPLB 1', '5005', '101', 'AKTIF'),
(2843101, 186910, 'ANGGI SURYANI', 'MPLB', 'XII MPLB 1', '5005', '101', 'AKTIF'),
(2844101, 186911, 'Annisa Oktaviani', 'MPLB', 'XII MPLB 1', '5005', '101', 'AKTIF'),
(2845101, 186912, 'ARTIKA DIVA TIANA', 'MPLB', 'XII MPLB 1', '5005', '101', 'AKTIF'),
(2846101, 186913, 'AULIA PUTRI', 'MPLB', 'XII MPLB 1', '5005', '101', 'AKTIF'),
(2847101, 186915, 'BELLA NURFARIDA', 'MPLB', 'XII MPLB 1', '5005', '101', 'AKTIF'),
(2848101, 186917, 'CRISTINA', 'MPLB', 'XII MPLB 1', '5005', '101', 'AKTIF'),
(2849101, 186918, 'DAMAYANTI', 'MPLB', 'XII MPLB 1', '5005', '101', 'AKTIF'),
(2850101, 186919, 'DELLA AMANDA FITRIANI', 'MPLB', 'XII MPLB 1', '5005', '101', 'AKTIF');
INSERT INTO `siswa` (`id_siswa`, `nis`, `nama_siswa`, `jurusan`, `kelas`, `group_kelas`, `tahun_ajaran`, `status`) VALUES
(2851101, 186920, 'DELLARAS PUTRI HERMAWATI', 'MPLB', 'XII MPLB 1', '5005', '101', 'AKTIF'),
(2852101, 186921, 'DESVITA AULIA WULAN', 'MPLB', 'XII MPLB 1', '5005', '101', 'AKTIF'),
(2853101, 186922, 'DHEA PARAMITA SUHANDI', 'MPLB', 'XII MPLB 1', '5005', '101', 'AKTIF'),
(2854101, 186923, 'DIAN PUSPITA SARI', 'MPLB', 'XII MPLB 1', '5005', '101', 'AKTIF'),
(2855101, 186924, 'DINA FATHIMATUZ ZAHRO', 'MPLB', 'XII MPLB 1', '5005', '101', 'AKTIF'),
(2856101, 186925, 'DWI YUNIARTI', 'MPLB', 'XII MPLB 1', '5005', '101', 'AKTIF'),
(2857101, 186926, 'EKA JULIANTI', 'MPLB', 'XII MPLB 1', '5005', '101', 'AKTIF'),
(2858101, 186928, 'ERFINA FIRDANI', 'MPLB', 'XII MPLB 1', '5005', '101', 'AKTIF'),
(2859101, 186929, 'ERIN WERDIANINGSIH', 'MPLB', 'XII MPLB 1', '5005', '101', 'AKTIF'),
(2860101, 186932, 'FITRI PURNAMASARI', 'MPLB', 'XII MPLB 1', '5005', '101', 'AKTIF'),
(2861101, 186934, 'GANIS RISKA SUKESIH', 'MPLB', 'XII MPLB 1', '5005', '101', 'AKTIF'),
(2862101, 186936, 'Helen Estepani', 'MPLB', 'XII MPLB 1', '5005', '101', 'AKTIF'),
(2863101, 186937, 'INDAH OCTAVIANI', 'MPLB', 'XII MPLB 1', '5005', '101', 'AKTIF'),
(2864101, 186938, 'INTAN MUHARROMAH', 'MPLB', 'XII MPLB 1', '5005', '101', 'AKTIF'),
(2865101, 186940, 'Juhri Permata Septiani', 'MPLB', 'XII MPLB 1', '5005', '101', 'AKTIF'),
(2866101, 186942, 'LUSI FEBRIANI', 'MPLB', 'XII MPLB 1', '5005', '101', 'AKTIF'),
(2867101, 186945, 'MELINDA NOVITASARI', 'MPLB', 'XII MPLB 1', '5005', '101', 'AKTIF'),
(2868101, 186946, 'MELLYANTI KIRANI', 'MPLB', 'XII MPLB 1', '5005', '101', 'AKTIF'),
(2869101, 186947, 'NABILA SHOBRIYAH', 'MPLB', 'XII MPLB 1', '5005', '101', 'AKTIF'),
(2870101, 186949, 'NAILAH WAFA KAMILAH', 'MPLB', 'XII MPLB 1', '5005', '101', 'AKTIF'),
(2871101, 186950, 'NIKEN AYU LESTARI', 'MPLB', 'XII MPLB 1', '5005', '101', 'AKTIF'),
(2872101, 186953, 'NURAFNI SETIAWANTI', 'MPLB', 'XII MPLB 1', '5005', '101', 'AKTIF'),
(2873101, 186954, 'NURISKA PUJAYANTI', 'MPLB', 'XII MPLB 1', '5005', '101', 'AKTIF'),
(2874101, 186955, 'NURUL MAI SAROH', 'MPLB', 'XII MPLB 1', '5005', '101', 'AKTIF'),
(2875101, 186958, 'PUTRI RAHMADANI', 'MPLB', 'XII MPLB 1', '5005', '101', 'AKTIF'),
(2876101, 186959, 'Putri Salsabila', 'MPLB', 'XII MPLB 1', '5005', '101', 'AKTIF'),
(2877101, 186964, 'RAHMAWATI', 'MPLB', 'XII MPLB 1', '5005', '101', 'AKTIF'),
(2878101, 186965, 'RANI', 'MPLB', 'XII MPLB 1', '5005', '101', 'AKTIF'),
(2879101, 186967, 'RIFDA SALSABIL', 'MPLB', 'XII MPLB 1', '5005', '101', 'AKTIF'),
(2880101, 186977, 'SELVI DIANA', 'MPLB', 'XII MPLB 1', '5005', '101', 'AKTIF'),
(2881101, 186983, 'SYAHARANI BAHRI PUTRI', 'MPLB', 'XII MPLB 1', '5005', '101', 'AKTIF'),
(2882101, 186984, 'TIA PERTIWI', 'MPLB', 'XII MPLB 1', '5005', '101', 'AKTIF'),
(2883101, 186989, 'WIDI ASTUTIK', 'MPLB', 'XII MPLB 1', '5005', '101', 'AKTIF'),
(2884101, 186808, 'AMANDA RERE BACHTIAR', 'MPLB', 'XII MPLB 2', '5005', '101', 'AKTIF'),
(2885101, 186914, 'AYU NING TYAS PUTRI', 'MPLB', 'XII MPLB 2', '5005', '101', 'AKTIF'),
(2886101, 186927, 'EKA ROSANTI', 'MPLB', 'XII MPLB 2', '5005', '101', 'AKTIF'),
(2887101, 186930, 'EVA HERAWATI', 'MPLB', 'XII MPLB 2', '5005', '101', 'AKTIF'),
(2888101, 186957, 'FEBIE PEBRIYANI', 'MPLB', 'XII MPLB 2', '5005', '101', 'AKTIF'),
(2889101, 186935, 'HABIBAH FITRIANI TOSI', 'MPLB', 'XII MPLB 2', '5005', '101', 'AKTIF'),
(2890101, 186939, 'Ira Syahrin', 'MPLB', 'XII MPLB 2', '5005', '101', 'AKTIF'),
(2891101, 186941, 'KHOIRUN NISA', 'MPLB', 'XII MPLB 2', '5005', '101', 'AKTIF'),
(2892101, 186943, 'MARINDA SALSA BILA', 'MPLB', 'XII MPLB 2', '5005', '101', 'AKTIF'),
(2893101, 186944, 'MAYA DAMAYANTI', 'MPLB', 'XII MPLB 2', '5005', '101', 'AKTIF'),
(2894101, 186948, 'NADYA RAHMA', 'MPLB', 'XII MPLB 2', '5005', '101', 'AKTIF'),
(2895101, 186951, 'Niken Sriyuliana', 'MPLB', 'XII MPLB 2', '5005', '101', 'AKTIF'),
(2896101, 186952, 'Nofitasari Asmiyati', 'MPLB', 'XII MPLB 2', '5005', '101', 'AKTIF'),
(2897101, 186960, 'PUTRI SEKAR HESTI', 'MPLB', 'XII MPLB 2', '5005', '101', 'AKTIF'),
(2898101, 186961, 'PUTRI WINDASARI', 'MPLB', 'XII MPLB 2', '5005', '101', 'AKTIF'),
(2899101, 186962, 'RAHMA AINI SHOLEHAH', 'MPLB', 'XII MPLB 2', '5005', '101', 'AKTIF'),
(2900101, 186963, 'RAHMA NOVIA PUTRI', 'MPLB', 'XII MPLB 2', '5005', '101', 'AKTIF'),
(2901101, 186966, 'RIA ANGGRAENI', 'MPLB', 'XII MPLB 2', '5005', '101', 'AKTIF'),
(2902101, 186968, 'RINI RAHMAWATI', 'MPLB', 'XII MPLB 2', '5005', '101', 'AKTIF'),
(2903101, 186969, 'Sabina Aulia Putri', 'MPLB', 'XII MPLB 2', '5005', '101', 'AKTIF'),
(2904101, 186970, 'SABRINA MAULIDA KUSUMA', 'MPLB', 'XII MPLB 2', '5005', '101', 'AKTIF'),
(2905101, 186971, 'SAFAATUL MUSLIMAH', 'MPLB', 'XII MPLB 2', '5005', '101', 'AKTIF'),
(2906101, 189672, 'SAFIRA PUTRI NABILLA PRAYUGA', 'MPLB', 'XII MPLB 2', '5005', '101', 'AKTIF'),
(2907101, 186974, 'SALSABILA ISNAINI PUTRI', 'MPLB', 'XII MPLB 2', '5005', '101', 'AKTIF'),
(2908101, 186973, 'SALSABILLA ANNISA', 'MPLB', 'XII MPLB 2', '5005', '101', 'AKTIF'),
(2909101, 186975, 'SAPNAH FITRIYANI', 'MPLB', 'XII MPLB 2', '5005', '101', 'AKTIF'),
(2910101, 186976, 'SELMA PUTRI SARI', 'MPLB', 'XII MPLB 2', '5005', '101', 'AKTIF'),
(2911101, 186978, 'SELVI UBEDILAH', 'MPLB', 'XII MPLB 2', '5005', '101', 'AKTIF'),
(2912101, 186979, 'SEPTI WIDIASTUTI', 'MPLB', 'XII MPLB 2', '5005', '101', 'AKTIF'),
(2913101, 186980, 'SHILFIA NUR FEBRIYANI', 'MPLB', 'XII MPLB 2', '5005', '101', 'AKTIF'),
(2914101, 186981, 'SITI DEWI SAPITRI', 'MPLB', 'XII MPLB 2', '5005', '101', 'AKTIF'),
(2915101, 187213, 'TARISA CASWINDI', 'MPLB', 'XII MPLB 2', '5005', '101', 'AKTIF'),
(2916101, 186985, 'VERONICA MURDIANTI', 'MPLB', 'XII MPLB 2', '5005', '101', 'AKTIF'),
(2917101, 186986, 'VINA NUR AISYAH', 'MPLB', 'XII MPLB 2', '5005', '101', 'AKTIF'),
(2918101, 186987, 'WAHYUNI', 'MPLB', 'XII MPLB 2', '5005', '101', 'AKTIF'),
(2919101, 186988, 'WANDA EKA PRADEVI', 'MPLB', 'XII MPLB 2', '5005', '101', 'AKTIF'),
(2920101, 186990, 'Widya Hertiningsih', 'MPLB', 'XII MPLB 2', '5005', '101', 'AKTIF'),
(2921101, 186992, 'WINDI SAKIRA', 'MPLB', 'XII MPLB 2', '5005', '101', 'AKTIF'),
(2922101, 186991, 'WINDY OKTAPIA', 'MPLB', 'XII MPLB 2', '5005', '101', 'AKTIF'),
(2923101, 186993, 'YASINTA IKA PRAMESTI', 'MPLB', 'XII MPLB 2', '5005', '101', 'AKTIF'),
(2924101, 186994, 'YOYOH SURYANTI', 'MPLB', 'XII MPLB 2', '5005', '101', 'AKTIF'),
(2925101, 187079, 'ABDUL ROIS DZULQARNAIN', 'TJKT', 'XII TJKT 1', '6006', '101', 'AKTIF'),
(2926101, 187082, 'ADITIYA SURYA PRAYOGA', 'TJKT', 'XII TJKT 1', '6006', '101', 'AKTIF'),
(2927101, 187081, 'ADITYA FERDINAND', 'TJKT', 'XII TJKT 1', '6006', '101', 'AKTIF'),
(2928101, 187083, 'ADRIAN GUNAWAN', 'TJKT', 'XII TJKT 1', '6006', '101', 'AKTIF'),
(2929101, 187084, 'ADYTYA MAULANA YUSUF', 'TJKT', 'XII TJKT 1', '6006', '101', 'AKTIF'),
(2930101, 187085, 'AHMAD ARDIKA', 'TJKT', 'XII TJKT 1', '6006', '101', 'AKTIF'),
(2931101, 187104, 'BIMA BUDIMULIA', 'TJKT', 'XII TJKT 1', '6006', '101', 'AKTIF'),
(2932101, 187106, 'DESI KHOMISATUL FITRI', 'TJKT', 'XII TJKT 1', '6006', '101', 'AKTIF'),
(2933101, 187107, 'DHARMA GUNAWAN', 'TJKT', 'XII TJKT 1', '6006', '101', 'AKTIF'),
(2934101, 187113, 'ELY FAUZIAH', 'TJKT', 'XII TJKT 1', '6006', '101', 'AKTIF'),
(2935101, 187114, 'FAQIH BAIHAKI', 'TJKT', 'XII TJKT 1', '6006', '101', 'AKTIF'),
(2936101, 187115, 'FEBRIANTO AJI ANDIKA', 'TJKT', 'XII TJKT 1', '6006', '101', 'AKTIF'),
(2937101, 187116, 'FIQRY FERDINAN NURHIDAYAT', 'TJKT', 'XII TJKT 1', '6006', '101', 'AKTIF'),
(2938101, 187118, 'GANANG DWI SAJIWO', 'TJKT', 'XII TJKT 1', '6006', '101', 'AKTIF'),
(2939101, 187119, 'GARY GARCIA', 'TJKT', 'XII TJKT 1', '6006', '101', 'AKTIF'),
(2940101, 187120, 'GAVIN SEAN SULIVAN', 'TJKT', 'XII TJKT 1', '6006', '101', 'AKTIF'),
(2941101, 187121, 'Ghalih Perwira Hutama', 'TJKT', 'XII TJKT 1', '6006', '101', 'AKTIF'),
(2942101, 187122, 'GILANG FAJAR RAMADHAN', 'TJKT', 'XII TJKT 1', '6006', '101', 'AKTIF'),
(2943101, 187143, 'MALVINO FAIZ RADITYA', 'TJKT', 'XII TJKT 1', '6006', '101', 'AKTIF'),
(2944101, 187148, 'MOCHAMAD BIMA', 'TJKT', 'XII TJKT 1', '6006', '101', 'AKTIF'),
(2945101, 187145, 'Muhamad Arip', 'TJKT', 'XII TJKT 1', '6006', '101', 'AKTIF'),
(2946101, 187151, 'MUHAMAD FARID', 'TJKT', 'XII TJKT 1', '6006', '101', 'AKTIF'),
(2947101, 187149, 'MUHAMMAD ELZA SYAH FAHLEVY', 'TJKT', 'XII TJKT 1', '6006', '101', 'AKTIF'),
(2948101, 187150, 'MUHAMMAD FACHRUL ZEIN', 'TJKT', 'XII TJKT 1', '6006', '101', 'AKTIF'),
(2949101, 187153, 'MUHAMMAD FATIH BUDIONO', 'TJKT', 'XII TJKT 1', '6006', '101', 'AKTIF'),
(2950101, 187154, 'MUHAMMAD FIKRI HADI PERMANA', 'TJKT', 'XII TJKT 1', '6006', '101', 'AKTIF'),
(2951101, 187155, 'MUHAMMAD FIQRI AWALUDIN', 'TJKT', 'XII TJKT 1', '6006', '101', 'AKTIF'),
(2952101, 187172, 'NAUFAL HIDAYAT', 'TJKT', 'XII TJKT 1', '6006', '101', 'AKTIF'),
(2953101, 187175, 'PUTU YOGA ADIPRATAMA', 'TJKT', 'XII TJKT 1', '6006', '101', 'AKTIF'),
(2954101, 187180, 'RENDY NASRIANTO', 'TJKT', 'XII TJKT 1', '6006', '101', 'AKTIF'),
(2955101, 187182, 'RIDHO GILANG PRATAMA', 'TJKT', 'XII TJKT 1', '6006', '101', 'AKTIF'),
(2956101, 187183, 'RIDO RIZKI SAPUTRA', 'TJKT', 'XII TJKT 1', '6006', '101', 'AKTIF'),
(2957101, 187184, 'Rido Setiawan', 'TJKT', 'XII TJKT 1', '6006', '101', 'AKTIF'),
(2958101, 187185, 'RIDZUAN OKTAVIAN SUSANTO', 'TJKT', 'XII TJKT 1', '6006', '101', 'AKTIF'),
(2959101, 187187, 'RIKHO SAHPUTRA', 'TJKT', 'XII TJKT 1', '6006', '101', 'AKTIF'),
(2960101, 187188, 'RIO JERYANSYAH', 'TJKT', 'XII TJKT 1', '6006', '101', 'AKTIF'),
(2961101, 187189, 'RIO KARISMA', 'TJKT', 'XII TJKT 1', '6006', '101', 'AKTIF'),
(2962101, 187190, 'RISQY DARMAWAN', 'TJKT', 'XII TJKT 1', '6006', '101', 'AKTIF'),
(2963101, 187191, 'RIZIEQ CHANDRA RIVALQI', 'TJKT', 'XII TJKT 1', '6006', '101', 'AKTIF'),
(2964101, 187197, 'SANDI JOANDRA', 'TJKT', 'XII TJKT 1', '6006', '101', 'AKTIF'),
(2965101, 187202, 'VERA ANGGRAENI', 'TJKT', 'XII TJKT 1', '6006', '101', 'AKTIF'),
(2966101, 187086, 'AHMAD DAEROJI', 'TJKT', 'XII TJKT 2', '6006', '101', 'AKTIF'),
(2967101, 187087, 'AHMAD ILHAM JAELANI', 'TJKT', 'XII TJKT 2', '6006', '101', 'AKTIF'),
(2968101, 187088, 'AHMAD RAMDANI', 'TJKT', 'XII TJKT 2', '6006', '101', 'AKTIF'),
(2969101, 187089, 'AHMAD SAHAL MAHFUD', 'TJKT', 'XII TJKT 2', '6006', '101', 'AKTIF'),
(2970101, 187090, 'AKBAR HANDOYO', 'TJKT', 'XII TJKT 2', '6006', '101', 'AKTIF'),
(2971101, 187091, 'ALDI AL VRYANDI', 'TJKT', 'XII TJKT 2', '6006', '101', 'AKTIF'),
(2972101, 187092, 'ALDI DARMAWAN', 'TJKT', 'XII TJKT 2', '6006', '101', 'AKTIF'),
(2973101, 187103, 'BAYU INDRA PRATAMA', 'TJKT', 'XII TJKT 2', '6006', '101', 'AKTIF'),
(2974101, 187108, 'DHENI RAMADHAN', 'TJKT', 'XII TJKT 2', '6006', '101', 'AKTIF'),
(2975101, 187117, 'GALIH GUNAWAN', 'TJKT', 'XII TJKT 2', '6006', '101', 'AKTIF'),
(2976101, 187123, 'GUNTUR', 'TJKT', 'XII TJKT 2', '6006', '101', 'AKTIF'),
(2977101, 187124, 'GUS MAULANA', 'TJKT', 'XII TJKT 2', '6006', '101', 'AKTIF'),
(2978101, 187125, 'GYANT LUHMA WIRA YUDHA', 'TJKT', 'XII TJKT 2', '6006', '101', 'AKTIF'),
(2979101, 187126, 'HADIS HANDIKA HAYA', 'TJKT', 'XII TJKT 2', '6006', '101', 'AKTIF'),
(2980101, 187127, 'HESTY NURAINI', 'TJKT', 'XII TJKT 2', '6006', '101', 'AKTIF'),
(2981101, 187128, 'IKMAL IHSAN FADILLAH', 'TJKT', 'XII TJKT 2', '6006', '101', 'AKTIF'),
(2982101, 187129, 'ILBI NURFAHRI', 'TJKT', 'XII TJKT 2', '6006', '101', 'AKTIF'),
(2983101, 187130, 'IQBAL FIRMANSYAH', 'TJKT', 'XII TJKT 2', '6006', '101', 'AKTIF'),
(2984101, 187132, 'IRMA NIRMALASARI', 'TJKT', 'XII TJKT 2', '6006', '101', 'AKTIF'),
(2985101, 187140, 'Lefiansya', 'TJKT', 'XII TJKT 2', '6006', '101', 'AKTIF'),
(2986101, 187156, 'Muchamad Iqbal Gimastian', 'TJKT', 'XII TJKT 2', '6006', '101', 'AKTIF'),
(2987101, 187160, 'MUHAMAD RAFDI AL WAFI', 'TJKT', 'XII TJKT 2', '6006', '101', 'AKTIF'),
(2988101, 187167, 'MUHAMAD RIDHO MAULANA', 'TJKT', 'XII TJKT 2', '6006', '101', 'AKTIF'),
(2989101, 187157, 'MUHAMMAD JERRY AL MIRAJ', 'TJKT', 'XII TJKT 2', '6006', '101', 'AKTIF'),
(2990101, 187158, 'MUHAMMAD MALIKI IVAN FADILLAH', 'TJKT', 'XII TJKT 2', '6006', '101', 'AKTIF'),
(2991101, 187161, 'MUHAMMAD RAFI FERDIAZ', 'TJKT', 'XII TJKT 2', '6006', '101', 'AKTIF'),
(2992101, 187162, 'MUHAMMAD RAFLI', 'TJKT', 'XII TJKT 2', '6006', '101', 'AKTIF'),
(2993101, 187163, 'MUHAMMAD RAIHAN', 'TJKT', 'XII TJKT 2', '6006', '101', 'AKTIF'),
(2994101, 187165, 'MUHAMMAD RENDI', 'TJKT', 'XII TJKT 2', '6006', '101', 'AKTIF'),
(2995101, 187166, 'MUHAMMAD REZA PRATAMA', 'TJKT', 'XII TJKT 2', '6006', '101', 'AKTIF'),
(2996101, 187178, 'RAFLIANDY PAKSY RAHARJO', 'TJKT', 'XII TJKT 2', '6006', '101', 'AKTIF'),
(2997101, 187192, 'RIZKI SURYANTO', 'TJKT', 'XII TJKT 2', '6006', '101', 'AKTIF'),
(2998101, 187193, 'RIZKY ADE IRAWAN', 'TJKT', 'XII TJKT 2', '6006', '101', 'AKTIF'),
(2999101, 187194, 'SAHRUL ANWAR', 'TJKT', 'XII TJKT 2', '6006', '101', 'AKTIF'),
(3000101, 187195, 'SALMAN AL BANA', 'TJKT', 'XII TJKT 2', '6006', '101', 'AKTIF'),
(3001101, 187196, 'SALSABILA PUTRI', 'TJKT', 'XII TJKT 2', '6006', '101', 'AKTIF'),
(3002101, 187198, 'SONI ALFIAN', 'TJKT', 'XII TJKT 2', '6006', '101', 'AKTIF'),
(3003101, 187200, 'TEGUH ADITIYO NUGROHO', 'TJKT', 'XII TJKT 2', '6006', '101', 'AKTIF'),
(3004101, 187201, 'TRI FANDI JUNIOR', 'TJKT', 'XII TJKT 2', '6006', '101', 'AKTIF'),
(3005101, 187203, 'VICKY ARDIANSYAH', 'TJKT', 'XII TJKT 2', '6006', '101', 'AKTIF'),
(3006101, 187204, 'WAHYU ANGGARA PUTRA', 'TJKT', 'XII TJKT 2', '6006', '101', 'AKTIF'),
(3007101, 187093, 'AMIR', 'TJKT', 'XII TJKT 3', '6006', '101', 'AKTIF'),
(3008101, 187094, 'ANDIKA AGASTA', 'TJKT', 'XII TJKT 3', '6006', '101', 'AKTIF'),
(3009101, 187095, 'ANDJAS SETIAWAN', 'TJKT', 'XII TJKT 3', '6006', '101', 'AKTIF'),
(3010101, 187096, 'ANDRE', 'TJKT', 'XII TJKT 3', '6006', '101', 'AKTIF'),
(3011101, 187097, 'ANDREAN MERDIANSAH', 'TJKT', 'XII TJKT 3', '6006', '101', 'AKTIF'),
(3012101, 187098, 'ANDRI WIDIYATMOKO', 'TJKT', 'XII TJKT 3', '6006', '101', 'AKTIF'),
(3013101, 187099, 'ANDY SAPUTRA', 'TJKT', 'XII TJKT 3', '6006', '101', 'AKTIF'),
(3014101, 187100, 'APIN SAPUTRA WIJAYA', 'TJKT', 'XII TJKT 3', '6006', '101', 'AKTIF'),
(3015101, 187101, 'BAGUS SETO', 'TJKT', 'XII TJKT 3', '6006', '101', 'AKTIF'),
(3016101, 187109, 'DICKY SATYA EKAPRAMUNDA', 'TJKT', 'XII TJKT 3', '6006', '101', 'AKTIF'),
(3017101, 187110, 'DIMAS PERMANA', 'TJKT', 'XII TJKT 3', '6006', '101', 'AKTIF'),
(3018101, 187112, 'ELANG AGUSTIAN SAPUTRA', 'TJKT', 'XII TJKT 3', '6006', '101', 'AKTIF'),
(3019101, 187134, 'JONASDA', 'TJKT', 'XII TJKT 3', '6006', '101', 'AKTIF'),
(3020101, 187135, 'KEINDRAN ALVIANO ARUDHISKARA', 'TJKT', 'XII TJKT 3', '6006', '101', 'AKTIF'),
(3021101, 187136, 'KHOLIFAH ADAWIYAH', 'TJKT', 'XII TJKT 3', '6006', '101', 'AKTIF'),
(3022101, 187137, 'KHRISNA WAHYU SATRIA', 'TJKT', 'XII TJKT 3', '6006', '101', 'AKTIF'),
(3023101, 187138, 'KRISNA WAHYU PRATAMA', 'TJKT', 'XII TJKT 3', '6006', '101', 'AKTIF'),
(3024101, 187139, 'KURNIA AR RAHMAN', 'TJKT', 'XII TJKT 3', '6006', '101', 'AKTIF'),
(3025101, 187141, 'Lukman Bahri', 'TJKT', 'XII TJKT 3', '6006', '101', 'AKTIF'),
(3026101, 187142, 'MADE KUSUMA WARDHANI', 'TJKT', 'XII TJKT 3', '6006', '101', 'AKTIF'),
(3027101, 187171, 'MUHAMAD ZIDAN ALDIANSYAH', 'TJKT', 'XII TJKT 3', '6006', '101', 'AKTIF'),
(3028101, 187144, 'MUHAMMAD AKBAR ARIF', 'TJKT', 'XII TJKT 3', '6006', '101', 'AKTIF'),
(3029101, 187146, 'MUHAMMAD ARIQ ATHALLAH', 'TJKT', 'XII TJKT 3', '6006', '101', 'AKTIF'),
(3030101, 187147, 'Muhammad Bayu Saputra', 'TJKT', 'XII TJKT 3', '6006', '101', 'AKTIF'),
(3031101, 187164, 'MUHAMMAD RAIHAN', 'TJKT', 'XII TJKT 3', '6006', '101', 'AKTIF'),
(3032101, 187168, 'MUHAMMAD RIZKY AULIA', 'TJKT', 'XII TJKT 3', '6006', '101', 'AKTIF'),
(3033101, 187169, 'MUHAMMAD SAUQI ILHAM', 'TJKT', 'XII TJKT 3', '6006', '101', 'AKTIF'),
(3034101, 187170, 'MUHAMMAD YUSRIL IZZA SAPUTRA', 'TJKT', 'XII TJKT 3', '6006', '101', 'AKTIF'),
(3035101, 187173, 'NAVIZUL AL HAFIDZ DZIKRIN', 'TJKT', 'XII TJKT 3', '6006', '101', 'AKTIF'),
(3036101, 187174, 'OKTARIVANI', 'TJKT', 'XII TJKT 3', '6006', '101', 'AKTIF'),
(3037101, 187176, 'Raffi Aprishal', 'TJKT', 'XII TJKT 3', '6006', '101', 'AKTIF'),
(3038101, 187177, 'RAFIF SYARI HIDAYAH', 'TJKT', 'XII TJKT 3', '6006', '101', 'AKTIF'),
(3039101, 187179, 'RENDI WIJAYA', 'TJKT', 'XII TJKT 3', '6006', '101', 'AKTIF'),
(3040101, 187181, 'REVANZA IQBAL HAKIM', 'TJKT', 'XII TJKT 3', '6006', '101', 'AKTIF'),
(3041101, 187186, 'RIFAN NIUS ARRAHMAN', 'TJKT', 'XII TJKT 3', '6006', '101', 'AKTIF'),
(3042101, 187199, 'TAUFIK HIDAYAT', 'TJKT', 'XII TJKT 3', '6006', '101', 'AKTIF'),
(3043101, 187205, 'WANDA AYU WARDHANI', 'TJKT', 'XII TJKT 3', '6006', '101', 'AKTIF'),
(3044101, 187207, 'YOHAN CAHYADI', 'TJKT', 'XII TJKT 3', '6006', '101', 'AKTIF'),
(3045101, 187208, 'YOSHA SATRIA', 'TJKT', 'XII TJKT 3', '6006', '101', 'AKTIF'),
(3046101, 187209, 'YUSUF ADITYAS PRATAMA', 'TJKT', 'XII TJKT 3', '6006', '101', 'AKTIF'),
(3047303, 303229, 'AGUS SALIM', 'AKL', 'X AKL 1', '1001', '303', 'AKTIF'),
(3048303, 303230, 'AMILLIA RUSDYANTO', 'AKL', 'X AKL 1', '1001', '303', 'AKTIF'),
(3049303, 303231, 'AWALLUDIN RAHMAN', 'AKL', 'X AKL 1', '1001', '303', 'AKTIF'),
(3050303, 303232, 'AYU EKA LESTARI', 'AKL', 'X AKL 1', '1001', '303', 'AKTIF'),
(3051303, 303233, 'BRILIAN DENISTIO', 'AKL', 'X AKL 1', '1001', '303', 'AKTIF'),
(3052303, 303234, 'CANAYYA AZKA NOVERA', 'AKL', 'X AKL 1', '1001', '303', 'AKTIF'),
(3053303, 303235, 'CLARISA NATA NIA', 'AKL', 'X AKL 1', '1001', '303', 'AKTIF'),
(3054303, 303236, 'DAHLYA', 'AKL', 'X AKL 1', '1001', '303', 'AKTIF'),
(3055303, 303237, 'DANIEL FERDINAN', 'AKL', 'X AKL 1', '1001', '303', 'AKTIF'),
(3056303, 303238, 'DESTA NUR SETIAWAN PRATAMA', 'AKL', 'X AKL 1', '1001', '303', 'AKTIF'),
(3057303, 303239, 'DESVIANTI ANANDA', 'AKL', 'X AKL 1', '1001', '303', 'AKTIF'),
(3058303, 303240, 'DZULFIKAR', 'AKL', 'X AKL 1', '1001', '303', 'AKTIF'),
(3059303, 303241, 'EFATHA APRELIA ZAI', 'AKL', 'X AKL 1', '1001', '303', 'AKTIF'),
(3060303, 303242, 'ERRICA MERLIAN HIDAYAT', 'AKL', 'X AKL 1', '1001', '303', 'AKTIF'),
(3061303, 303243, 'FAHRAN ABIMANYU', 'AKL', 'X AKL 1', '1001', '303', 'AKTIF'),
(3062303, 303244, 'HANUNG MAHARANI', 'AKL', 'X AKL 1', '1001', '303', 'AKTIF'),
(3063303, 303245, 'INAYAH SALSABILAH ', 'AKL', 'X AKL 1', '1001', '303', 'AKTIF'),
(3064303, 303246, 'IQBAL NUL IKHWAN', 'AKL', 'X AKL 1', '1001', '303', 'AKTIF'),
(3065303, 303247, 'JULIAN ALFIUS ', 'AKL', 'X AKL 1', '1001', '303', 'AKTIF'),
(3066303, 303248, 'JULIUS CHRISTIAN HUTABARAT', 'AKL', 'X AKL 1', '1001', '303', 'AKTIF'),
(3067303, 303249, 'KINANTI AULIA', 'AKL', 'X AKL 1', '1001', '303', 'AKTIF'),
(3068303, 303250, 'LEHA', 'AKL', 'X AKL 1', '1001', '303', 'AKTIF'),
(3069303, 303251, 'MARDIANA', 'AKL', 'X AKL 1', '1001', '303', 'AKTIF'),
(3070303, 303252, 'MEDITA LESTARI SUKMA', 'AKL', 'X AKL 1', '1001', '303', 'AKTIF'),
(3071303, 303253, 'MELI MERLIYANTI', 'AKL', 'X AKL 1', '1001', '303', 'AKTIF'),
(3072303, 303254, 'MONICA SARI DEVI', 'AKL', 'X AKL 1', '1001', '303', 'AKTIF'),
(3073303, 303255, 'NABIL RAMDANI', 'AKL', 'X AKL 1', '1001', '303', 'AKTIF'),
(3074303, 303256, 'NABILA PUTRI WINANTO', 'AKL', 'X AKL 1', '1001', '303', 'AKTIF'),
(3075303, 303257, 'NAJLA KEYRA TANTRI', 'AKL', 'X AKL 1', '1001', '303', 'AKTIF'),
(3076303, 303258, 'NANDA ARYA PUTRA', 'AKL', 'X AKL 1', '1001', '303', 'AKTIF'),
(3077303, 303259, 'NAURA LUTFIAH RAHMADINA', 'AKL', 'X AKL 1', '1001', '303', 'AKTIF'),
(3078303, 303260, 'PURWANTI', 'AKL', 'X AKL 1', '1001', '303', 'AKTIF'),
(3079303, 303261, 'RAFI DWI FEBIAN', 'AKL', 'X AKL 1', '1001', '303', 'AKTIF'),
(3080303, 303262, 'RATU SAILA SIMA', 'AKL', 'X AKL 1', '1001', '303', 'AKTIF'),
(3081303, 303263, 'RENZEL RESIA SUSMANA', 'AKL', 'X AKL 1', '1001', '303', 'AKTIF'),
(3082303, 303264, 'RIVALDI HOERUDIN', 'AKL', 'X AKL 1', '1001', '303', 'AKTIF'),
(3083303, 303265, 'RIZKY ALFIAN', 'AKL', 'X AKL 1', '1001', '303', 'AKTIF'),
(3084303, 303266, 'SELA AMALIAH', 'AKL', 'X AKL 1', '1001', '303', 'AKTIF'),
(3085303, 303267, 'SHOLEH MARWIDIKA', 'AKL', 'X AKL 1', '1001', '303', 'AKTIF'),
(3086303, 303268, 'TASYA MARIMBI', 'AKL', 'X AKL 1', '1001', '303', 'AKTIF'),
(3087303, 303269, 'TATIA NUR APRIYANI', 'AKL', 'X AKL 1', '1001', '303', 'AKTIF'),
(3088303, 303270, 'TILAR MIFTAKHUL JANAH', 'AKL', 'X AKL 1', '1001', '303', 'AKTIF'),
(3089303, 303271, 'VINA KHOERUN NISA', 'AKL', 'X AKL 1', '1001', '303', 'AKTIF'),
(3090303, 303272, 'YARA FATHIA ARDANY', 'AKL', 'X AKL 1', '1001', '303', 'AKTIF'),
(3091303, 303273, 'ADINDA ALYA DWI ANGGRAENI', 'AKL', 'X AKL 2', '1001', '303', 'AKTIF'),
(3092303, 303274, 'AGUNG ARBIANSYAH', 'AKL', 'X AKL 2', '1001', '303', 'AKTIF'),
(3093303, 303275, 'AKHMELIA CITRA BUDIYANTI', 'AKL', 'X AKL 2', '1001', '303', 'AKTIF'),
(3094303, 303276, 'ALFIN KHOIRUL WILDAN ', 'AKL', 'X AKL 2', '1001', '303', 'AKTIF'),
(3095303, 303277, 'ALISA HILDA APRILIA', 'AKL', 'X AKL 2', '1001', '303', 'AKTIF'),
(3096303, 303278, 'ALVI NURMALA. D.W', 'AKL', 'X AKL 2', '1001', '303', 'AKTIF'),
(3097303, 303279, 'AMIRA KANZA DESLIA', 'AKL', 'X AKL 2', '1001', '303', 'AKTIF'),
(3098303, 303280, 'ANI', 'AKL', 'X AKL 2', '1001', '303', 'AKTIF'),
(3099303, 303281, 'ANNISA', 'AKL', 'X AKL 2', '1001', '303', 'AKTIF'),
(3100303, 303282, 'AULIA FITRIANI', 'AKL', 'X AKL 2', '1001', '303', 'AKTIF'),
(3101303, 303283, 'AYU NIA SARAH', 'AKL', 'X AKL 2', '1001', '303', 'AKTIF'),
(3102303, 303284, 'DILA AYU LESTARI', 'AKL', 'X AKL 2', '1001', '303', 'AKTIF'),
(3103303, 303285, 'DITA VIA ANGGRAENI', 'AKL', 'X AKL 2', '1001', '303', 'AKTIF'),
(3104303, 303286, 'EKO PRASETYO', 'AKL', 'X AKL 2', '1001', '303', 'AKTIF'),
(3105303, 303287, 'ERVAN HIDAYAT ', 'AKL', 'X AKL 2', '1001', '303', 'AKTIF'),
(3106303, 303288, 'FRASTIO', 'AKL', 'X AKL 2', '1001', '303', 'AKTIF'),
(3107303, 303289, 'GALANG RIZKI ANUGRAH', 'AKL', 'X AKL 2', '1001', '303', 'AKTIF'),
(3108303, 303290, 'HARMELIA NAISA PUTRI', 'AKL', 'X AKL 2', '1001', '303', 'AKTIF'),
(3109303, 303291, 'IQBAL PERMANA', 'AKL', 'X AKL 2', '1001', '303', 'AKTIF'),
(3110303, 303292, 'JEFRI GIOVANIE', 'AKL', 'X AKL 2', '1001', '303', 'AKTIF'),
(3111303, 303293, 'KAYLA PUTRI AGUSTIN', 'AKL', 'X AKL 2', '1001', '303', 'AKTIF'),
(3112303, 303294, 'KEYZIA SYAFFA ADHILA', 'AKL', 'X AKL 2', '1001', '303', 'AKTIF'),
(3113303, 303295, 'MEIFRIZA DWI PUTRA', 'AKL', 'X AKL 2', '1001', '303', 'AKTIF'),
(3114303, 303296, 'MOHAMAD RIZKY ALBIANSYAH', 'AKL', 'X AKL 2', '1001', '303', 'AKTIF'),
(3115303, 303297, 'MUHAMAD ILHAM', 'AKL', 'X AKL 2', '1001', '303', 'AKTIF'),
(3116303, 303298, 'MUHAMMAD FAUZI ABDUL ROHIM', 'AKL', 'X AKL 2', '1001', '303', 'AKTIF'),
(3117303, 303299, 'NABILA AL ZAHRA', 'AKL', 'X AKL 2', '1001', '303', 'AKTIF'),
(3118303, 303300, 'NOVRIA NAYLA ZAHRA', 'AKL', 'X AKL 2', '1001', '303', 'AKTIF'),
(3119303, 303301, 'RENA PUJI LESTARI ', 'AKL', 'X AKL 2', '1001', '303', 'AKTIF'),
(3120303, 303302, 'REVA AGIS ADELLIA', 'AKL', 'X AKL 2', '1001', '303', 'AKTIF'),
(3121303, 303303, 'RIZKY WIJAYA ', 'AKL', 'X AKL 2', '1001', '303', 'AKTIF'),
(3122303, 303304, 'RIZQI AMANDA', 'AKL', 'X AKL 2', '1001', '303', 'AKTIF'),
(3123303, 303305, 'RYFAN ALAMSYAH', 'AKL', 'X AKL 2', '1001', '303', 'AKTIF'),
(3124303, 303306, 'SERINA AMELIA PUTRI', 'AKL', 'X AKL 2', '1001', '303', 'AKTIF'),
(3125303, 303307, 'SITI NUR FADILAH', 'AKL', 'X AKL 2', '1001', '303', 'AKTIF'),
(3126303, 303308, 'SOFHIA AROFAH', 'AKL', 'X AKL 2', '1001', '303', 'AKTIF'),
(3127303, 303309, 'SUSI LESTARI LESTIA DEWI', 'AKL', 'X AKL 2', '1001', '303', 'AKTIF'),
(3128303, 303310, 'TAUFIK SAPUTRA', 'AKL', 'X AKL 2', '1001', '303', 'AKTIF'),
(3129303, 303311, 'TUBAGUS UBAIDILLAH FAJRIN', 'AKL', 'X AKL 2', '1001', '303', 'AKTIF'),
(3130303, 303312, 'VANIA EKA MELIA', 'AKL', 'X AKL 2', '1001', '303', 'AKTIF'),
(3131303, 303313, 'VIRLA DWI ARIYANTI', 'AKL', 'X AKL 2', '1001', '303', 'AKTIF'),
(3132303, 303314, 'WIDI ANJARWATI', 'AKL', 'X AKL 2', '1001', '303', 'AKTIF'),
(3133303, 303315, 'WIDIYA NINGSIH', 'AKL', 'X AKL 2', '1001', '303', 'AKTIF'),
(3134303, 303316, 'YUNNI TRIBUANA TUNGGADEWI', 'AKL', 'X AKL 2', '1001', '303', 'AKTIF'),
(3135303, 303317, 'AIRIN', 'PM', 'X PM 1', '1001', '303', 'AKTIF'),
(3136303, 303318, 'ANGGI SIAGIAN', 'PM', 'X PM 1', '1001', '303', 'AKTIF'),
(3137303, 303319, 'AURA ADREZY SUPRIYADI', 'PM', 'X PM 1', '1001', '303', 'AKTIF'),
(3138303, 303320, 'AURA KAYLLA PUTRI', 'PM', 'X PM 1', '1001', '303', 'AKTIF'),
(3139303, 303321, 'BOBBY BARUNA', 'PM', 'X PM 1', '1001', '303', 'AKTIF'),
(3140303, 303322, 'CIPTO ALDI PRAMANA', 'PM', 'X PM 1', '1001', '303', 'AKTIF'),
(3141303, 303323, 'DAVIQ KHALIK', 'PM', 'X PM 1', '1001', '303', 'AKTIF'),
(3142303, 303324, 'DIAH KOMALA SARI', 'PM', 'X PM 1', '1001', '303', 'AKTIF'),
(3143303, 303325, 'DIANA PUTRI ', 'PM', 'X PM 1', '1001', '303', 'AKTIF'),
(3144303, 303326, 'ENGGAR NANDA SAPUTRA', 'PM', 'X PM 1', '1001', '303', 'AKTIF'),
(3145303, 303327, 'EVI FEBRIYANI', 'PM', 'X PM 1', '1001', '303', 'AKTIF'),
(3146303, 303328, 'FAUZAN JABAHNUR', 'PM', 'X PM 1', '1001', '303', 'AKTIF'),
(3147303, 303329, 'FAUZI GHOZALI', 'PM', 'X PM 1', '1001', '303', 'AKTIF'),
(3148303, 303330, 'FITRI ANDRIYANI', 'PM', 'X PM 1', '1001', '303', 'AKTIF'),
(3149303, 303331, 'FRISCA ANGGITA RAHMADINA', 'PM', 'X PM 1', '1001', '303', 'AKTIF'),
(3150303, 303332, 'FRISINTA EGI AHFATUROHMAH', 'PM', 'X PM 1', '1001', '303', 'AKTIF'),
(3151303, 303333, 'GALANG RAMADHAN', 'PM', 'X PM 1', '1001', '303', 'AKTIF'),
(3152303, 303334, 'JEYAN SABILLI', 'PM', 'X PM 1', '1001', '303', 'AKTIF'),
(3153303, 303335, 'M. RAFLI ANDIKA', 'PM', 'X PM 1', '1001', '303', 'AKTIF'),
(3154303, 303336, 'MISEL MONIKA FEYBIOLA', 'PM', 'X PM 1', '1001', '303', 'AKTIF'),
(3155303, 303337, 'MOHAMMAD RIF\'AN KHOLILI', 'PM', 'X PM 1', '1001', '303', 'AKTIF'),
(3156303, 303338, 'MUHAMAD AZIZ AL BUKHORY', 'PM', 'X PM 1', '1001', '303', 'AKTIF'),
(3157303, 303339, 'MUHAMAD ILMAN ZIDNI', 'PM', 'X PM 1', '1001', '303', 'AKTIF'),
(3158303, 303340, 'MUHAMMAD HAQQIN NAZILI', 'PM', 'X PM 1', '1001', '303', 'AKTIF'),
(3159303, 303341, 'MUHAMMAD RASYA', 'PM', 'X PM 1', '1001', '303', 'AKTIF'),
(3160303, 303342, 'MUHAMMAD RIDWAN ', 'PM', 'X PM 1', '1001', '303', 'AKTIF'),
(3161303, 303343, 'NADIA SANDRA PRATIWI', 'PM', 'X PM 1', '1001', '303', 'AKTIF'),
(3162303, 303344, 'NEIVIELL OLIVIA TJONG', 'PM', 'X PM 1', '1001', '303', 'AKTIF'),
(3163303, 303345, 'NETI PRIYANA', 'PM', 'X PM 1', '1001', '303', 'AKTIF'),
(3164303, 303346, 'NEYSAH DHEA PUTRI', 'PM', 'X PM 1', '1001', '303', 'AKTIF'),
(3165303, 303347, 'NICKOLAUS SAPUTRA', 'PM', 'X PM 1', '1001', '303', 'AKTIF'),
(3166303, 303348, 'NOVA RIANSAH', 'PM', 'X PM 1', '1001', '303', 'AKTIF'),
(3167303, 303349, 'NURUL MULYANI', 'PM', 'X PM 1', '1001', '303', 'AKTIF'),
(3168303, 303350, 'PUTRI NIANSYAH HANDAYANI', 'PM', 'X PM 1', '1001', '303', 'AKTIF'),
(3169303, 303351, 'RAHAYU NOVITA SARI', 'PM', 'X PM 1', '1001', '303', 'AKTIF'),
(3170303, 303352, 'RIFQI MAYZA DWI SAPUTRA', 'PM', 'X PM 1', '1001', '303', 'AKTIF'),
(3171303, 303353, 'RISKI', 'PM', 'X PM 1', '1001', '303', 'AKTIF'),
(3172303, 303354, 'RODEMA OKTAVIA', 'PM', 'X PM 1', '1001', '303', 'AKTIF'),
(3173303, 303355, 'ROMLAH SULISTIOWATI', 'PM', 'X PM 1', '1001', '303', 'AKTIF'),
(3174303, 303356, 'SAHRUL ARIPIN', 'PM', 'X PM 1', '1001', '303', 'AKTIF'),
(3175303, 303357, 'SENDY EKA FAJRIANSYAH', 'PM', 'X PM 1', '1001', '303', 'AKTIF'),
(3176303, 303358, 'SUCI RAHMA WATI', 'PM', 'X PM 1', '1001', '303', 'AKTIF'),
(3177303, 303359, 'YUDHA ADI WIJAYA', 'PM', 'X PM 1', '1001', '303', 'AKTIF'),
(3178303, 303360, 'ZAKY RADITYA SUSANTA', 'PM', 'X PM 1', '1001', '303', 'AKTIF'),
(3179303, 303361, 'ADINDA BUNGA LESTARI', 'MPLB', 'X MPLB 1', '1001', '303', 'AKTIF'),
(3180303, 303362, 'ALISYA MERIYANTI', 'MPLB', 'X MPLB 1', '1001', '303', 'AKTIF'),
(3181303, 303363, 'ANANDA CINTHYA CLARA ARITONANG', 'MPLB', 'X MPLB 1', '1001', '303', 'AKTIF'),
(3182303, 303364, 'ANISSA AL - KHOIRIYAH', 'MPLB', 'X MPLB 1', '1001', '303', 'AKTIF'),
(3183303, 303365, 'AZ-ZAHRA NUR AZIZAH SYAHRANI', 'MPLB', 'X MPLB 1', '1001', '303', 'AKTIF'),
(3184303, 303366, 'CARLA FERNANDA PUTRI', 'MPLB', 'X MPLB 1', '1001', '303', 'AKTIF'),
(3185303, 303367, 'CHATARINA OCTHA PUTRYANI DEYO', 'MPLB', 'X MPLB 1', '1001', '303', 'AKTIF'),
(3186303, 303368, 'CHATRIN VEXIA', 'MPLB', 'X MPLB 1', '1001', '303', 'AKTIF'),
(3187303, 303369, 'CHESYA TRYASA PUTRY', 'MPLB', 'X MPLB 1', '1001', '303', 'AKTIF'),
(3188303, 303370, 'DEVI RISFA DAMIYANTI ATONIS', 'MPLB', 'X MPLB 1', '1001', '303', 'AKTIF'),
(3189303, 303371, 'DHEA DWI ARYANI', 'MPLB', 'X MPLB 1', '1001', '303', 'AKTIF'),
(3190303, 303372, 'EKA SEPTI WULANDARI', 'MPLB', 'X MPLB 1', '1001', '303', 'AKTIF'),
(3191303, 303373, 'ELLEN EVELYN ALDEA', 'MPLB', 'X MPLB 1', '1001', '303', 'AKTIF'),
(3192303, 303374, 'EUIS MARYANTI', 'MPLB', 'X MPLB 1', '1001', '303', 'AKTIF'),
(3193303, 303375, 'FEBBY PRAMONO', 'MPLB', 'X MPLB 1', '1001', '303', 'AKTIF'),
(3194303, 303376, 'FIVEILIKA CANDRA SARI', 'MPLB', 'X MPLB 1', '1001', '303', 'AKTIF'),
(3195303, 303377, 'HARTINI', 'MPLB', 'X MPLB 1', '1001', '303', 'AKTIF'),
(3196303, 303378, 'IKA WULANDARI', 'MPLB', 'X MPLB 1', '1001', '303', 'AKTIF'),
(3197303, 303379, 'JELITA AURELIA', 'MPLB', 'X MPLB 1', '1001', '303', 'AKTIF'),
(3198303, 303380, 'JUWITA HERLINA KABNANI', 'MPLB', 'X MPLB 1', '1001', '303', 'AKTIF'),
(3199303, 303381, 'KAMILAH NURSEHA', 'MPLB', 'X MPLB 1', '1001', '303', 'AKTIF'),
(3200303, 303382, 'KAYLA RAHMADINI', 'MPLB', 'X MPLB 1', '1001', '303', 'AKTIF'),
(3201303, 303383, 'KOMALA SARI', 'MPLB', 'X MPLB 1', '1001', '303', 'AKTIF'),
(3202303, 303384, 'LAELI SYIFA AYU NURINSANI', 'MPLB', 'X MPLB 1', '1001', '303', 'AKTIF'),
(3203303, 303385, 'LUDIANA FEBRIANI', 'MPLB', 'X MPLB 1', '1001', '303', 'AKTIF'),
(3204303, 303386, 'MARIA KARMELIN TADA WAWIN', 'MPLB', 'X MPLB 1', '1001', '303', 'AKTIF'),
(3205303, 303387, 'MAULIDYAH SYAM', 'MPLB', 'X MPLB 1', '1001', '303', 'AKTIF'),
(3206303, 303388, 'NADYAH AYU KUSUMAWATI', 'MPLB', 'X MPLB 1', '1001', '303', 'AKTIF'),
(3207303, 303389, 'NAGITA JUANISAH', 'MPLB', 'X MPLB 1', '1001', '303', 'AKTIF'),
(3208303, 303390, 'NAZWA ERSALIA PUTRI', 'MPLB', 'X MPLB 1', '1001', '303', 'AKTIF'),
(3209303, 303391, 'NOVA ARYANI BASTIAN', 'MPLB', 'X MPLB 1', '1001', '303', 'AKTIF'),
(3210303, 303392, 'NUR AINI AFRIDA', 'MPLB', 'X MPLB 1', '1001', '303', 'AKTIF'),
(3211303, 303393, 'NUR FITRIAH RAMADHANI', 'MPLB', 'X MPLB 1', '1001', '303', 'AKTIF'),
(3212303, 303394, 'PERMATA AYUDIA', 'MPLB', 'X MPLB 1', '1001', '303', 'AKTIF'),
(3213303, 303395, 'PUTRI OCTAVIA RAMADHANY', 'MPLB', 'X MPLB 1', '1001', '303', 'AKTIF'),
(3214303, 303396, 'RIZKY DAMAYANTI', 'MPLB', 'X MPLB 1', '1001', '303', 'AKTIF'),
(3215303, 303397, 'SEPTI DWI ERIATI', 'MPLB', 'X MPLB 1', '1001', '303', 'AKTIF'),
(3216303, 303398, 'SINGGIH UMI UTAMI', 'MPLB', 'X MPLB 1', '1001', '303', 'AKTIF'),
(3217303, 303399, 'SITI VALENTINA', 'MPLB', 'X MPLB 1', '1001', '303', 'AKTIF'),
(3218303, 303400, 'SYAFA AZZAHRA', 'MPLB', 'X MPLB 1', '1001', '303', 'AKTIF'),
(3219303, 303401, 'SZASKYA NOER HANY', 'MPLB', 'X MPLB 1', '1001', '303', 'AKTIF'),
(3220303, 303402, 'TARA ZAGITHA', 'MPLB', 'X MPLB 1', '1001', '303', 'AKTIF'),
(3221303, 303403, 'TIARA PUTRI ANDIKA', 'MPLB', 'X MPLB 1', '1001', '303', 'AKTIF'),
(3222303, 303404, 'WULAN NOVITA SARI', 'MPLB', 'X MPLB 1', '1001', '303', 'AKTIF'),
(3223303, 303405, 'ALILATULBARIZA KESYA AGISTI', 'MPLB', 'X MPLB 2', '1001', '303', 'AKTIF'),
(3224303, 303406, 'ANNISA KUSMARI', 'MPLB', 'X MPLB 2', '1001', '303', 'AKTIF'),
(3225303, 303407, 'AWALIA BUNGA ZHARIFAH', 'MPLB', 'X MPLB 2', '1001', '303', 'AKTIF'),
(3226303, 303408, 'AWALIATUL KAMILA', 'MPLB', 'X MPLB 2', '1001', '303', 'AKTIF'),
(3227303, 303409, 'CARLA JUNITA', 'MPLB', 'X MPLB 2', '1001', '303', 'AKTIF'),
(3228303, 303410, 'DELLA MEISYA ALIFIA', 'MPLB', 'X MPLB 2', '1001', '303', 'AKTIF'),
(3229303, 303411, 'DIAH AYU LESTARI', 'MPLB', 'X MPLB 2', '1001', '303', 'AKTIF'),
(3230303, 303412, 'DINA APRILIA', 'MPLB', 'X MPLB 2', '1001', '303', 'AKTIF'),
(3231303, 303413, 'DWI NAZWA DHILA ', 'MPLB', 'X MPLB 2', '1001', '303', 'AKTIF'),
(3232303, 303414, 'FAATIHUL KHASANAH', 'MPLB', 'X MPLB 2', '1001', '303', 'AKTIF'),
(3233303, 303415, 'FADILA RAHMASARI', 'MPLB', 'X MPLB 2', '1001', '303', 'AKTIF'),
(3234303, 303416, 'FITRI ARILA ZAHRA', 'MPLB', 'X MPLB 2', '1001', '303', 'AKTIF'),
(3235303, 303417, 'FITRI HANDAYANI', 'MPLB', 'X MPLB 2', '1001', '303', 'AKTIF'),
(3236303, 303418, 'GUSTINA', 'MPLB', 'X MPLB 2', '1001', '303', 'AKTIF'),
(3237303, 303419, 'HAFIZAH SUSANTI', 'MPLB', 'X MPLB 2', '1001', '303', 'AKTIF'),
(3238303, 303420, 'ILYASA RAMADANING TIAS PRASETYA', 'MPLB', 'X MPLB 2', '1001', '303', 'AKTIF'),
(3239303, 303421, 'JESIKA LOSARY HELDY', 'MPLB', 'X MPLB 2', '1001', '303', 'AKTIF'),
(3240303, 303422, 'LINDA AGUSTIN', 'MPLB', 'X MPLB 2', '1001', '303', 'AKTIF'),
(3241303, 303423, 'LUNA AMALIA AZAHRA', 'MPLB', 'X MPLB 2', '1001', '303', 'AKTIF'),
(3242303, 303424, 'LUTFIYATUN NISA', 'MPLB', 'X MPLB 2', '1001', '303', 'AKTIF'),
(3243303, 303425, 'MUTIA APRILAH', 'MPLB', 'X MPLB 2', '1001', '303', 'AKTIF'),
(3244303, 303426, 'NABILA AZAHRA', 'MPLB', 'X MPLB 2', '1001', '303', 'AKTIF'),
(3245303, 303427, 'NABILA PUTRI DAMAYANTI', 'MPLB', 'X MPLB 2', '1001', '303', 'AKTIF'),
(3246303, 303428, 'NABILA ZAHRA', 'MPLB', 'X MPLB 2', '1001', '303', 'AKTIF'),
(3247303, 303429, 'NAULI SYAHLINA', 'MPLB', 'X MPLB 2', '1001', '303', 'AKTIF'),
(3248303, 303430, 'NAYA NATHANIA', 'MPLB', 'X MPLB 2', '1001', '303', 'AKTIF'),
(3249303, 303431, 'NAYLA HERLITA', 'MPLB', 'X MPLB 2', '1001', '303', 'AKTIF'),
(3250303, 303432, 'NOVIA EKA SAFITRI', 'MPLB', 'X MPLB 2', '1001', '303', 'AKTIF'),
(3251303, 303433, 'NOVITA NATASHA', 'MPLB', 'X MPLB 2', '1001', '303', 'AKTIF'),
(3252303, 303434, 'NUR \'AMALAH', 'MPLB', 'X MPLB 2', '1001', '303', 'AKTIF'),
(3253303, 303435, 'PUTRI MUHTAZAH', 'MPLB', 'X MPLB 2', '1001', '303', 'AKTIF'),
(3254303, 303436, 'PUTRI NILA LESTARI', 'MPLB', 'X MPLB 2', '1001', '303', 'AKTIF'),
(3255303, 303437, 'RINA ZAHRAH', 'MPLB', 'X MPLB 2', '1001', '303', 'AKTIF'),
(3256303, 303438, 'RIZKA SYAFA MAGHFIRA', 'MPLB', 'X MPLB 2', '1001', '303', 'AKTIF'),
(3257303, 303439, 'SAFINATUN NAJA', 'MPLB', 'X MPLB 2', '1001', '303', 'AKTIF'),
(3258303, 303440, 'SALWA AURISKI AGUSTIN', 'MPLB', 'X MPLB 2', '1001', '303', 'AKTIF'),
(3259303, 303441, 'SISKA AMELIA', 'MPLB', 'X MPLB 2', '1001', '303', 'AKTIF'),
(3260303, 303442, 'SITI ROBIYAH ADAWIYAH', 'MPLB', 'X MPLB 2', '1001', '303', 'AKTIF'),
(3261303, 303443, 'SITI ROHMATULLATIFAH', 'MPLB', 'X MPLB 2', '1001', '303', 'AKTIF'),
(3262303, 303444, 'SITI SOFIAH', 'MPLB', 'X MPLB 2', '1001', '303', 'AKTIF'),
(3263303, 303445, 'SIVA AULIANI', 'MPLB', 'X MPLB 2', '1001', '303', 'AKTIF'),
(3264303, 303446, 'SYIFA QURROTUL\'AIN', 'MPLB', 'X MPLB 2', '1001', '303', 'AKTIF'),
(3265303, 303447, 'USWATUN HASANAH', 'MPLB', 'X MPLB 2', '1001', '303', 'AKTIF'),
(3266303, 303448, 'ZALFA NABILA PRISTI', 'MPLB', 'X MPLB 2', '1001', '303', 'AKTIF'),
(3267303, 303449, 'ACHMAD ZAENI ALIFIANSYAH', 'TJKT', 'X TJKT 1', '2002', '303', 'AKTIF'),
(3268303, 303450, 'ADE FEBIYAN', 'TJKT', 'X TJKT 1', '2002', '303', 'AKTIF'),
(3269303, 303451, 'AKBAR MAULANA', 'TJKT', 'X TJKT 1', '2002', '303', 'AKTIF'),
(3270303, 303452, 'ALDI FIRMAN SYAH', 'TJKT', 'X TJKT 1', '2002', '303', 'AKTIF'),
(3271303, 303453, 'ALEX REVALDO', 'TJKT', 'X TJKT 1', '2002', '303', 'AKTIF'),
(3272303, 303454, 'ALFINTER RICO PARNINGOTAN', 'TJKT', 'X TJKT 1', '2002', '303', 'AKTIF'),
(3273303, 303455, 'ALVIAN DWI SASONGKO', 'TJKT', 'X TJKT 1', '2002', '303', 'AKTIF'),
(3274303, 303456, 'AMSAL LEONARDO TOBING', 'TJKT', 'X TJKT 1', '2002', '303', 'AKTIF'),
(3275303, 303457, 'ARIF MAULANA', 'TJKT', 'X TJKT 1', '2002', '303', 'AKTIF'),
(3276303, 303458, 'BAYU SULTAN ', 'TJKT', 'X TJKT 1', '2002', '303', 'AKTIF'),
(3277303, 303459, 'DAFFA FADLIL AFAN', 'TJKT', 'X TJKT 1', '2002', '303', 'AKTIF'),
(3278303, 303460, 'DESTEFANO ADAM REIVAND', 'TJKT', 'X TJKT 1', '2002', '303', 'AKTIF'),
(3279303, 303461, 'DIMAS PRAYUDI', 'TJKT', 'X TJKT 1', '2002', '303', 'AKTIF'),
(3280303, 303462, 'DYMAS PANJI PANGESTU', 'TJKT', 'X TJKT 1', '2002', '303', 'AKTIF'),
(3281303, 303463, 'EGY HARDIANSYAH', 'TJKT', 'X TJKT 1', '2002', '303', 'AKTIF'),
(3282303, 303464, 'EVANDRA GUSTI RAHARJO', 'TJKT', 'X TJKT 1', '2002', '303', 'AKTIF'),
(3283303, 303465, 'FADHIL FARIZI AZIZ', 'TJKT', 'X TJKT 1', '2002', '303', 'AKTIF'),
(3284303, 303466, 'FAISSAL ARMANTO', 'TJKT', 'X TJKT 1', '2002', '303', 'AKTIF'),
(3285303, 303467, 'FAREL AFIATUSADID AHMAD', 'TJKT', 'X TJKT 1', '2002', '303', 'AKTIF'),
(3286303, 303468, 'FEBRIO SAMMY NUGRAHA', 'TJKT', 'X TJKT 1', '2002', '303', 'AKTIF'),
(3287303, 303469, 'HERNAN BUDI LAKSNA', 'TJKT', 'X TJKT 1', '2002', '303', 'AKTIF'),
(3288303, 303470, 'ILHAM SAHRUL HASAN', 'TJKT', 'X TJKT 1', '2002', '303', 'AKTIF'),
(3289303, 303471, 'IMAM', 'TJKT', 'X TJKT 1', '2002', '303', 'AKTIF'),
(3290303, 303472, 'INTAN ANGGELIA PUTRI', 'TJKT', 'X TJKT 1', '2002', '303', 'AKTIF'),
(3291303, 303473, 'JAFAR UMAR THALIB AL QHIFARI', 'TJKT', 'X TJKT 1', '2002', '303', 'AKTIF'),
(3292303, 303474, 'KLIWLY KASMALA HERMAWAN', 'TJKT', 'X TJKT 1', '2002', '303', 'AKTIF'),
(3293303, 303475, 'MOHAMAD AZRIEL', 'TJKT', 'X TJKT 1', '2002', '303', 'AKTIF'),
(3294303, 303476, 'MONICA JULIANA', 'TJKT', 'X TJKT 1', '2002', '303', 'AKTIF'),
(3295303, 303477, 'MUHAMAD FERDI LESMANA', 'TJKT', 'X TJKT 1', '2002', '303', 'AKTIF'),
(3296303, 303478, 'MUHAMAD ZAKI SAPUTRA', 'TJKT', 'X TJKT 1', '2002', '303', 'AKTIF'),
(3297303, 303479, 'MUHAMMAD BAGAS FEBRIANSYAH ', 'TJKT', 'X TJKT 1', '2002', '303', 'AKTIF'),
(3298303, 303480, 'MUHAMMAD FAISHAL', 'TJKT', 'X TJKT 1', '2002', '303', 'AKTIF'),
(3299303, 303481, 'MUHAMMAD ILFAN MAULANA', 'TJKT', 'X TJKT 1', '2002', '303', 'AKTIF'),
(3300303, 303482, 'MUHAMMAD ILHAM', 'TJKT', 'X TJKT 1', '2002', '303', 'AKTIF'),
(3301303, 303483, 'MUHAMMAD NAUFAL MAHDI', 'TJKT', 'X TJKT 1', '2002', '303', 'AKTIF'),
(3302303, 303484, 'MUHAMMAD RAHMAT DANI', 'TJKT', 'X TJKT 1', '2002', '303', 'AKTIF'),
(3303303, 303485, 'NUGI SATRIA', 'TJKT', 'X TJKT 1', '2002', '303', 'AKTIF'),
(3304303, 303486, 'NUR AJI INDRA MAULANA', 'TJKT', 'X TJKT 1', '2002', '303', 'AKTIF'),
(3305303, 303487, 'RADITYA SELWA NOVA', 'TJKT', 'X TJKT 1', '2002', '303', 'AKTIF'),
(3306303, 303488, 'RAMA WIGUNA ', 'TJKT', 'X TJKT 1', '2002', '303', 'AKTIF'),
(3307303, 303489, 'RENDY ARDIANSYAH', 'TJKT', 'X TJKT 1', '2002', '303', 'AKTIF'),
(3308303, 303490, 'RIFA GLAND ALINSKIE', 'TJKT', 'X TJKT 1', '2002', '303', 'AKTIF'),
(3309303, 303491, 'RIKY ARYA SAPUTRO', 'TJKT', 'X TJKT 1', '2002', '303', 'AKTIF'),
(3310303, 303492, 'SHAHIBUR RIDWAN ', 'TJKT', 'X TJKT 1', '2002', '303', 'AKTIF'),
(3311303, 303493, 'WAHYU ANJAR SETIAWAN', 'TJKT', 'X TJKT 1', '2002', '303', 'AKTIF'),
(3312303, 303494, 'ZAKY ADRIAN FERNANDO', 'TJKT', 'X TJKT 1', '2002', '303', 'AKTIF'),
(3313303, 303495, 'ADI SAPUTRA', 'TJKT', 'X TJKT 2', '2002', '303', 'AKTIF'),
(3314303, 303496, 'ADI SETYO GUNAWAN', 'TJKT', 'X TJKT 2', '2002', '303', 'AKTIF'),
(3315303, 303497, 'AFRIZA HARDIANTO SAPUTRA', 'TJKT', 'X TJKT 2', '2002', '303', 'AKTIF'),
(3316303, 303498, 'AHMAD ADRIAN PRATAMA', 'TJKT', 'X TJKT 2', '2002', '303', 'AKTIF'),
(3317303, 303499, 'AJI ILHAM ', 'TJKT', 'X TJKT 2', '2002', '303', 'AKTIF'),
(3318303, 303500, 'ANGGI ARDIYANSAH', 'TJKT', 'X TJKT 2', '2002', '303', 'AKTIF'),
(3319303, 303501, 'ANZANI PESTA JUWITA NAIBAHO', 'TJKT', 'X TJKT 2', '2002', '303', 'AKTIF'),
(3320303, 303502, 'ARYA NURKHOLIK', 'TJKT', 'X TJKT 2', '2002', '303', 'AKTIF'),
(3321303, 303503, 'BAGAS DWI PRAYOGA', 'TJKT', 'X TJKT 2', '2002', '303', 'AKTIF'),
(3322303, 303504, 'BAYU FIRGIAWAN LISTANTO', 'TJKT', 'X TJKT 2', '2002', '303', 'AKTIF'),
(3323303, 303505, 'DAFFA ANGGARA RADITYA', 'TJKT', 'X TJKT 2', '2002', '303', 'AKTIF'),
(3324303, 303506, 'DANILO FERNANDO', 'TJKT', 'X TJKT 2', '2002', '303', 'AKTIF'),
(3325303, 303507, 'ERLAND SBASTIAN GUNAWAN', 'TJKT', 'X TJKT 2', '2002', '303', 'AKTIF'),
(3326303, 303508, 'FARIS AHMAD RIFQY', 'TJKT', 'X TJKT 2', '2002', '303', 'AKTIF'),
(3327303, 303509, 'FAYAD HAWARI', 'TJKT', 'X TJKT 2', '2002', '303', 'AKTIF'),
(3328303, 303510, 'GILANG MUHADZIB', 'TJKT', 'X TJKT 2', '2002', '303', 'AKTIF'),
(3329303, 303511, 'IBNU BACTIAR GULTOM', 'TJKT', 'X TJKT 2', '2002', '303', 'AKTIF'),
(3330303, 303512, 'IKFANSYAH', 'TJKT', 'X TJKT 2', '2002', '303', 'AKTIF'),
(3331303, 303513, 'IKHSAN NURRIZKY', 'TJKT', 'X TJKT 2', '2002', '303', 'AKTIF'),
(3332303, 303514, 'JONATHAN IQBAL PUTRA', 'TJKT', 'X TJKT 2', '2002', '303', 'AKTIF'),
(3333303, 303515, 'LEFI NURYANDI', 'TJKT', 'X TJKT 2', '2002', '303', 'AKTIF'),
(3334303, 303516, 'MERLINA EVELYN ', 'TJKT', 'X TJKT 2', '2002', '303', 'AKTIF'),
(3335303, 303517, 'MUHAMAD RISKI', 'TJKT', 'X TJKT 2', '2002', '303', 'AKTIF'),
(3336303, 303518, 'MUHAMAD SYAISAR RAMADHAN', 'TJKT', 'X TJKT 2', '2002', '303', 'AKTIF'),
(3337303, 303519, 'MUHAMMAD ADRIANSYAH', 'TJKT', 'X TJKT 2', '2002', '303', 'AKTIF'),
(3338303, 303520, 'MUHAMMAD GILANG RADITIYA', 'TJKT', 'X TJKT 2', '2002', '303', 'AKTIF'),
(3339303, 303521, 'MUHAMMAD RIZKA SAPUTRA', 'TJKT', 'X TJKT 2', '2002', '303', 'AKTIF'),
(3340303, 303522, 'MUHAMMAD SAEFULAH', 'TJKT', 'X TJKT 2', '2002', '303', 'AKTIF'),
(3341303, 303523, 'NAUKY BAGUS PRATAMA', 'TJKT', 'X TJKT 2', '2002', '303', 'AKTIF'),
(3342303, 303524, 'NOVAL ARIYANTO', 'TJKT', 'X TJKT 2', '2002', '303', 'AKTIF'),
(3343303, 303525, 'NUR AWAL SANTOSO', 'TJKT', 'X TJKT 2', '2002', '303', 'AKTIF'),
(3344303, 303526, 'RADIT SYAHPUTRA', 'TJKT', 'X TJKT 2', '2002', '303', 'AKTIF'),
(3345303, 303527, 'RAFFI PRASETIA', 'TJKT', 'X TJKT 2', '2002', '303', 'AKTIF'),
(3346303, 303528, 'RAHMANDANI', 'TJKT', 'X TJKT 2', '2002', '303', 'AKTIF'),
(3347303, 303529, 'RENDI IRWANSYAH', 'TJKT', 'X TJKT 2', '2002', '303', 'AKTIF'),
(3348303, 303530, 'RENDY PUTRA AFIA', 'TJKT', 'X TJKT 2', '2002', '303', 'AKTIF'),
(3349303, 303531, 'RIZKY KURNIAWAN', 'TJKT', 'X TJKT 2', '2002', '303', 'AKTIF'),
(3350303, 303532, 'RIZQI MARDIANSYAH', 'TJKT', 'X TJKT 2', '2002', '303', 'AKTIF'),
(3351303, 303533, 'ROMI CANDRA WINATA', 'TJKT', 'X TJKT 2', '2002', '303', 'AKTIF'),
(3352303, 303534, 'SAMI AL FAIZ', 'TJKT', 'X TJKT 2', '2002', '303', 'AKTIF'),
(3353303, 303535, 'SHERIL ARDIKA ASSHAWA', 'TJKT', 'X TJKT 2', '2002', '303', 'AKTIF'),
(3354303, 303536, 'SONI SAPUTRA', 'TJKT', 'X TJKT 2', '2002', '303', 'AKTIF'),
(3355303, 303537, 'SYAHDANI AGUSTIO', 'TJKT', 'X TJKT 2', '2002', '303', 'AKTIF'),
(3356303, 303538, 'WIKO RIPANDA PUTRA', 'TJKT', 'X TJKT 2', '2002', '303', 'AKTIF'),
(3357303, 303539, 'ADE RAFLI', 'TJKT', 'X TJKT 3', '2002', '303', 'AKTIF'),
(3358303, 303540, 'AGUNG NUR RISKI', 'TJKT', 'X TJKT 3', '2002', '303', 'AKTIF'),
(3359303, 303541, 'AHMAD ABIDZAR RIFA\'I', 'TJKT', 'X TJKT 3', '2002', '303', 'AKTIF'),
(3360303, 303542, 'AHMAD EKA PRATAMA', 'TJKT', 'X TJKT 3', '2002', '303', 'AKTIF'),
(3361303, 303543, 'AHMAD HAERUL HADI', 'TJKT', 'X TJKT 3', '2002', '303', 'AKTIF'),
(3362303, 303544, 'BAGAS SADEWO JATI', 'TJKT', 'X TJKT 3', '2002', '303', 'AKTIF'),
(3363303, 303545, 'DIMAS SAPUTRA', 'TJKT', 'X TJKT 3', '2002', '303', 'AKTIF'),
(3364303, 303546, 'DWI ADI NUGROHO', 'TJKT', 'X TJKT 3', '2002', '303', 'AKTIF'),
(3365303, 303547, 'ERIK YOGA PRATAMA', 'TJKT', 'X TJKT 3', '2002', '303', 'AKTIF'),
(3366303, 303548, 'ERLANGGA SAPUTRA', 'TJKT', 'X TJKT 3', '2002', '303', 'AKTIF'),
(3367303, 303549, 'EVAN MAULANA', 'TJKT', 'X TJKT 3', '2002', '303', 'AKTIF'),
(3368303, 303550, 'EVAN TRILYANTO', 'TJKT', 'X TJKT 3', '2002', '303', 'AKTIF'),
(3369303, 303551, 'FADHIL KURNIAWAN', 'TJKT', 'X TJKT 3', '2002', '303', 'AKTIF'),
(3370303, 303552, 'FAHMI WIJAYA', 'TJKT', 'X TJKT 3', '2002', '303', 'AKTIF'),
(3371303, 303553, 'FASKALIS HAMBALLAH AKBAR', 'TJKT', 'X TJKT 3', '2002', '303', 'AKTIF'),
(3372303, 303554, 'FAZA ZAHIDAN', 'TJKT', 'X TJKT 3', '2002', '303', 'AKTIF'),
(3373303, 303555, 'GALIH ADI APRIANSYAH', 'TJKT', 'X TJKT 3', '2002', '303', 'AKTIF'),
(3374303, 303556, 'IBNU BASUNJAY', 'TJKT', 'X TJKT 3', '2002', '303', 'AKTIF'),
(3375303, 303557, 'IBRA HAFIZH HERMAWAN', 'TJKT', 'X TJKT 3', '2002', '303', 'AKTIF'),
(3376303, 303558, 'ILYAS', 'TJKT', 'X TJKT 3', '2002', '303', 'AKTIF'),
(3377303, 303559, 'LUTFIANSYAH ALFAHREZI', 'TJKT', 'X TJKT 3', '2002', '303', 'AKTIF'),
(3378303, 303560, 'MAULANA ISHAQ', 'TJKT', 'X TJKT 3', '2002', '303', 'AKTIF'),
(3379303, 303561, 'MAULANA SANJAYA', 'TJKT', 'X TJKT 3', '2002', '303', 'AKTIF'),
(3380303, 303562, 'MOHAMMAD FAIZ SHALIHIN', 'TJKT', 'X TJKT 3', '2002', '303', 'AKTIF'),
(3381303, 303563, 'MUH. HAIKAL RAMDHANI ', 'TJKT', 'X TJKT 3', '2002', '303', 'AKTIF'),
(3382303, 303564, 'MUHAMAD IKBAL AL FAREZI', 'TJKT', 'X TJKT 3', '2002', '303', 'AKTIF'),
(3383303, 303565, 'MUHAMAD ZIDANE', 'TJKT', 'X TJKT 3', '2002', '303', 'AKTIF'),
(3384303, 303566, 'MUHAMMAD ARMAN MALIKI', 'TJKT', 'X TJKT 3', '2002', '303', 'AKTIF'),
(3385303, 303567, 'MUHAMMAD CHOIRUL HAMZAH', 'TJKT', 'X TJKT 3', '2002', '303', 'AKTIF'),
(3386303, 303568, 'MUHAMMAD FADIL', 'TJKT', 'X TJKT 3', '2002', '303', 'AKTIF'),
(3387303, 303569, 'MUHAMMAD RAIHAN', 'TJKT', 'X TJKT 3', '2002', '303', 'AKTIF'),
(3388303, 303570, 'NASYIFA ADINDA', 'TJKT', 'X TJKT 3', '2002', '303', 'AKTIF'),
(3389303, 303571, 'NOREEN TRIPUTRA', 'TJKT', 'X TJKT 3', '2002', '303', 'AKTIF'),
(3390303, 303572, 'PUTRA RASIET ANDRIANSYAH PRATAMA', 'TJKT', 'X TJKT 3', '2002', '303', 'AKTIF'),
(3391303, 303573, 'RADITYA PUTRA HARSYAH', 'TJKT', 'X TJKT 3', '2002', '303', 'AKTIF'),
(3392303, 303574, 'RAIHAN PUTRA LESMANA', 'TJKT', 'X TJKT 3', '2002', '303', 'AKTIF'),
(3393303, 303575, 'RAKAN WIJAYA NENDRA', 'TJKT', 'X TJKT 3', '2002', '303', 'AKTIF'),
(3394303, 303576, 'RASYA BAGUS GUNAWAN', 'TJKT', 'X TJKT 3', '2002', '303', 'AKTIF'),
(3395303, 303577, 'REZA FARIZI', 'TJKT', 'X TJKT 3', '2002', '303', 'AKTIF'),
(3396303, 303578, 'RIDWAN SAPUTRA', 'TJKT', 'X TJKT 3', '2002', '303', 'AKTIF'),
(3397303, 303579, 'RIZAL NURIYANTO', 'TJKT', 'X TJKT 3', '2002', '303', 'AKTIF'),
(3398303, 303580, 'RIZKI FATIH AKMAL', 'TJKT', 'X TJKT 3', '2002', '303', 'AKTIF'),
(3399303, 303581, 'RIZKY RAHMADAN FALIFI', 'TJKT', 'X TJKT 3', '2002', '303', 'AKTIF'),
(3400303, 303582, 'ZAKI NUR SYAHMAN', 'TJKT', 'X TJKT 3', '2002', '303', 'AKTIF'),
(3401303, 303583, 'ADE SETYA CANDRA', 'DKV', 'X DKV 1', '2002', '303', 'AKTIF'),
(3402303, 303584, 'ARIANSYAH', 'DKV', 'X DKV 1', '2002', '303', 'AKTIF'),
(3403303, 303585, 'ARYA SUBAGJA', 'DKV', 'X DKV 1', '2002', '303', 'AKTIF'),
(3404303, 303586, 'DIAN NOVITA SARI ', 'DKV', 'X DKV 1', '2002', '303', 'AKTIF'),
(3405303, 303587, 'DIDA PERKASA', 'DKV', 'X DKV 1', '2002', '303', 'AKTIF'),
(3406303, 303588, 'EGHA PATRIANSYAH', 'DKV', 'X DKV 1', '2002', '303', 'AKTIF'),
(3407303, 303589, 'ESMERALDA VALENCIA WIDJAJA', 'DKV', 'X DKV 1', '2002', '303', 'AKTIF'),
(3408303, 303590, 'FAHIRA ANA PUTRI', 'DKV', 'X DKV 1', '2002', '303', 'AKTIF'),
(3409303, 303591, 'FARHAN SETYAWAN', 'DKV', 'X DKV 1', '2002', '303', 'AKTIF'),
(3410303, 303592, 'GITA INDAH SABANA', 'DKV', 'X DKV 1', '2002', '303', 'AKTIF'),
(3411303, 303593, 'HAPENTA NUR HABIBI', 'DKV', 'X DKV 1', '2002', '303', 'AKTIF'),
(3412303, 303594, 'IBNU ADITYA ADNAN', 'DKV', 'X DKV 1', '2002', '303', 'AKTIF'),
(3413303, 303595, 'IKHSAN BAYU NUGROHO', 'DKV', 'X DKV 1', '2002', '303', 'AKTIF'),
(3414303, 303596, 'ISMAIL AHMAD SAHDAD', 'DKV', 'X DKV 1', '2002', '303', 'AKTIF'),
(3415303, 303597, 'ISTAUFIRIN', 'DKV', 'X DKV 1', '2002', '303', 'AKTIF'),
(3416303, 303598, 'IVAN FERDINAN', 'DKV', 'X DKV 1', '2002', '303', 'AKTIF'),
(3417303, 303599, 'JEFRY HIDAYATULLAH', 'DKV', 'X DKV 1', '2002', '303', 'AKTIF'),
(3418303, 303600, 'JONI', 'DKV', 'X DKV 1', '2002', '303', 'AKTIF'),
(3419303, 303601, 'JUSTIN RAFAEL', 'DKV', 'X DKV 1', '2002', '303', 'AKTIF'),
(3420303, 303602, 'LANANG SINGGIH PANGESTU', 'DKV', 'X DKV 1', '2002', '303', 'AKTIF'),
(3421303, 303603, 'MARCELL RAKASE', 'DKV', 'X DKV 1', '2002', '303', 'AKTIF'),
(3422303, 303604, 'MARTIN AL FATHONI', 'DKV', 'X DKV 1', '2002', '303', 'AKTIF'),
(3423303, 303605, 'MIXCEL DIMAS JUNIAWAN', 'DKV', 'X DKV 1', '2002', '303', 'AKTIF'),
(3424303, 303606, 'MOSES DOLVIN MAELISSA', 'DKV', 'X DKV 1', '2002', '303', 'AKTIF'),
(3425303, 303607, 'MUHAMAD RIKO SYAHPUTRA', 'DKV', 'X DKV 1', '2002', '303', 'AKTIF'),
(3426303, 303608, 'MUHAMMAD NURSHAM AHMADINEJAD', 'DKV', 'X DKV 1', '2002', '303', 'AKTIF'),
(3427303, 303609, 'MUTIA VARA DILLA', 'DKV', 'X DKV 1', '2002', '303', 'AKTIF'),
(3428303, 303610, 'NADIA ARDHELIA PUTRI', 'DKV', 'X DKV 1', '2002', '303', 'AKTIF'),
(3429303, 303611, 'NAFI\'AJI VANOROSSI', 'DKV', 'X DKV 1', '2002', '303', 'AKTIF'),
(3430303, 303612, 'NOFIA INDRIANI', 'DKV', 'X DKV 1', '2002', '303', 'AKTIF'),
(3431303, 303613, 'RAFFAEL EDGINA', 'DKV', 'X DKV 1', '2002', '303', 'AKTIF'),
(3432303, 303614, 'RAFI ACHMAD APRILIANDI', 'DKV', 'X DKV 1', '2002', '303', 'AKTIF'),
(3433303, 303615, 'RAFKA AFRIZAL MUTTAQIN', 'DKV', 'X DKV 1', '2002', '303', 'AKTIF'),
(3434303, 303616, 'RAIHAN DWI FEBRIYANTO', 'DKV', 'X DKV 1', '2002', '303', 'AKTIF'),
(3435303, 303617, 'RAVI HAFIZ ARDIANSYAH', 'DKV', 'X DKV 1', '2002', '303', 'AKTIF'),
(3436303, 303618, 'REGA JUVENSIA SAPUTRA', 'DKV', 'X DKV 1', '2002', '303', 'AKTIF'),
(3437303, 303619, 'REHAN JULIANTO', 'DKV', 'X DKV 1', '2002', '303', 'AKTIF'),
(3438303, 303620, 'RIFAT AKMAL', 'DKV', 'X DKV 1', '2002', '303', 'AKTIF'),
(3439303, 303621, 'RIO ARDIANSYAH', 'DKV', 'X DKV 1', '2002', '303', 'AKTIF'),
(3440303, 303622, 'RIZKY DIAN PERMANA', 'DKV', 'X DKV 1', '2002', '303', 'AKTIF'),
(3441303, 303623, 'RIZQI MUH AKBAR', 'DKV', 'X DKV 1', '2002', '303', 'AKTIF'),
(3442303, 303624, 'RUDIYANSAH', 'DKV', 'X DKV 1', '2002', '303', 'AKTIF'),
(3443303, 303625, 'TUBAGUS RAIHAN RAHMATULLOH HIDAYAT', 'DKV', 'X DKV 1', '2002', '303', 'AKTIF'),
(3444303, 303626, 'VERDINAN WILLIAM HOLLE', 'DKV', 'X DKV 1', '2002', '303', 'AKTIF'),
(3445303, 303627, 'ZASKIA DEVINA ROSALIN', 'DKV', 'X DKV 1', '2002', '303', 'AKTIF'),
(3446303, 218068, 'Aditya Nurul Fikri', 'AKL', 'XI AKL 1', '3003', '303', 'AKTIF'),
(3447303, 218072, 'ALIYA INDRIYANI PUTRI', 'AKL', 'XI AKL 1', '3003', '303', 'AKTIF'),
(3448303, 218073, 'ALYA NASYWA KHAERANI', 'AKL', 'XI AKL 1', '3003', '303', 'AKTIF'),
(3449303, 218074, 'AMRAN DANY', 'AKL', 'XI AKL 1', '3003', '303', 'AKTIF'),
(3450303, 218077, 'BAGUS ARIEF SAPUTRA', 'AKL', 'XI AKL 1', '3003', '303', 'AKTIF'),
(3451303, 218078, 'Caterine Natalia Teja', 'AKL', 'XI AKL 1', '3003', '303', 'AKTIF'),
(3452303, 218080, 'CICI HERDIANTI', 'AKL', 'XI AKL 1', '3003', '303', 'AKTIF'),
(3453303, 218223, 'DAVID UMAR HAMZAH', 'AKL', 'XI AKL 1', '3003', '303', 'AKTIF'),
(3454303, 218081, 'DHEASY NOVITA KUSUMA YETI', 'AKL', 'XI AKL 1', '3003', '303', 'AKTIF'),
(3455303, 218085, 'INDI NOVI TRIANI', 'AKL', 'XI AKL 1', '3003', '303', 'AKTIF'),
(3456303, 218087, 'INTAN HESTIYANA', 'AKL', 'XI AKL 1', '3003', '303', 'AKTIF'),
(3457303, 218090, 'MARCEL EDHI SUTIKNA', 'AKL', 'XI AKL 1', '3003', '303', 'AKTIF'),
(3458303, 218092, 'NABILAH INTAN NURAINI', 'AKL', 'XI AKL 1', '3003', '303', 'AKTIF'),
(3459303, 218093, 'NAILATUSY ARIBAH TASIMA', 'AKL', 'XI AKL 1', '3003', '303', 'AKTIF'),
(3460303, 218095, 'NATASYA ANANDA SANTOSO', 'AKL', 'XI AKL 1', '3003', '303', 'AKTIF');
INSERT INTO `siswa` (`id_siswa`, `nis`, `nama_siswa`, `jurusan`, `kelas`, `group_kelas`, `tahun_ajaran`, `status`) VALUES
(3461303, 218099, 'NAZWA AULIA SALSABILLA', 'AKL', 'XI AKL 1', '3003', '303', 'AKTIF'),
(3462303, 218100, 'NIDA KHOIRURRAHMAH', 'AKL', 'XI AKL 1', '3003', '303', 'AKTIF'),
(3463303, 218103, 'RAMANDA OKTAVIANI', 'AKL', 'XI AKL 1', '3003', '303', 'AKTIF'),
(3464303, 218104, 'RAMDZAN MULIAWAN TRAH SAPUTRA', 'AKL', 'XI AKL 1', '3003', '303', 'AKTIF'),
(3465303, 218106, 'SADIAH', 'AKL', 'XI AKL 1', '3003', '303', 'AKTIF'),
(3466303, 218110, 'SHEREN FEBRIANI', 'AKL', 'XI AKL 1', '3003', '303', 'AKTIF'),
(3467303, 218111, 'STEVANI PUTRI WIJAYA', 'AKL', 'XI AKL 1', '3003', '303', 'AKTIF'),
(3468303, 218112, 'TIARA PUSPITA SARI', 'AKL', 'XI AKL 1', '3003', '303', 'AKTIF'),
(3469303, 218113, 'VANI HARIYANTI', 'AKL', 'XI AKL 1', '3003', '303', 'AKTIF'),
(3470303, 218069, 'ADITYA PRATAMA', 'AKL', 'XI AKL 2', '3003', '303', 'AKTIF'),
(3471303, 218070, 'ADUTA BAYHAQI', 'AKL', 'X AKL 2', '3003', '303', 'AKTIF'),
(3472303, 218071, 'AHMAD RIDWAN', 'AKL', 'X AKL 2', '3003', '303', 'AKTIF'),
(3473303, 218075, 'ANIN DWI RAHMAWATI', 'AKL', 'X AKL 2', '3003', '303', 'AKTIF'),
(3474303, 218076, 'AULIA DZURUN NAFIS', 'AKL', 'X AKL 2', '3003', '303', 'AKTIF'),
(3475303, 218079, 'Cherryl Deandya Khalishah', 'AKL', 'X AKL 2', '3003', '303', 'AKTIF'),
(3476303, 218229, 'DEWI PURNAMA SARI', 'AKL', 'X AKL 2', '3003', '303', 'AKTIF'),
(3477303, 218082, 'DWI PRAMBANDARI', 'AKL', 'X AKL 2', '3003', '303', 'AKTIF'),
(3478303, 218083, 'ERIKA ILMANISA', 'AKL', 'X AKL 2', '3003', '303', 'AKTIF'),
(3479303, 218086, 'INEU SANTIKA', 'AKL', 'X AKL 2', '3003', '303', 'AKTIF'),
(3480303, 218088, 'INTAN MAHARANI', 'AKL', 'X AKL 2', '3003', '303', 'AKTIF'),
(3481303, 218089, 'IRWANSYAH', 'AKL', 'X AKL 2', '3003', '303', 'AKTIF'),
(3482303, 218091, 'MUHAMMAD YUSUF FADLAN', 'AKL', 'X AKL 2', '3003', '303', 'AKTIF'),
(3483303, 218094, 'NANDA AULYA ARIYANDI', 'AKL', 'X AKL 2', '3003', '303', 'AKTIF'),
(3484303, 218096, 'NATASYA PELITA RAMADHANI', 'AKL', 'X AKL 2', '3003', '303', 'AKTIF'),
(3485303, 218097, 'NAURAH SASMITA PUTRI', 'AKL', 'X AKL 2', '3003', '303', 'AKTIF'),
(3486303, 218098, 'NAYLA PUTRI RAHARI', 'AKL', 'X AKL 2', '3003', '303', 'AKTIF'),
(3487303, 218101, 'NISA UL HASANAH', 'AKL', 'X AKL 2', '3003', '303', 'AKTIF'),
(3488303, 218102, 'ORYSA SATIVA', 'AKL', 'X AKL 2', '3003', '303', 'AKTIF'),
(3489303, 218225, 'RIVAL WAHYUDIN', 'AKL', 'X AKL 2', '3003', '303', 'AKTIF'),
(3490303, 218105, 'RIZKY DWI KARNADI', 'AKL', 'X AKL 2', '3003', '303', 'AKTIF'),
(3491303, 218107, 'SARAH AULIYA', 'AKL', 'X AKL 2', '3003', '303', 'AKTIF'),
(3492303, 218108, 'SATRIA PUTRA', 'AKL', 'X AKL 2', '3003', '303', 'AKTIF'),
(3493303, 218109, 'SELO GIRI ADJI PANGESTU', 'AKL', 'X AKL 2', '3003', '303', 'AKTIF'),
(3494303, 218114, 'WULAN SUCI PUSPITASARI', 'AKL', 'X AKL 2', '3003', '303', 'AKTIF'),
(3495303, 218115, 'WULAN TARI', 'AKL', 'X AKL 2', '3003', '303', 'AKTIF'),
(3496303, 218182, 'AKBAR SADEWA', 'PM', 'XI PM 1', '3003', '303', 'AKTIF'),
(3497303, 218185, 'ARDIONA ATTA SAPUTRA', 'PM', 'XI PM 1', '3003', '303', 'AKTIF'),
(3498303, 218188, 'BRILLIANT MUHAMMAD PRANAYA', 'PM', 'XI PM 1', '3003', '303', 'AKTIF'),
(3499303, 218189, 'CHINDY WULAN SARI ', 'PM', 'XI PM 1', '3003', '303', 'AKTIF'),
(3500303, 218190, 'DAYDAEL RAHMAT PRIHARTONO', 'PM', 'XI PM 1', '3003', '303', 'AKTIF'),
(3501303, 218191, 'DEVINNA CHRISTIANAH', 'PM', 'XI PM 1', '3003', '303', 'AKTIF'),
(3502303, 218193, 'DIKI MUZALFA', 'PM', 'XI PM 1', '3003', '303', 'AKTIF'),
(3503303, 218196, 'FIONA FASTAG FARA', 'PM', 'XI PM 1', '3003', '303', 'AKTIF'),
(3504303, 218197, 'GURUH PRIYANDONO', 'PM', 'XI PM 1', '3003', '303', 'AKTIF'),
(3505303, 218200, 'KEISYA DWI AMELIA', 'PM', 'XI PM 1', '3003', '303', 'AKTIF'),
(3506303, 218202, 'MARCELLINO ADI PRATAMA', 'PM', 'XI PM 1', '3003', '303', 'AKTIF'),
(3507303, 218203, 'MIFTAHUL SAPUTRA', 'PM', 'XI PM 1', '3003', '303', 'AKTIF'),
(3508303, 218205, 'Muhamad Riansyah', 'PM', 'XI PM 1', '3003', '303', 'AKTIF'),
(3509303, 218206, 'MUHAMAD ROZAK', 'PM', 'XI PM 1', '3003', '303', 'AKTIF'),
(3510303, 218208, 'MUHAMMAD DAFFA ANSORI', 'PM', 'XI PM 1', '3003', '303', 'AKTIF'),
(3511303, 218215, 'SELVIA ELVINA DARAPUSPITA', 'PM', 'XI PM 1', '3003', '303', 'AKTIF'),
(3512303, 218217, 'SHANDY PUTRA IRWANSYAH', 'PM', 'XI PM 1', '3003', '303', 'AKTIF'),
(3513303, 218218, 'SHOHAIH AGYL SAPUTRA', 'PM', 'XI PM 1', '3003', '303', 'AKTIF'),
(3514303, 218221, 'TISYA OCTAVIA RAMADHANI', 'PM', 'XI PM 1', '3003', '303', 'AKTIF'),
(3515303, 218222, 'YOEDI', 'PM', 'XI PM 1', '3003', '303', 'AKTIF'),
(3516303, 218183, 'ANDHIKA DIAN SAPUTRA', 'PM', 'XI PM 1', '3003', '303', 'AKTIF'),
(3517303, 218184, 'ANDRE YULIANTO', 'PM', 'XI PM 1', '3003', '303', 'AKTIF'),
(3518303, 218186, 'AULIA ANDINI', 'PM', 'XI PM 1', '3003', '303', 'AKTIF'),
(3519303, 218187, 'Bahrudin Siroth', 'PM', 'XI PM 1', '3003', '303', 'AKTIF'),
(3520303, 218192, 'DIANA FEBRIASTUTI', 'PM', 'XI PM 1', '3003', '303', 'AKTIF'),
(3521303, 218194, 'DINI AULIA', 'PM', 'XI PM 1', '3003', '303', 'AKTIF'),
(3522303, 218195, 'FAKHRIY PUTRA MAULANA', 'PM', 'XI PM 1', '3003', '303', 'AKTIF'),
(3523303, 218198, 'HAFISTH IKHSAN MAULANA', 'PM', 'XI PM 1', '3003', '303', 'AKTIF'),
(3524303, 218199, 'JUNEDI', 'PM', 'XI PM 1', '3003', '303', 'AKTIF'),
(3525303, 218201, 'M. SYAH HABIANTO', 'PM', 'XI PM 1', '3003', '303', 'AKTIF'),
(3526303, 218204, 'Muhamad Raka Hadi Sanjaya', 'PM', 'XI PM 1', '3003', '303', 'AKTIF'),
(3527303, 218207, 'MUHAMMAD DAFFA', 'PM', 'XI PM 1', '3003', '303', 'AKTIF'),
(3528303, 218209, 'NUR KHOLIS HENDAR', 'PM', 'XI PM 1', '3003', '303', 'AKTIF'),
(3529303, 218210, 'PENDI NUR SETIYAWAN', 'PM', 'XI PM 1', '3003', '303', 'AKTIF'),
(3530303, 218211, 'RAMA ADLI ALFIAN', 'PM', 'XI PM 1', '3003', '303', 'AKTIF'),
(3531303, 218212, 'RIZKI ANANDA PRASETIA', 'PM', 'XI PM 1', '3003', '303', 'AKTIF'),
(3532303, 218214, 'SAHRULDIN', 'PM', 'XI PM 1', '3003', '303', 'AKTIF'),
(3533303, 218213, 'Savira Zahra', 'PM', 'XI PM 1', '3003', '303', 'AKTIF'),
(3534303, 218216, 'SELVY AYU DAVISTA', 'PM', 'XI PM 1', '3003', '303', 'AKTIF'),
(3535303, 218219, 'SIDIK DWI MUNAHZAR', 'PM', 'XI PM 1', '3003', '303', 'AKTIF'),
(3536303, 218220, 'SYIFATUL HASANAH', 'PM', 'XI PM 1', '3003', '303', 'AKTIF'),
(3537303, 218117, 'ADELIA ANGRAINI ZAHRA', 'MPLB', 'XI MPLB 1', '3003', '303', 'AKTIF'),
(3538303, 218119, 'AGNES PASKA TAMBUNAN', 'MPLB', 'XI MPLB 1', '3003', '303', 'AKTIF'),
(3539303, 218120, 'ALIVIA SUCI RAMADHANI', 'MPLB', 'XI MPLB 1', '3003', '303', 'AKTIF'),
(3540303, 218122, 'Amanda Putri Sitio', 'MPLB', 'XI MPLB 1', '3003', '303', 'AKTIF'),
(3541303, 218123, 'AMANDA YULIA PERMATA SARI', 'MPLB', 'XI MPLB 1', '3003', '303', 'AKTIF'),
(3542303, 218126, 'ANISA DINI AYU AGUSTIN', 'MPLB', 'XI MPLB 1', '3003', '303', 'AKTIF'),
(3543303, 218128, 'ARTIKASARI', 'MPLB', 'XI MPLB 1', '3003', '303', 'AKTIF'),
(3544303, 218130, 'AWALIA PUTRI', 'MPLB', 'XI MPLB 1', '3003', '303', 'AKTIF'),
(3545303, 218133, 'DELLY PUSPITA SARI', 'MPLB', 'XI MPLB 1', '3003', '303', 'AKTIF'),
(3546303, 218134, 'DEWI SHINTA WIJAYA', 'MPLB', 'XI MPLB 1', '3003', '303', 'AKTIF'),
(3547303, 218136, 'DIFA AISYAH PUTRI', 'MPLB', 'XI MPLB 1', '3003', '303', 'AKTIF'),
(3548303, 218137, 'ELSA APRILIA SAFITRI', 'MPLB', 'XI MPLB 1', '3003', '303', 'AKTIF'),
(3549303, 218138, 'FANNY DWI MUNAENI', 'MPLB', 'XI MPLB 1', '3003', '303', 'AKTIF'),
(3550303, 218141, 'Frida Siwi Maysawati', 'MPLB', 'XI MPLB 1', '3003', '303', 'AKTIF'),
(3551303, 218142, 'HARTANTI WIJAYA', 'MPLB', 'XI MPLB 1', '3003', '303', 'AKTIF'),
(3552303, 218144, 'Jesica Trisia Putri', 'MPLB', 'XI MPLB 1', '3003', '303', 'AKTIF'),
(3553303, 218145, 'KALISA NABILA', 'MPLB', 'XI MPLB 1', '3003', '303', 'AKTIF'),
(3554303, 218147, 'LAILAH NURJANAH', 'MPLB', 'XI MPLB 1', '3003', '303', 'AKTIF'),
(3555303, 218148, 'MARSELLINA', 'MPLB', 'XI MPLB 1', '3003', '303', 'AKTIF'),
(3556303, 218149, 'MEI RIYANTI', 'MPLB', 'XI MPLB 1', '3003', '303', 'AKTIF'),
(3557303, 218150, 'NABILA MUKHTAR', 'MPLB', 'XI MPLB 1', '3003', '303', 'AKTIF'),
(3558303, 218154, 'NAGITA ZAHARANI', 'MPLB', 'XI MPLB 1', '3003', '303', 'AKTIF'),
(3559303, 218155, 'Najwa Indah Lestari', 'MPLB', 'XI MPLB 1', '3003', '303', 'AKTIF'),
(3560303, 218157, 'NATASYA ALAWIYAH', 'MPLB', 'XI MPLB 1', '3003', '303', 'AKTIF'),
(3561303, 218163, 'NURUL ZHAHRANI', 'MPLB', 'XI MPLB 1', '3003', '303', 'AKTIF'),
(3562303, 218167, 'RISTY INDRIANI PUTRI', 'MPLB', 'XI MPLB 1', '3003', '303', 'AKTIF'),
(3563303, 218169, 'SALSA ZULFA HISANAH', 'MPLB', 'XI MPLB 1', '3003', '303', 'AKTIF'),
(3564303, 218170, 'SEFHIA MAHARANI', 'MPLB', 'XI MPLB 1', '3003', '303', 'AKTIF'),
(3565303, 218171, 'SILVIANA NUGRAHA', 'MPLB', 'XI MPLB 1', '3003', '303', 'AKTIF'),
(3566303, 218172, 'SILVIE', 'MPLB', 'XI MPLB 1', '3003', '303', 'AKTIF'),
(3567303, 218174, 'SITI TWANTI', 'MPLB', 'XI MPLB 1', '3003', '303', 'AKTIF'),
(3568303, 218175, 'SOFHIANA PUTRI SUTRISNO', 'MPLB', 'XI MPLB 1', '3003', '303', 'AKTIF'),
(3569303, 218179, 'VIVIAN CORNELIA SETIAWAN', 'MPLB', 'XI MPLB 1', '3003', '303', 'AKTIF'),
(3570303, 218118, 'ADELIA ZAHRA KHIRANA', 'MPLB', 'XI MPLB 2', '3003', '303', 'AKTIF'),
(3571303, 218121, 'AMANDA NURMALA', 'MPLB', 'XI MPLB 2', '3003', '303', 'AKTIF'),
(3572303, 218125, 'ANIS SYAHIIDAH MEILANI', 'MPLB', 'XI MPLB 2', '3003', '303', 'AKTIF'),
(3573303, 218127, 'ANISSA', 'MPLB', 'XI MPLB 2', '3003', '303', 'AKTIF'),
(3574303, 218129, 'ASHA SHARA APRIANA', 'MPLB', 'XI MPLB 2', '3003', '303', 'AKTIF'),
(3575303, 218131, 'AZ ZAHRA ZIDNI NAYSABILLA', 'MPLB', 'XI MPLB 2', '3003', '303', 'AKTIF'),
(3576303, 218132, 'DEA RAHMA ALYA', 'MPLB', 'XI MPLB 2', '3003', '303', 'AKTIF'),
(3577303, 218135, 'DHEA RAHMAWATI', 'MPLB', 'XI MPLB 2', '3003', '303', 'AKTIF'),
(3578303, 218139, 'FIKA DAVILA', 'MPLB', 'XI MPLB 2', '3003', '303', 'AKTIF'),
(3579303, 218140, 'FLORA CINDY AULIA', 'MPLB', 'XI MPLB 2', '3003', '303', 'AKTIF'),
(3580303, 218143, 'IRMA SEPTIANI IRWANSYAH', 'MPLB', 'XI MPLB 2', '3003', '303', 'AKTIF'),
(3581303, 218146, 'KHUSNUL KHOTIMATUL ZAHRA', 'MPLB', 'XI MPLB 2', '3003', '303', 'AKTIF'),
(3582303, 218151, 'NABILA PUTRI SETIAWAN', 'MPLB', 'XI MPLB 2', '3003', '303', 'AKTIF'),
(3583303, 218152, 'NABILA SEPTYANA DEWI', 'MPLB', 'XI MPLB 2', '3003', '303', 'AKTIF'),
(3584303, 218153, 'NABYLA', 'MPLB', 'XI MPLB 2', '3003', '303', 'AKTIF'),
(3585303, 218156, 'NANDITA PUTRI RAMADHANI', 'MPLB', 'XI MPLB 2', '3003', '303', 'AKTIF'),
(3586303, 218158, 'NEZA CHARLITA', 'MPLB', 'XI MPLB 2', '3003', '303', 'AKTIF'),
(3587303, 218159, 'NIMAS NUR YAUMI', 'MPLB', 'XI MPLB 2', '3003', '303', 'AKTIF'),
(3588303, 218160, 'NIRMALASARI', 'MPLB', 'XI MPLB 2', '3003', '303', 'AKTIF'),
(3589303, 218161, 'NOVIA AMANDA', 'MPLB', 'XI MPLB 2', '3003', '303', 'AKTIF'),
(3590303, 218162, 'NURHIKMAH', 'MPLB', 'XI MPLB 2', '3003', '303', 'AKTIF'),
(3591303, 218164, 'PUTRI AYU WULANDARI', 'MPLB', 'XI MPLB 2', '3003', '303', 'AKTIF'),
(3592303, 218165, 'RATNA DILAH', 'MPLB', 'XI MPLB 2', '3003', '303', 'AKTIF'),
(3593303, 218166, 'RINI NURBAITI', 'MPLB', 'XI MPLB 2', '3003', '303', 'AKTIF'),
(3594303, 218168, 'RIYANTI WAFIQ AZIZAH', 'MPLB', 'XI MPLB 2', '3003', '303', 'AKTIF'),
(3595303, 218226, 'SALSABILA NURUL FITRI', 'MPLB', 'XI MPLB 2', '3003', '303', 'AKTIF'),
(3596303, 218173, 'SITI MUTIARA WARDAH', 'MPLB', 'XI MPLB 2', '3003', '303', 'AKTIF'),
(3597303, 218176, 'SYAIRA RANI ASMARI PUTRI', 'MPLB', 'XI MPLB 2', '3003', '303', 'AKTIF'),
(3598303, 218177, 'TASYA MUTALIFAH ', 'MPLB', 'XI MPLB 2', '3003', '303', 'AKTIF'),
(3599303, 218178, 'Tria Kartini Wahyudi', 'MPLB', 'XI MPLB 2', '3003', '303', 'AKTIF'),
(3600303, 218180, 'WINDA AULIA', 'MPLB', 'XI MPLB 2', '3003', '303', 'AKTIF'),
(3601303, 218181, 'WINDA RESTU FALIHA', 'MPLB', 'XI MPLB 2', '3003', '303', 'AKTIF'),
(3602303, 217969, 'ADI PRATAMA', 'TJKT', 'XI TJKT 1', '4004', '303', 'AKTIF'),
(3603303, 217971, 'AGUNG RAMADHAN', 'TJKT', 'XI TJKT 1', '4004', '303', 'AKTIF'),
(3604303, 217972, 'Ahmad Agus Tawakal', 'TJKT', 'XI TJKT 1', '4004', '303', 'AKTIF'),
(3605303, 217976, 'ALBERTINUS SABAM SILAEN', 'TJKT', 'XI TJKT 1', '4004', '303', 'AKTIF'),
(3606303, 217978, 'ALFIAN FEBRIYANTO', 'TJKT', 'XI TJKT 1', '4004', '303', 'AKTIF'),
(3607303, 217979, 'ALFIAN NUR ILHAM', 'TJKT', 'XI TJKT 1', '4004', '303', 'AKTIF'),
(3608303, 217980, 'ALPIN RAMADAN SETIAWAN', 'TJKT', 'XI TJKT 1', '4004', '303', 'AKTIF'),
(3609303, 217994, 'DENTA FITRI NOVIANI', 'TJKT', 'XI TJKT 1', '4004', '303', 'AKTIF'),
(3610303, 218000, 'EGI KURNIA', 'TJKT', 'XI TJKT 1', '4004', '303', 'AKTIF'),
(3611303, 218001, 'EGNER CONSTANTIN', 'TJKT', 'XI TJKT 1', '4004', '303', 'AKTIF'),
(3612303, 218002, 'ERICH JALEMBA JUNIARTA', 'TJKT', 'XI TJKT 1', '4004', '303', 'AKTIF'),
(3613303, 218004, 'FADLY ERLANGGA', 'TJKT', 'XI TJKT 1', '4004', '303', 'AKTIF'),
(3614303, 218007, 'FATHYA AULIA', 'TJKT', 'XI TJKT 1', '4004', '303', 'AKTIF'),
(3615303, 218010, 'FIKHAR HADISAPUTRA', 'TJKT', 'XI TJKT 1', '4004', '303', 'AKTIF'),
(3616303, 218014, 'FRANS LEONARDO HADIWINATA', 'TJKT', 'XI TJKT 1', '4004', '303', 'AKTIF'),
(3617303, 218017, 'GILANG MAULANA AKBAR', 'TJKT', 'XI TJKT 1', '4004', '303', 'AKTIF'),
(3618303, 218019, 'HAFIDZ SYAHPUTRO', 'TJKT', 'XI TJKT 1', '4004', '303', 'AKTIF'),
(3619303, 218025, 'KELVIN OKTA RAMADHAN', 'TJKT', 'XI TJKT 1', '4004', '303', 'AKTIF'),
(3620303, 218027, 'MAULANA IKSAN', 'TJKT', 'XI TJKT 1', '4004', '303', 'AKTIF'),
(3621303, 218028, 'MOHAMAD RIZKI', 'TJKT', 'XI TJKT 1', '4004', '303', 'AKTIF'),
(3622303, 218034, 'MUHAMAD SUBASTIAN', 'TJKT', 'XI TJKT 1', '4004', '303', 'AKTIF'),
(3623303, 218037, 'MUHAMMAD ANGGI SAPUTRA', 'TJKT', 'XI TJKT 1', '4004', '303', 'AKTIF'),
(3624303, 218038, 'MUHAMMAD DAFFI', 'TJKT', 'XI TJKT 1', '4004', '303', 'AKTIF'),
(3625303, 218228, 'Muhammad Nur Arifin', 'TJKT', 'XI TJKT 1', '4004', '303', 'AKTIF'),
(3626303, 218043, 'MUHAMMAD RIZKY AL AKBAR', 'TJKT', 'XI TJKT 1', '4004', '303', 'AKTIF'),
(3627303, 218045, 'NOVAL RAMADAN', 'TJKT', 'XI TJKT 1', '4004', '303', 'AKTIF'),
(3628303, 218047, 'NOVEL SYAHPUTRA HALIM', 'TJKT', 'XI TJKT 1', '4004', '303', 'AKTIF'),
(3629303, 218048, 'PANJI RAHMADI', 'TJKT', 'XI TJKT 1', '4004', '303', 'AKTIF'),
(3630303, 218051, 'RADIS SETIAWAN', 'TJKT', 'XI TJKT 1', '4004', '303', 'AKTIF'),
(3631303, 218052, 'RAFA MAULANA ARDIANSYAH', 'TJKT', 'XI TJKT 1', '4004', '303', 'AKTIF'),
(3632303, 218053, 'RAFLI AGUNG PRAYOGA', 'TJKT', 'XI TJKT 1', '4004', '303', 'AKTIF'),
(3633303, 218062, 'SIGIT NURCAHYONO', 'TJKT', 'XI TJKT 1', '4004', '303', 'AKTIF'),
(3634303, 218065, 'TYO RIYADI SYAPUTRA', 'TJKT', 'XI TJKT 1', '4004', '303', 'AKTIF'),
(3635303, 218066, 'YULIO LUKAS ADRIANO HUTAGAOL', 'TJKT', 'XI TJKT 1', '4004', '303', 'AKTIF'),
(3636303, 218067, 'ZIDAN RIZKY RAMADHAN', 'TJKT', 'XI TJKT 1', '4004', '303', 'AKTIF'),
(3637303, 217968, 'ADE IRSAD ABIDIN', 'TJKT', 'XI TJKT 2', '4004', '303', 'AKTIF'),
(3638303, 217970, 'Afrizal Ardiansyah', 'TJKT', 'XI TJKT 2', '4004', '303', 'AKTIF'),
(3639303, 217975, 'ALBASRAH MOHAMAD SALEH RAGO', 'TJKT', 'XI TJKT 2', '4004', '303', 'AKTIF'),
(3640303, 217977, 'ALDI AWALUDIN', 'TJKT', 'XI TJKT 2', '4004', '303', 'AKTIF'),
(3641303, 217981, 'ANDIKA', 'TJKT', 'XI TJKT 2', '4004', '303', 'AKTIF'),
(3642303, 217984, 'ARDESTA KURNIAWAN', 'TJKT', 'XI TJKT 2', '4004', '303', 'AKTIF'),
(3643303, 217985, 'ARDI DANU ANGGARA', 'TJKT', 'XI TJKT 2', '4004', '303', 'AKTIF'),
(3644303, 217986, 'ARIEL ILHAMI', 'TJKT', 'XI TJKT 2', '4004', '303', 'AKTIF'),
(3645303, 217988, 'BAYU SAPUTRA', 'TJKT', 'XI TJKT 2', '4004', '303', 'AKTIF'),
(3646303, 217990, 'DAMARUDIN', 'TJKT', 'XI TJKT 2', '4004', '303', 'AKTIF'),
(3647303, 217993, 'DEDI MARDIYANSAH', 'TJKT', 'XI TJKT 2', '4004', '303', 'AKTIF'),
(3648303, 217995, 'DEVFRAN ADITYA SUHERNO PUTRA', 'TJKT', 'XI TJKT 2', '4004', '303', 'AKTIF'),
(3649303, 217996, 'DHIMAS KURNIAWAN BASORI', 'TJKT', 'XI TJKT 2', '4004', '303', 'AKTIF'),
(3650303, 217999, 'Diki Ramadan', 'TJKT', 'XI TJKT 2', '4004', '303', 'AKTIF'),
(3651303, 218005, 'FAJAR NUGRAHA', 'TJKT', 'XI TJKT 2', '4004', '303', 'AKTIF'),
(3652303, 218011, 'FIKRI FAHREZA', 'TJKT', 'XI TJKT 2', '4004', '303', 'AKTIF'),
(3653303, 218013, 'FIRMANSYAH', 'TJKT', 'XI TJKT 2', '4004', '303', 'AKTIF'),
(3654303, 218018, 'HABIB SUFYAN FADILLAH', 'TJKT', 'XI TJKT 2', '4004', '303', 'AKTIF'),
(3655303, 218020, 'HAIKAL FIKRI NURWANTO', 'TJKT', 'XI TJKT 2', '4004', '303', 'AKTIF'),
(3656303, 218021, 'I PT.GALIHANDRA REVA ULUM DINATA', 'TJKT', 'XI TJKT 2', '4004', '303', 'AKTIF'),
(3657303, 218022, 'ILHAM RAHMATTULLOH', 'TJKT', 'XI TJKT 2', '4004', '303', 'AKTIF'),
(3658303, 218023, 'INDAH FAAKHIRA SEBASTIAN', 'TJKT', 'XI TJKT 2', '4004', '303', 'AKTIF'),
(3659303, 218024, 'KEFIN HIDAYAT', 'TJKT', 'XI TJKT 2', '4004', '303', 'AKTIF'),
(3660303, 218030, 'MUHAMAD ARDIANSYAH', 'TJKT', 'XI TJKT 2', '4004', '303', 'AKTIF'),
(3661303, 218039, 'MUHAMMAD MAULANA RAMDHANI', 'TJKT', 'XI TJKT 2', '4004', '303', 'AKTIF'),
(3662303, 218040, 'MUHAMMAD NANDA FIRMANSYAH', 'TJKT', 'XI TJKT 2', '4004', '303', 'AKTIF'),
(3663303, 218042, 'MUHAMMAD RIFKI RABBANI', 'TJKT', 'XI TJKT 2', '4004', '303', 'AKTIF'),
(3664303, 218044, 'NADIA NURLITA', 'TJKT', 'XI TJKT 2', '4004', '303', 'AKTIF'),
(3665303, 218049, 'PINDY AUGY SEPTIANU PUTRA', 'TJKT', 'XI TJKT 2', '4004', '303', 'AKTIF'),
(3666303, 218050, 'PITON', 'TJKT', 'XI TJKT 2', '4004', '303', 'AKTIF'),
(3667303, 218055, 'RIFQI AZHAR SAPUTRA', 'TJKT', 'XI TJKT 2', '4004', '303', 'AKTIF'),
(3668303, 218059, 'Rizky Bagaskoro', 'TJKT', 'XI TJKT 2', '4004', '303', 'AKTIF'),
(3669303, 218060, 'ROFIQY MIRYAL AL MURTADHA', 'TJKT', 'XI TJKT 2', '4004', '303', 'AKTIF'),
(3670303, 218061, 'SATRIAWAN TRIE SAPUTRA', 'TJKT', 'XI TJKT 2', '4004', '303', 'AKTIF'),
(3671303, 217973, 'AHMAD SAPUTRA', 'TJKT', 'XI TJKT 3', '4004', '303', 'AKTIF'),
(3672303, 217974, 'AKMAL FEBRYANSYAH', 'TJKT', 'XI TJKT 3', '4004', '303', 'AKTIF'),
(3673303, 217982, 'ANDYKA PUTRA PRASETYA', 'TJKT', 'XI TJKT 3', '4004', '303', 'AKTIF'),
(3674303, 217983, 'Anis Tiarawati', 'TJKT', 'XI TJKT 3', '4004', '303', 'AKTIF'),
(3675303, 217987, 'ARMANDA PUTRA', 'TJKT', 'XI TJKT 3', '4004', '303', 'AKTIF'),
(3676303, 217989, 'CHANDRA ANDIKA', 'TJKT', 'XI TJKT 3', '4004', '303', 'AKTIF'),
(3677303, 217991, 'DAVI TRISNA PRASETYA', 'TJKT', 'XI TJKT 3', '4004', '303', 'AKTIF'),
(3678303, 217992, 'DAVID HERMANSYAH', 'TJKT', 'XI TJKT 3', '4004', '303', 'AKTIF'),
(3679303, 217997, 'Diah Sintia', 'TJKT', 'XI TJKT 3', '4004', '303', 'AKTIF'),
(3680303, 217998, 'DIEGO RAFI GHATHFAAN', 'TJKT', 'XI TJKT 3', '4004', '303', 'AKTIF'),
(3681303, 218003, 'FABRIAN AFRIANSYAH', 'TJKT', 'XI TJKT 3', '4004', '303', 'AKTIF'),
(3682303, 218006, 'FARIJ ASHIDIQI', 'TJKT', 'XI TJKT 3', '4004', '303', 'AKTIF'),
(3683303, 218008, 'FELIX ADIKA', 'TJKT', 'XI TJKT 3', '4004', '303', 'AKTIF'),
(3684303, 218009, 'FICRI CHOIRUL IMAM', 'TJKT', 'XI TJKT 3', '4004', '303', 'AKTIF'),
(3685303, 218012, 'FIRGIE HAFIANSYAH FAHREVI ', 'TJKT', 'XI TJKT 3', '4004', '303', 'AKTIF'),
(3686303, 218015, 'GAFARA EKA FAHRIZA', 'TJKT', 'XI TJKT 3', '4004', '303', 'AKTIF'),
(3687303, 218016, 'GHUFRON KHAIRULLAH', 'TJKT', 'XI TJKT 3', '4004', '303', 'AKTIF'),
(3688303, 218026, 'KHARENAL ARDIANTONY', 'TJKT', 'XI TJKT 3', '4004', '303', 'AKTIF'),
(3689303, 218029, 'MUHAMAD APRIANSYAH', 'TJKT', 'XI TJKT 3', '4004', '303', 'AKTIF'),
(3690303, 218031, 'MUHAMAD CHAIRIEL', 'TJKT', 'XI TJKT 3', '4004', '303', 'AKTIF'),
(3691303, 218032, 'MUHAMAD RIZKY', 'TJKT', 'XI TJKT 3', '4004', '303', 'AKTIF'),
(3692303, 218033, 'Muhamad Rizky Farizah', 'TJKT', 'XI TJKT 3', '4004', '303', 'AKTIF'),
(3693303, 218035, 'MUHAMMAD AFDANY PUTRA WIJAYA', 'TJKT', 'XI TJKT 3', '4004', '303', 'AKTIF'),
(3694303, 218036, 'MUHAMMAD ALFARIZA', 'TJKT', 'XI TJKT 3', '4004', '303', 'AKTIF'),
(3695303, 218041, 'MUHAMMAD REZA BAGUS SAPUTRA', 'TJKT', 'XI TJKT 3', '4004', '303', 'AKTIF'),
(3696303, 218227, 'MUHAMMAD RISKY', 'TJKT', 'XI TJKT 3', '4004', '303', 'AKTIF'),
(3697303, 218046, 'NOVALLINO', 'TJKT', 'XI TJKT 3', '4004', '303', 'AKTIF'),
(3698303, 218054, 'RAFLY RAMADHAN LESMANA', 'TJKT', 'XI TJKT 3', '4004', '303', 'AKTIF'),
(3699303, 218056, 'RIFQI FADILLA DWIKA', 'TJKT', 'XI TJKT 3', '4004', '303', 'AKTIF'),
(3700303, 218057, 'RISVAL ANGGRA RESTA', 'TJKT', 'XI TJKT 3', '4004', '303', 'AKTIF'),
(3701303, 218058, 'Riyo', 'TJKT', 'XI TJKT 3', '4004', '303', 'AKTIF'),
(3702303, 218224, 'SANDY PUTRA', 'TJKT', 'XI TJKT 3', '4004', '303', 'AKTIF'),
(3703303, 218063, 'Syahril Suganda Saputra', 'TJKT', 'XI TJKT 3', '4004', '303', 'AKTIF'),
(3704303, 218064, 'TUBAGUS ABU BAKAR ZEIN', 'TJKT', 'XI TJKT 3', '4004', '303', 'AKTIF'),
(3705303, 207714, 'ANDREAS ADIANTO', 'AKL', 'XII AKL 1', '5005', '303', 'AKTIF'),
(3706303, 207719, 'AULIA FATIKA SARI', 'AKL', 'XII AKL 1', '5005', '303', 'AKTIF'),
(3707303, 207720, 'BINTANG RAMADHANI', 'AKL', 'XII AKL 1', '5005', '303', 'AKTIF'),
(3708303, 207722, 'Choirul Akmal Hidayat', 'AKL', 'XII AKL 1', '5005', '303', 'AKTIF'),
(3709303, 207723, 'DEA MARCELLANI', 'AKL', 'XII AKL 1', '5005', '303', 'AKTIF'),
(3710303, 207724, 'DESFIANAPUTRI WIDYARSANTI', 'AKL', 'XII AKL 1', '5005', '303', 'AKTIF'),
(3711303, 207727, 'DEVIANA FERNANDA ', 'AKL', 'XII AKL 1', '5005', '303', 'AKTIF'),
(3712303, 207730, 'FADILLAH ROHMAN', 'AKL', 'XII AKL 1', '5005', '303', 'AKTIF'),
(3713303, 207731, 'FAUZI WIBOWO', 'AKL', 'XII AKL 1', '5005', '303', 'AKTIF'),
(3714303, 207733, 'FERDIYANSAH', 'AKL', 'XII AKL 1', '5005', '303', 'AKTIF'),
(3715303, 207735, 'Fitri Nur Indriani', 'AKL', 'XII AKL 1', '5005', '303', 'AKTIF'),
(3716303, 207736, 'FITRI ZETIRA SALSA', 'AKL', 'XII AKL 1', '5005', '303', 'AKTIF'),
(3717303, 207738, 'HABIB YAZID FIKRIANSYAH', 'AKL', 'XII AKL 1', '5005', '303', 'AKTIF'),
(3718303, 207739, 'Hani Astuti', 'AKL', 'XII AKL 1', '5005', '303', 'AKTIF'),
(3719303, 207740, 'HELEN SETIABUDI', 'AKL', 'XII AKL 1', '5005', '303', 'AKTIF'),
(3720303, 207741, 'HERLINA SETIAWAN', 'AKL', 'XII AKL 1', '5005', '303', 'AKTIF'),
(3721303, 207743, 'ILMA AMALIA', 'AKL', 'XII AKL 1', '5005', '303', 'AKTIF'),
(3722303, 207744, 'IVANA CHANAFI', 'AKL', 'XII AKL 1', '5005', '303', 'AKTIF'),
(3723303, 207745, 'JOSIANA GARETZA', 'AKL', 'XII AKL 1', '5005', '303', 'AKTIF'),
(3724303, 207753, 'MAYDA CHANAFI', 'AKL', 'XII AKL 1', '5005', '303', 'AKTIF'),
(3725303, 207758, 'MUHAMAD RAFI EKA SAPUTRA', 'AKL', 'XII AKL 1', '5005', '303', 'AKTIF'),
(3726303, 207748, 'MUHAMMAD ARYA DIVA', 'AKL', 'XII AKL 1', '5005', '303', 'AKTIF'),
(3727303, 207759, 'NABILA APRILIA SANI', 'AKL', 'XII AKL 1', '5005', '303', 'AKTIF'),
(3728303, 207760, 'NAJWA SABILLA AMRI', 'AKL', 'XII AKL 1', '5005', '303', 'AKTIF'),
(3729303, 207764, 'NOVIA ADRIANA ELISANTY', 'AKL', 'XII AKL 1', '5005', '303', 'AKTIF'),
(3730303, 207767, 'RAFA MALIKI ARDIANSYAH', 'AKL', 'XII AKL 1', '5005', '303', 'AKTIF'),
(3731303, 207768, 'RAHMA SAECAR ROSSA LIANI', 'AKL', 'XII AKL 1', '5005', '303', 'AKTIF'),
(3732303, 207769, 'RAHMAH', 'AKL', 'XII AKL 1', '5005', '303', 'AKTIF'),
(3733303, 207770, 'RAKHEL MARYAM', 'AKL', 'XII AKL 1', '5005', '303', 'AKTIF'),
(3734303, 207771, 'RATU NUR AYUNINGTIAS', 'AKL', 'XII AKL 1', '5005', '303', 'AKTIF'),
(3735303, 207774, 'REVANI NADYA DESWIT', 'AKL', 'XII AKL 1', '5005', '303', 'AKTIF'),
(3736303, 207780, 'ROSY GUSRIA NINGRUM', 'AKL', 'XII AKL 1', '5005', '303', 'AKTIF'),
(3737303, 207784, 'SISKA AULIA WARYANTO', 'AKL', 'XII AKL 1', '5005', '303', 'AKTIF'),
(3738303, 207785, 'SITI POUJIYAN', 'AKL', 'XII AKL 1', '5005', '303', 'AKTIF'),
(3739303, 207786, 'Sri Rahayu Wandirah', 'AKL', 'XII AKL 1', '5005', '303', 'AKTIF'),
(3740303, 207788, 'SURYANI', 'AKL', 'XII AKL 1', '5005', '303', 'AKTIF'),
(3741303, 207791, 'Vania Putri Wijaya', 'AKL', 'XII AKL 1', '5005', '303', 'AKTIF'),
(3742303, 207792, 'VIANA PATRICIA ANG', 'AKL', 'XII AKL 1', '5005', '303', 'AKTIF'),
(3743303, 207793, 'VIKKY PRIMA SUPELI', 'AKL', 'XII AKL 1', '5005', '303', 'AKTIF'),
(3744303, 207794, 'ZAHRA AMELIA PUTRI', 'AKL', 'XII AKL 1', '5005', '303', 'AKTIF'),
(3745303, 207796, 'ZAHRAH LUTFI FEBRIANA', 'AKL', 'XII AKL 1', '5005', '303', 'AKTIF'),
(3746303, 207712, 'Ahmad Faisal Risaldi', 'AKL', 'XII AKL 2', '5005', '303', 'AKTIF'),
(3747303, 207713, 'AHMAD TRI APIYAN', 'AKL', 'XII AKL 2', '5005', '303', 'AKTIF'),
(3748303, 207715, 'ANDRI DWI KURNIAWAN', 'AKL', 'XII AKL 2', '5005', '303', 'AKTIF'),
(3749303, 207716, 'ARDIAN SYAH', 'AKL', 'XII AKL 2', '5005', '303', 'AKTIF'),
(3750303, 207717, 'ARIA KRISNA JOHAERI', 'AKL', 'XII AKL 2', '5005', '303', 'AKTIF'),
(3751303, 207721, 'CECE CUMAIDA', 'AKL', 'XII AKL 2', '5005', '303', 'AKTIF'),
(3752303, 207725, 'DESI WULANDARI', 'AKL', 'XII AKL 2', '5005', '303', 'AKTIF'),
(3753303, 207726, 'Deva Puspitasari', 'AKL', 'XII AKL 2', '5005', '303', 'AKTIF'),
(3754303, 207728, 'DIAH PUTRI LESTARI', 'AKL', 'XII AKL 2', '5005', '303', 'AKTIF'),
(3755303, 207729, 'EKA ROHMAWATI', 'AKL', 'XII AKL 2', '5005', '303', 'AKTIF'),
(3756303, 207732, 'FELIANI MEI ASTUTI', 'AKL', 'XII AKL 2', '5005', '303', 'AKTIF'),
(3757303, 207737, 'FITRIANA', 'AKL', 'XII AKL 2', '5005', '303', 'AKTIF'),
(3758303, 207742, 'IIN RISKAWATI', 'AKL', 'XII AKL 2', '5005', '303', 'AKTIF'),
(3759303, 207746, 'LISTIAWATI', 'AKL', 'XII AKL 2', '5005', '303', 'AKTIF'),
(3760303, 207749, 'MANDA AGRISTINA', 'AKL', 'XII AKL 2', '5005', '303', 'AKTIF'),
(3761303, 207750, 'Marselina', 'AKL', 'XII AKL 2', '5005', '303', 'AKTIF'),
(3762303, 207751, 'MARSYA OLIVIA FARHAH', 'AKL', 'XII AKL 2', '5005', '303', 'AKTIF'),
(3763303, 207752, 'MAYA FIRDAUS SARI', 'AKL', 'XII AKL 2', '5005', '303', 'AKTIF'),
(3764303, 207754, 'MAYSEL FIDELA', 'AKL', 'XII AKL 2', '5005', '303', 'AKTIF'),
(3765303, 207755, 'MIRA YANTI', 'AKL', 'XII AKL 2', '5005', '303', 'AKTIF'),
(3766303, 207756, 'Mohamad Aldi Herdiansah', 'AKL', 'XII AKL 2', '5005', '303', 'AKTIF'),
(3767303, 207757, 'MUHAMAD MIFTAHUL ATHO', 'AKL', 'XII AKL 2', '5005', '303', 'AKTIF'),
(3768303, 207761, 'NAZWA DWI FADILLAH', 'AKL', 'XII AKL 2', '5005', '303', 'AKTIF'),
(3769303, 207762, 'NITA AGUSTINA', 'AKL', 'XII AKL 2', '5005', '303', 'AKTIF'),
(3770303, 207763, 'NIYA LASITA', 'AKL', 'XII AKL 2', '5005', '303', 'AKTIF'),
(3771303, 207765, 'NUR KHOIRUNISA', 'AKL', 'XII AKL 2', '5005', '303', 'AKTIF'),
(3772303, 207766, 'PUTRI SELVIANA', 'AKL', 'XII AKL 2', '5005', '303', 'AKTIF'),
(3773303, 207772, 'Rayhan Muhammad Dafansyah', 'AKL', 'XII AKL 2', '5005', '303', 'AKTIF'),
(3774303, 207773, 'RENI MUTIA', 'AKL', 'XII AKL 2', '5005', '303', 'AKTIF'),
(3775303, 207775, 'REZA SHAFIRA WIJAYA', 'AKL', 'XII AKL 2', '5005', '303', 'AKTIF'),
(3776303, 207776, 'RINI ALFIYANI', 'AKL', 'XII AKL 2', '5005', '303', 'AKTIF'),
(3777303, 207777, 'RISKA NURUL KHOTIMAH', 'AKL', 'XII AKL 2', '5005', '303', 'AKTIF'),
(3778303, 207778, 'RISKI SETIAWAN', 'AKL', 'XII AKL 2', '5005', '303', 'AKTIF'),
(3779303, 207779, 'ROFAH', 'AKL', 'XII AKL 2', '5005', '303', 'AKTIF'),
(3780303, 207781, 'Ryan Septian', 'AKL', 'XII AKL 2', '5005', '303', 'AKTIF'),
(3781303, 207782, 'SEPTI AMINATUL CHASANAH', 'AKL', 'XII AKL 2', '5005', '303', 'AKTIF'),
(3782303, 207787, 'SUCI RIJKIA SARI', 'AKL', 'XII AKL 2', '5005', '303', 'AKTIF'),
(3783303, 207789, 'SYAVANA EKI FEBRIYANTI', 'AKL', 'XII AKL 2', '5005', '303', 'AKTIF'),
(3784303, 207790, 'THERESIA BUI HERA', 'AKL', 'XII AKL 2', '5005', '303', 'AKTIF'),
(3785303, 207795, 'ZAHRA AZIZAH DHAIFULLAH', 'AKL', 'XII AKL 2', '5005', '303', 'AKTIF'),
(3786303, 207797, 'ZAHRA NUR NABILA', 'AKL', 'XII AKL 2', '5005', '303', 'AKTIF'),
(3787303, 207887, 'ABDULLAH RIYAD', 'PM', 'XII PM 1', '5005', '303', 'AKTIF'),
(3788303, 207892, 'Anis Karsella', 'PM', 'XII PM 1', '5005', '303', 'AKTIF'),
(3789303, 207894, 'AQIL IRBANI', 'PM', 'XII PM 1', '5005', '303', 'AKTIF'),
(3790303, 207897, 'DAVID ERIK HERMAWAN', 'PM', 'XII PM 1', '5005', '303', 'AKTIF'),
(3791303, 207899, 'DELLA NORMAYANTIKA', 'PM', 'XII PM 1', '5005', '303', 'AKTIF'),
(3792303, 207900, 'DENNIS RAFAEL', 'PM', 'XII PM 1', '5005', '303', 'AKTIF'),
(3793303, 207901, 'DEVIDA AULIA', 'PM', 'XII PM 1', '5005', '303', 'AKTIF'),
(3794303, 207902, 'DEVINA LORENZA KURNIA PUTRY', 'PM', 'XII PM 1', '5005', '303', 'AKTIF'),
(3795303, 207903, 'DINA CAHYANI', 'PM', 'XII PM 1', '5005', '303', 'AKTIF'),
(3796303, 207904, 'ELISA FEBRIYANTI', 'PM', 'XII PM 1', '5005', '303', 'AKTIF'),
(3797303, 207905, 'FADLY MUHAMAD NUGRAHA', 'PM', 'XII PM 1', '5005', '303', 'AKTIF'),
(3798303, 207906, 'Fatmah Ayu', 'PM', 'XII PM 1', '5005', '303', 'AKTIF'),
(3799303, 207907, 'FEBRIAN FRANSIUS', 'PM', 'XII PM 1', '5005', '303', 'AKTIF'),
(3800303, 207909, 'FERIYAN SYAH', 'PM', 'XII PM 1', '5005', '303', 'AKTIF'),
(3801303, 207914, 'IQBAL ILHAM SYAH', 'PM', 'XII PM 1', '5005', '303', 'AKTIF'),
(3802303, 207916, 'KEZIA CAROLINA NONITEMA', 'PM', 'XII PM 1', '5005', '303', 'AKTIF'),
(3803303, 207921, 'Maysia Laurent Yosephin', 'PM', 'XII PM 1', '5005', '303', 'AKTIF'),
(3804303, 207924, 'MUHAMMAD AJI SURAHMAN', 'PM', 'XII PM 1', '5005', '303', 'AKTIF'),
(3805303, 207928, 'MUHAMMAD FIRDAUS', 'PM', 'XII PM 1', '5005', '303', 'AKTIF'),
(3806303, 207929, 'MUHAMMAD NOVAL ADITYA', 'PM', 'XII PM 1', '5005', '303', 'AKTIF'),
(3807303, 207930, 'MUHAMMAD REVALDI', 'PM', 'XII PM 1', '5005', '303', 'AKTIF'),
(3808303, 207931, 'MUSLIM AZIZ ABDILLAH', 'PM', 'XII PM 1', '5005', '303', 'AKTIF'),
(3809303, 207932, 'Nabila Rizky Tirtananda', 'PM', 'XII PM 1', '5005', '303', 'AKTIF'),
(3810303, 207934, 'Nicholas', 'PM', 'XII PM 1', '5005', '303', 'AKTIF'),
(3811303, 207936, 'NUR INTAN AULIA RAHMADINAH', 'PM', 'XII PM 1', '5005', '303', 'AKTIF'),
(3812303, 207938, 'PENDI PRASETYO', 'PM', 'XII PM 1', '5005', '303', 'AKTIF'),
(3813303, 207939, 'PERNANDO SAPUTRA', 'PM', 'XII PM 1', '5005', '303', 'AKTIF'),
(3814303, 207940, 'PINGKAN LAILA OKTAVIANI', 'PM', 'XII PM 1', '5005', '303', 'AKTIF'),
(3815303, 207941, 'Preti Audia', 'PM', 'XII PM 1', '5005', '303', 'AKTIF'),
(3816303, 207942, 'PUTRI', 'PM', 'XII PM 1', '5005', '303', 'AKTIF'),
(3817303, 207944, 'PUTRI ARIYANI', 'PM', 'XII PM 1', '5005', '303', 'AKTIF'),
(3818303, 207943, 'PUTRI AULIA', 'PM', 'XII PM 1', '5005', '303', 'AKTIF'),
(3819303, 207945, 'RAGIL NURIL ANWAR', 'PM', 'XII PM 1', '5005', '303', 'AKTIF'),
(3820303, 207946, 'RAHMA FITRIYANI', 'PM', 'XII PM 1', '5005', '303', 'AKTIF'),
(3821303, 207952, 'Rini Rustrimiati', 'PM', 'XII PM 1', '5005', '303', 'AKTIF'),
(3822303, 207953, 'RIVALDI AFRIAN', 'PM', 'XII PM 1', '5005', '303', 'AKTIF'),
(3823303, 207961, 'TEGUH SOLEH', 'PM', 'XII PM 1', '5005', '303', 'AKTIF'),
(3824303, 207962, 'ULFA NURMAYANTI', 'PM', 'XII PM 1', '5005', '303', 'AKTIF'),
(3825303, 207963, 'Wahyudi', 'PM', 'XII PM 1', '5005', '303', 'AKTIF'),
(3826303, 207965, 'YUSUP SLAMET RAHARJO', 'PM', 'XII PM 1', '5005', '303', 'AKTIF'),
(3827303, 207886, 'ABDUL MUJIB WADI', 'PM', 'XII PM 2', '5005', '303', 'AKTIF'),
(3828303, 207888, 'AHMAD FAIZ RAMDHANI', 'PM', 'XII PM 2', '5005', '303', 'AKTIF'),
(3829303, 207891, 'ANGGI MAULANA', 'PM', 'XII PM 2', '5005', '303', 'AKTIF'),
(3830303, 207893, 'ANNISA RAHMAN', 'PM', 'XII PM 2', '5005', '303', 'AKTIF'),
(3831303, 207895, 'BINTANG WIDIYASTARA ASROFI', 'PM', 'XII PM 2', '5005', '303', 'AKTIF'),
(3832303, 207896, 'BUNGGA ARSITA PUTRI', 'PM', 'XII PM 2', '5005', '303', 'AKTIF'),
(3833303, 207898, 'DEA SABELA PUTRI', 'PM', 'XII PM 2', '5005', '303', 'AKTIF'),
(3834303, 207908, 'FEBRIANSYAH SANJAYA', 'PM', 'XII PM 2', '5005', '303', 'AKTIF'),
(3835303, 207910, 'FIRJATULLAH ANISSA RAHMAN', 'PM', 'XII PM 2', '5005', '303', 'AKTIF'),
(3836303, 207911, 'ILHAM APRILIANSYAH', 'PM', 'XII PM 2', '5005', '303', 'AKTIF'),
(3837303, 207912, 'INDAH AYUNI SARI', 'PM', 'XII PM 2', '5005', '303', 'AKTIF'),
(3838303, 207915, 'IQBAL SURYADI', 'PM', 'XII PM 2', '5005', '303', 'AKTIF'),
(3839303, 207918, 'Ledia Hanifah', 'PM', 'XII PM 2', '5005', '303', 'AKTIF'),
(3840303, 207919, 'LULU NURFAOLA', 'PM', 'XII PM 2', '5005', '303', 'AKTIF'),
(3841303, 207920, 'MARSELA', 'PM', 'XII PM 2', '5005', '303', 'AKTIF'),
(3842303, 207922, 'MOCHAMAD NUR ZAINI', 'PM', 'XII PM 2', '5005', '303', 'AKTIF'),
(3843303, 207925, 'MUHAMAD ARYA APRIYANTO', 'PM', 'XII PM 2', '5005', '303', 'AKTIF'),
(3844303, 207926, 'MUHAMAD DIAS JUNIAWAN', 'PM', 'XII PM 2', '5005', '303', 'AKTIF'),
(3845303, 207927, 'MUHAMMAD FAHRI HERIYANTO', 'PM', 'XII PM 2', '5005', '303', 'AKTIF'),
(3846303, 207933, 'NAJWAH NUR ASYIYAH', 'PM', 'XII PM 2', '5005', '303', 'AKTIF'),
(3847303, 207935, 'NINIS ANNISYA', 'PM', 'XII PM 2', '5005', '303', 'AKTIF'),
(3848303, 207937, 'Patrialis Bayu Putra', 'PM', 'XII PM 2', '5005', '303', 'AKTIF'),
(3849303, 207948, 'Reizhart Afrino Muslim', 'PM', 'XII PM 2', '5005', '303', 'AKTIF'),
(3850303, 207949, 'RENA ANGELITA', 'PM', 'XII PM 2', '5005', '303', 'AKTIF'),
(3851303, 207950, 'REVIN KHUSNADA SAKTI', 'PM', 'XII PM 2', '5005', '303', 'AKTIF'),
(3852303, 207951, 'RIDHO FATARDHO HAMZAH', 'PM', 'XII PM 2', '5005', '303', 'AKTIF'),
(3853303, 207954, 'RIZKY BUDIANTO', 'PM', 'XII PM 2', '5005', '303', 'AKTIF'),
(3854303, 207955, 'SAMSUDIN RADITYA', 'PM', 'XII PM 2', '5005', '303', 'AKTIF'),
(3855303, 207956, 'Septian Budi Riyanto', 'PM', 'XII PM 2', '5005', '303', 'AKTIF'),
(3856303, 207957, 'SILFIANA SARI', 'PM', 'XII PM 2', '5005', '303', 'AKTIF'),
(3857303, 207959, 'SITI NUR HANIFA', 'PM', 'XII PM 2', '5005', '303', 'AKTIF'),
(3858303, 207958, 'Siti Nurfadilah', 'PM', 'XII PM 2', '5005', '303', 'AKTIF'),
(3859303, 207960, 'Syahrul Al Fatah', 'PM', 'XII PM 2', '5005', '303', 'AKTIF'),
(3860303, 207966, 'ZAHRA FITRIA SETIAWAN', 'PM', 'XII PM 2', '5005', '303', 'AKTIF'),
(3861303, 207967, 'ZAZA NUR ANGGRAINI', 'PM', 'XII PM 2', '5005', '303', 'AKTIF'),
(3862303, 207798, 'ALIFA YULISA RAMADHILA', 'MPLB', 'XII MPLB 1', '5005', '303', 'AKTIF'),
(3863303, 207799, 'ALYA SAFITRI', 'MPLB', 'XII MPLB 1', '5005', '303', 'AKTIF'),
(3864303, 207800, 'AMANDA EKA MAULANA', 'MPLB', 'XII MPLB 1', '5005', '303', 'AKTIF'),
(3865303, 207801, 'AMELIA ANANTA PRATIWI', 'MPLB', 'XII MPLB 1', '5005', '303', 'AKTIF'),
(3866303, 207802, 'AMELIA FERNANDA TANURAHARDJA', 'MPLB', 'XII MPLB 1', '5005', '303', 'AKTIF'),
(3867303, 207803, 'Amelia Ismawati', 'MPLB', 'XII MPLB 1', '5005', '303', 'AKTIF'),
(3868303, 207805, 'ANITA MARISKA', 'MPLB', 'XII MPLB 1', '5005', '303', 'AKTIF'),
(3869303, 207808, 'APSARINA LAJANA', 'MPLB', 'XII MPLB 1', '5005', '303', 'AKTIF'),
(3870303, 207809, 'ARIELLA ANDINI', 'MPLB', 'XII MPLB 1', '5005', '303', 'AKTIF'),
(3871303, 207811, 'AYARIKHA ASIYAH INDARDI', 'MPLB', 'XII MPLB 1', '5005', '303', 'AKTIF'),
(3872303, 207812, 'AYU RAHMA AULIA', 'MPLB', 'XII MPLB 1', '5005', '303', 'AKTIF'),
(3873303, 207813, 'AYU SEKAR WANGI', 'MPLB', 'XII MPLB 1', '5005', '303', 'AKTIF'),
(3874303, 207814, 'CALYSTA MAHARANI', 'MPLB', 'XII MPLB 1', '5005', '303', 'AKTIF'),
(3875303, 207815, 'Cindy Aulia Putri', 'MPLB', 'XII MPLB 1', '5005', '303', 'AKTIF'),
(3876303, 207818, 'DEA ANANDA', 'MPLB', 'XII MPLB 1', '5005', '303', 'AKTIF'),
(3877303, 207819, 'DEA MUTIARA', 'MPLB', 'XII MPLB 1', '5005', '303', 'AKTIF'),
(3878303, 207820, 'DELIA PINKAN RAHMAWATI', 'MPLB', 'XII MPLB 1', '5005', '303', 'AKTIF'),
(3879303, 207821, 'DEVA OKTAVIANA', 'MPLB', 'XII MPLB 1', '5005', '303', 'AKTIF'),
(3880303, 207825, 'Elma Novia Safitri', 'MPLB', 'XII MPLB 1', '5005', '303', 'AKTIF'),
(3881303, 207828, 'FIRA RESTU HERDIANTI', 'MPLB', 'XII MPLB 1', '5005', '303', 'AKTIF'),
(3882303, 207830, 'FITRIANI MARA', 'MPLB', 'XII MPLB 1', '5005', '303', 'AKTIF'),
(3883303, 207836, 'JISCAVIA MAERANY', 'MPLB', 'XII MPLB 1', '5005', '303', 'AKTIF'),
(3884303, 207837, 'JULIANA DWI PRATIWI', 'MPLB', 'XII MPLB 1', '5005', '303', 'AKTIF'),
(3885303, 207838, 'JUWITA DE FRETES', 'MPLB', 'XII MPLB 1', '5005', '303', 'AKTIF'),
(3886303, 207840, 'KRISTINA LUSIANA', 'MPLB', 'XII MPLB 1', '5005', '303', 'AKTIF'),
(3887303, 207843, 'LULU ULI NUHA ALBANTANI', 'MPLB', 'XII MPLB 1', '5005', '303', 'AKTIF'),
(3888303, 207844, 'MARIA OKTA STYA LINDA', 'MPLB', 'XII MPLB 1', '5005', '303', 'AKTIF'),
(3889303, 207851, 'NISRINA FITRIA WIDHAH', 'MPLB', 'XII MPLB 1', '5005', '303', 'AKTIF'),
(3890303, 207855, 'RAHMAWATI', 'MPLB', 'XII MPLB 1', '5005', '303', 'AKTIF'),
(3891303, 207858, 'SABRINA AMALIA DEVINAYA', 'MPLB', 'XII MPLB 1', '5005', '303', 'AKTIF'),
(3892303, 207859, 'Salfarani Putri', 'MPLB', 'XII MPLB 1', '5005', '303', 'AKTIF'),
(3893303, 207861, 'SARI RAHMAWATI', 'MPLB', 'XII MPLB 1', '5005', '303', 'AKTIF'),
(3894303, 207862, 'SELVIYANTI MUHSIN', 'MPLB', 'XII MPLB 1', '5005', '303', 'AKTIF'),
(3895303, 207866, 'SITI AFSYOH TRININGTYAS', 'MPLB', 'XII MPLB 1', '5005', '303', 'AKTIF'),
(3896303, 207865, 'Siti Febrianti', 'MPLB', 'XII MPLB 1', '5005', '303', 'AKTIF'),
(3897303, 207867, 'SITI LESTARI', 'MPLB', 'XII MPLB 1', '5005', '303', 'AKTIF'),
(3898303, 207870, 'SUCI SALVA AULIA', 'MPLB', 'XII MPLB 1', '5005', '303', 'AKTIF'),
(3899303, 207871, 'SUCI WULAN DINI', 'MPLB', 'XII MPLB 1', '5005', '303', 'AKTIF'),
(3900303, 207875, 'Tiara Rismayanti', 'MPLB', 'XII MPLB 1', '5005', '303', 'AKTIF'),
(3901303, 207880, 'WIWID DWI RAHMAWATI', 'MPLB', 'XII MPLB 1', '5005', '303', 'AKTIF'),
(3902303, 207883, 'YOSI GISELA NINGRUM', 'MPLB', 'XII MPLB 1', '5005', '303', 'AKTIF'),
(3903303, 207884, 'Yuni Oktapiyana', 'MPLB', 'XII MPLB 1', '5005', '303', 'AKTIF'),
(3904303, 207885, 'ZAHWA NABILA NATASYAWATI', 'MPLB', 'XII MPLB 1', '5005', '303', 'AKTIF'),
(3905303, 207804, 'ANANDA PUTRI RAMADHANI', 'MPLB', 'XII MPLB 2', '5005', '303', 'AKTIF'),
(3906303, 207806, 'ANNISA NUR HIDAYAH', 'MPLB', 'XII MPLB 2', '5005', '303', 'AKTIF'),
(3907303, 207807, 'APRILLIA IRATUR', 'MPLB', 'XII MPLB 2', '5005', '303', 'AKTIF'),
(3908303, 207810, 'Aulia Rahma', 'MPLB', 'XII MPLB 2', '5005', '303', 'AKTIF'),
(3909303, 207816, 'CITRA AULIA SARI', 'MPLB', 'XII MPLB 2', '5005', '303', 'AKTIF'),
(3910303, 207817, 'CLARA BENITA RAVELIA', 'MPLB', 'XII MPLB 2', '5005', '303', 'AKTIF'),
(3911303, 207823, 'DIANA ROSANA', 'MPLB', 'XII MPLB 2', '5005', '303', 'AKTIF'),
(3912303, 207824, 'DWI ANNJANY', 'MPLB', 'XII MPLB 2', '5005', '303', 'AKTIF'),
(3913303, 207826, 'ELVIRA LUCIANA', 'MPLB', 'XII MPLB 2', '5005', '303', 'AKTIF'),
(3914303, 207827, 'FIFI RESTU HERDIANTI', 'MPLB', 'XII MPLB 2', '5005', '303', 'AKTIF'),
(3915303, 207829, 'FIRA SAHIRA', 'MPLB', 'XII MPLB 2', '5005', '303', 'AKTIF'),
(3916303, 207832, 'HENTI AKILA MARWA', 'MPLB', 'XII MPLB 2', '5005', '303', 'AKTIF'),
(3917303, 207831, 'HEREN ASHARIANTI', 'MPLB', 'XII MPLB 2', '5005', '303', 'AKTIF'),
(3918303, 207833, 'INDAH YULITA AZIZ', 'MPLB', 'XII MPLB 2', '5005', '303', 'AKTIF'),
(3919303, 207834, 'Intan Nur Maicha', 'MPLB', 'XII MPLB 2', '5005', '303', 'AKTIF'),
(3920303, 207835, 'Irna Amelia Safitri', 'MPLB', 'XII MPLB 2', '5005', '303', 'AKTIF'),
(3921303, 207841, 'KURNIA YULIANA SAPUTRI', 'MPLB', 'XII MPLB 2', '5005', '303', 'AKTIF'),
(3922303, 207842, 'LINDA SAFITRI', 'MPLB', 'XII MPLB 2', '5005', '303', 'AKTIF'),
(3923303, 207845, 'NADIA KHADIJA TEWU', 'MPLB', 'XII MPLB 2', '5005', '303', 'AKTIF'),
(3924303, 207846, 'NAJWA ADELLA RAMADHANI', 'MPLB', 'XII MPLB 2', '5005', '303', 'AKTIF'),
(3925303, 207847, 'NANDITA SALSABILA', 'MPLB', 'XII MPLB 2', '5005', '303', 'AKTIF'),
(3926303, 207848, 'Nayla Khairunnisa', 'MPLB', 'XII MPLB 2', '5005', '303', 'AKTIF'),
(3927303, 207849, 'NAYLA TASYA', 'MPLB', 'XII MPLB 2', '5005', '303', 'AKTIF'),
(3928303, 207850, 'NAZWA HANIFAH', 'MPLB', 'XII MPLB 2', '5005', '303', 'AKTIF'),
(3929303, 207852, 'NOVA SAFITRI', 'MPLB', 'XII MPLB 2', '5005', '303', 'AKTIF'),
(3930303, 207853, 'Ovris Riyani', 'MPLB', 'XII MPLB 2', '5005', '303', 'AKTIF'),
(3931303, 207854, 'Pipit Nurlaeli Alpitri', 'MPLB', 'XII MPLB 2', '5005', '303', 'AKTIF'),
(3932303, 207856, 'RIDHA AMALIAH', 'MPLB', 'XII MPLB 2', '5005', '303', 'AKTIF'),
(3933303, 207857, 'RIZKA NOVIYANTI', 'MPLB', 'XII MPLB 2', '5005', '303', 'AKTIF'),
(3934303, 207860, 'SANTI MURJANI', 'MPLB', 'XII MPLB 2', '5005', '303', 'AKTIF'),
(3935303, 207863, 'SEPTIANI RAHAYU', 'MPLB', 'XII MPLB 2', '5005', '303', 'AKTIF'),
(3936303, 207864, 'SEVILA', 'MPLB', 'XII MPLB 2', '5005', '303', 'AKTIF'),
(3937303, 207868, 'Siti Maisaroh', 'MPLB', 'XII MPLB 2', '5005', '303', 'AKTIF'),
(3938303, 207869, 'SITI NUR HABIBAH', 'MPLB', 'XII MPLB 2', '5005', '303', 'AKTIF'),
(3939303, 207872, 'SYADIAH NUR LATIFAH', 'MPLB', 'XII MPLB 2', '5005', '303', 'AKTIF'),
(3940303, 207873, 'TASYA AMELIA', 'MPLB', 'XII MPLB 2', '5005', '303', 'AKTIF'),
(3941303, 207874, 'THIFAL AZIZAH HARTANTI', 'MPLB', 'XII MPLB 2', '5005', '303', 'AKTIF'),
(3942303, 207876, 'TIAYU', 'MPLB', 'XII MPLB 2', '5005', '303', 'AKTIF'),
(3943303, 207877, 'ULPAH LEPIYANI', 'MPLB', 'XII MPLB 2', '5005', '303', 'AKTIF'),
(3944303, 207878, 'VENDA FERNANDA', 'MPLB', 'XII MPLB 2', '5005', '303', 'AKTIF'),
(3945303, 207879, 'WILDATUL FADILLAH', 'MPLB', 'XII MPLB 2', '5005', '303', 'AKTIF'),
(3946303, 207881, 'WULAN SRI RAHAYU', 'MPLB', 'XII MPLB 2', '5005', '303', 'AKTIF'),
(3947303, 207882, 'Yeni Rahmayanti', 'MPLB', 'XII MPLB 2', '5005', '303', 'AKTIF'),
(3948303, 207579, 'ADAM WAHYYUDI', 'TJKT', 'XII TJKT 1', '6006', '303', 'AKTIF'),
(3949303, 207586, 'AHMAD DANY', 'TJKT', 'XII TJKT 1', '6006', '303', 'AKTIF'),
(3950303, 207592, 'ANGGA PRASETYA PUTRA', 'TJKT', 'XII TJKT 1', '6006', '303', 'AKTIF'),
(3951303, 207593, 'ANGGA YOGA PRATAMA', 'TJKT', 'XII TJKT 1', '6006', '303', 'AKTIF'),
(3952303, 207594, 'Anggi Alvianto', 'TJKT', 'XII TJKT 1', '6006', '303', 'AKTIF'),
(3953303, 207595, 'ARDI PRASETIO', 'TJKT', 'XII TJKT 1', '6006', '303', 'AKTIF'),
(3954303, 207596, 'ARI ARDIANSYAH', 'TJKT', 'XII TJKT 1', '6006', '303', 'AKTIF'),
(3955303, 207598, 'ARIFIN', 'TJKT', 'XII TJKT 1', '6006', '303', 'AKTIF'),
(3956303, 207599, 'Aris Bastyar', 'TJKT', 'XII TJKT 1', '6006', '303', 'AKTIF'),
(3957303, 207600, 'ARYA ZULFIKAR', 'TJKT', 'XII TJKT 1', '6006', '303', 'AKTIF'),
(3958303, 207601, 'BAYU FIRMANSYAH', 'TJKT', 'XII TJKT 1', '6006', '303', 'AKTIF'),
(3959303, 207602, 'Bayu Setiawan', 'TJKT', 'XII TJKT 1', '6006', '303', 'AKTIF'),
(3960303, 207603, 'CAHYA AJI SAPUTRA', 'TJKT', 'XII TJKT 1', '6006', '303', 'AKTIF'),
(3961303, 207606, 'CORY INTAN AGUSTIN', 'TJKT', 'XII TJKT 1', '6006', '303', 'AKTIF'),
(3962303, 207615, 'Dzaky Ramadhani', 'TJKT', 'XII TJKT 1', '6006', '303', 'AKTIF'),
(3963303, 207621, 'ERIK JAJANG KURNIAWAN', 'TJKT', 'XII TJKT 1', '6006', '303', 'AKTIF'),
(3964303, 207625, 'FAKHRUL DHAFI', 'TJKT', 'XII TJKT 1', '6006', '303', 'AKTIF'),
(3965303, 207628, 'FERDIAN AHMAD RUDIANTO', 'TJKT', 'XII TJKT 1', '6006', '303', 'AKTIF'),
(3966303, 207629, 'FERDIAN WIJAYA ALEXANDRA', 'TJKT', 'XII TJKT 1', '6006', '303', 'AKTIF'),
(3967303, 207636, 'HARIS', 'TJKT', 'XII TJKT 1', '6006', '303', 'AKTIF'),
(3968303, 207639, 'HERIXS HIDAYAT', 'TJKT', 'XII TJKT 1', '6006', '303', 'AKTIF'),
(3969303, 207642, 'Immanuel Tamando Maso', 'TJKT', 'XII TJKT 1', '6006', '303', 'AKTIF'),
(3970303, 207644, 'Justin Valentino Warouw', 'TJKT', 'XII TJKT 1', '6006', '303', 'AKTIF'),
(3971303, 207645, 'KELVIN AMANDO ERAWAN', 'TJKT', 'XII TJKT 1', '6006', '303', 'AKTIF'),
(3972303, 207651, 'Mimin Winata', 'TJKT', 'XII TJKT 1', '6006', '303', 'AKTIF'),
(3973303, 207664, 'MOHAMMAD KHOIRUL YANI', 'TJKT', 'XII TJKT 1', '6006', '303', 'AKTIF'),
(3974303, 207656, 'MUHAMAD REZA ANDRIAN', 'TJKT', 'XII TJKT 1', '6006', '303', 'AKTIF'),
(3975303, 207659, 'MUHAMMAD CAVAN HIZAM', 'TJKT', 'XII TJKT 1', '6006', '303', 'AKTIF'),
(3976303, 207662, 'Muhammad Gusti Razan', 'TJKT', 'XII TJKT 1', '6006', '303', 'AKTIF'),
(3977303, 207663, 'Muhammad Hasnul Arifin', 'TJKT', 'XII TJKT 1', '6006', '303', 'AKTIF'),
(3978303, 207669, 'MUHAMMAD SIROJUDDIN GHOZALI', 'TJKT', 'XII TJKT 1', '6006', '303', 'AKTIF'),
(3979303, 207672, 'NASHRULLOH FIRDAUS', 'TJKT', 'XII TJKT 1', '6006', '303', 'AKTIF'),
(3980303, 207674, 'NICHOLLA MULQI BARBAROSSA', 'TJKT', 'XII TJKT 1', '6006', '303', 'AKTIF'),
(3981303, 207678, 'QALAM RAYDATHUL SABANI', 'TJKT', 'XII TJKT 1', '6006', '303', 'AKTIF'),
(3982303, 207683, 'RAYNOR SANJIA ANDHIKAFATA', 'TJKT', 'XII TJKT 1', '6006', '303', 'AKTIF'),
(3983303, 207690, 'RIZAL MAULANA', 'TJKT', 'XII TJKT 1', '6006', '303', 'AKTIF'),
(3984303, 207695, 'SHEVA SEPTANIO', 'TJKT', 'XII TJKT 1', '6006', '303', 'AKTIF'),
(3985303, 207696, 'SOPIYAN', 'TJKT', 'XII TJKT 1', '6006', '303', 'AKTIF'),
(3986303, 207697, 'SUGENG DWI WALUYO', 'TJKT', 'XII TJKT 1', '6006', '303', 'AKTIF'),
(3987303, 207700, 'SYAHRUL HANAVI', 'TJKT', 'XII TJKT 1', '6006', '303', 'AKTIF'),
(3988303, 207706, 'WILLYANSYAH', 'TJKT', 'XII TJKT 1', '6006', '303', 'AKTIF'),
(3989303, 207707, 'YOHANES SETIAWAN', 'TJKT', 'XII TJKT 1', '6006', '303', 'AKTIF'),
(3990303, 207708, 'YUDHA SEPTYAN', 'TJKT', 'XII TJKT 1', '6006', '303', 'AKTIF'),
(3991303, 207709, 'ZODI PRASTIYO', 'TJKT', 'XII TJKT 1', '6006', '303', 'AKTIF'),
(3992303, 207578, 'Abdul Rahman', 'TJKT', 'XII TJKT 2', '6006', '303', 'AKTIF'),
(3993303, 207582, 'AFIF PRASETYO', 'TJKT', 'XII TJKT 2', '6006', '303', 'AKTIF'),
(3994303, 207583, 'AGUNG MAULANA FEBRIYANTO', 'TJKT', 'XII TJKT 2', '6006', '303', 'AKTIF'),
(3995303, 207597, 'ARIF', 'TJKT', 'XII TJKT 2', '6006', '303', 'AKTIF'),
(3996303, 207604, 'CANDRA AGUS NUGROHO', 'TJKT', 'XII TJKT 2', '6006', '303', 'AKTIF'),
(3997303, 207605, 'CARLOS LEONARDO', 'TJKT', 'XII TJKT 2', '6006', '303', 'AKTIF'),
(3998303, 207607, 'DENDI ZAKARIA', 'TJKT', 'XII TJKT 2', '6006', '303', 'AKTIF'),
(3999303, 207608, 'DENDY CAHYOKO', 'TJKT', 'XII TJKT 2', '6006', '303', 'AKTIF'),
(4000303, 207610, 'DICKY FADILAH', 'TJKT', 'XII TJKT 2', '6006', '303', 'AKTIF'),
(4001303, 207612, 'DIMAS ADI SAPUTRA', 'TJKT', 'XII TJKT 2', '6006', '303', 'AKTIF'),
(4002303, 207614, 'DUWI AMAL MAULIDA AKSAN', 'TJKT', 'XII TJKT 2', '6006', '303', 'AKTIF'),
(4003303, 207622, 'ERWIN OKTAVIANTO', 'TJKT', 'XII TJKT 2', '6006', '303', 'AKTIF'),
(4004303, 207623, 'FACHRUL RAMADHAN', 'TJKT', 'XII TJKT 2', '6006', '303', 'AKTIF'),
(4005303, 207630, 'GALIH ADIVA PRATAMA PUTRA', 'TJKT', 'XII TJKT 2', '6006', '303', 'AKTIF'),
(4006303, 207634, 'HAERUL ANGGA', 'TJKT', 'XII TJKT 2', '6006', '303', 'AKTIF'),
(4007303, 207637, 'HARRY RIVALDY', 'TJKT', 'XII TJKT 2', '6006', '303', 'AKTIF'),
(4008303, 207648, 'MOHAMAD RAGIL ADITYA PUTRA', 'TJKT', 'XII TJKT 2', '6006', '303', 'AKTIF'),
(4009303, 207661, 'MOHAMMAD FARHAN', 'TJKT', 'XII TJKT 2', '6006', '303', 'AKTIF'),
(4010303, 207653, 'MOHAMMAD HADI WIJAYA', 'TJKT', 'XII TJKT 2', '6006', '303', 'AKTIF'),
(4011303, 207658, 'MUHAMMAD AFRIZAL', 'TJKT', 'XII TJKT 2', '6006', '303', 'AKTIF'),
(4012303, 207660, 'MUHAMMAD DARMA ILLAHI', 'TJKT', 'XII TJKT 2', '6006', '303', 'AKTIF'),
(4013303, 207665, 'MUHAMMAD PIRMANSAH PUTRA RAGIL ', 'TJKT', 'XII TJKT 2', '6006', '303', 'AKTIF'),
(4014303, 207666, 'Muhammad Rafandi', 'TJKT', 'XII TJKT 2', '6006', '303', 'AKTIF'),
(4015303, 207668, 'MUHAMMAD RIDWAN', 'TJKT', 'XII TJKT 2', '6006', '303', 'AKTIF'),
(4016303, 207650, 'Muhammad Vincen Ramadhan', 'TJKT', 'XII TJKT 2', '6006', '303', 'AKTIF'),
(4017303, 207671, 'Najib Dzannur', 'TJKT', 'XII TJKT 2', '6006', '303', 'AKTIF'),
(4018303, 207676, 'PERDANA ANDRE SETIAWAN', 'TJKT', 'XII TJKT 2', '6006', '303', 'AKTIF'),
(4019303, 207677, 'PUTRA SURYA PRATAMA', 'TJKT', 'XII TJKT 2', '6006', '303', 'AKTIF'),
(4020303, 207679, 'RACHMAN GANIE', 'TJKT', 'XII TJKT 2', '6006', '303', 'AKTIF'),
(4021303, 207682, 'RAIHAN MUHAMMAD AKBAR', 'TJKT', 'XII TJKT 2', '6006', '303', 'AKTIF'),
(4022303, 207684, 'Rehandika Bayu Maarif', 'TJKT', 'XII TJKT 2', '6006', '303', 'AKTIF'),
(4023303, 207687, 'RENO PRIANDANA', 'TJKT', 'XII TJKT 2', '6006', '303', 'AKTIF'),
(4024303, 207688, 'REVAN OKTAGIAS RAMADHAN', 'TJKT', 'XII TJKT 2', '6006', '303', 'AKTIF'),
(4025303, 207689, 'RIAN MAULANA', 'TJKT', 'XII TJKT 2', '6006', '303', 'AKTIF'),
(4026303, 207691, 'ROSITA ARYANINGSIH', 'TJKT', 'XII TJKT 2', '6006', '303', 'AKTIF'),
(4027303, 207693, 'SAHRUL ALAM', 'TJKT', 'XII TJKT 2', '6006', '303', 'AKTIF'),
(4028303, 207692, 'SAIPUL ALI', 'TJKT', 'XII TJKT 2', '6006', '303', 'AKTIF'),
(4029303, 207694, 'Satria Wahyu Ramadhan ', 'TJKT', 'XII TJKT 2', '6006', '303', 'AKTIF'),
(4030303, 207699, 'SYAHRIEZA BAGUS WIDIYANTO', 'TJKT', 'XII TJKT 2', '6006', '303', 'AKTIF'),
(4031303, 207702, 'TEGAR CAHYA PUTRA', 'TJKT', 'XII TJKT 2', '6006', '303', 'AKTIF'),
(4032303, 207704, 'Ulumuddin Adji Pamungkas', 'TJKT', 'XII TJKT 2', '6006', '303', 'AKTIF'),
(4033303, 207580, 'ADIS MAULANA', 'TJKT', 'XII TJKT 3', '6006', '303', 'AKTIF'),
(4034303, 207581, 'ADITTIA DWI SAPUTRA', 'TJKT', 'XII TJKT 3', '6006', '303', 'AKTIF'),
(4035303, 207584, 'AGUNG PRASETYO NUGROHO', 'TJKT', 'XII TJKT 3', '6006', '303', 'AKTIF'),
(4036303, 207585, 'AGUS KHOLIFUDIN', 'TJKT', 'XII TJKT 3', '6006', '303', 'AKTIF'),
(4037303, 207587, 'AHMAD RIPAI', 'TJKT', 'XII TJKT 3', '6006', '303', 'AKTIF'),
(4038303, 207588, 'AJI PRASSETYO', 'TJKT', 'XII TJKT 3', '6006', '303', 'AKTIF'),
(4039303, 207589, 'ALTHAF NUR ASEGAF', 'TJKT', 'XII TJKT 3', '6006', '303', 'AKTIF'),
(4040303, 207590, 'ANANG RAMADHAN', 'TJKT', 'XII TJKT 3', '6006', '303', 'AKTIF'),
(4041303, 207591, 'ANDI FIRMANSYAH', 'TJKT', 'XII TJKT 3', '6006', '303', 'AKTIF'),
(4042303, 207609, 'Dewi Rizki Niluardani', 'TJKT', 'XII TJKT 3', '6006', '303', 'AKTIF'),
(4043303, 207611, 'DIMAS BUDI RIYANTO', 'TJKT', 'XII TJKT 3', '6006', '303', 'AKTIF'),
(4044303, 207613, 'DION MOHAMAD BARUNA', 'TJKT', 'XII TJKT 3', '6006', '303', 'AKTIF'),
(4045303, 207616, 'DZAKY ZAHRAN', 'TJKT', 'XII TJKT 3', '6006', '303', 'AKTIF'),
(4046303, 207617, 'EGA PRATAMA', 'TJKT', 'XII TJKT 3', '6006', '303', 'AKTIF'),
(4047303, 207619, 'EKY FERDIANSYAH', 'TJKT', 'XII TJKT 3', '6006', '303', 'AKTIF'),
(4048303, 207620, 'ERI PUTRA PRATAMA', 'TJKT', 'XII TJKT 3', '6006', '303', 'AKTIF'),
(4049303, 207624, 'FAJAR DWI HARTADI', 'TJKT', 'XII TJKT 3', '6006', '303', 'AKTIF'),
(4050303, 207627, 'FEBI DWI SULISTIADI', 'TJKT', 'XII TJKT 3', '6006', '303', 'AKTIF'),
(4051303, 207631, 'GIANLUIGI FADHIL MUSTAQIM', 'TJKT', 'XII TJKT 3', '6006', '303', 'AKTIF'),
(4052303, 207632, 'GILANG DIAN SAPUTRA', 'TJKT', 'XII TJKT 3', '6006', '303', 'AKTIF'),
(4053303, 207633, 'GIN GIN', 'TJKT', 'XII TJKT 3', '6006', '303', 'AKTIF'),
(4054303, 207635, 'HAQI MAULANA', 'TJKT', 'XII TJKT 3', '6006', '303', 'AKTIF'),
(4055303, 207638, 'Hasrin Abdul Laji', 'TJKT', 'XII TJKT 3', '6006', '303', 'AKTIF'),
(4056303, 207640, 'I MADE ANTONI', 'TJKT', 'XII TJKT 3', '6006', '303', 'AKTIF'),
(4057303, 207641, 'IAN SAPUTRA', 'TJKT', 'XII TJKT 3', '6006', '303', 'AKTIF'),
(4058303, 207643, 'JANUAR BAGUS WIBOWO', 'TJKT', 'XII TJKT 3', '6006', '303', 'AKTIF'),
(4059303, 207646, 'KUKUH ANGGER MAHARGYO', 'TJKT', 'XII TJKT 3', '6006', '303', 'AKTIF'),
(4060303, 207647, 'LAKSAMANA PUTRA', 'TJKT', 'XII TJKT 3', '6006', '303', 'AKTIF'),
(4061303, 207654, 'MOH ALDI NIRWANSYAH', 'TJKT', 'XII TJKT 3', '6006', '303', 'AKTIF'),
(4062303, 207652, 'MOHAMAD HARYONO', 'TJKT', 'XII TJKT 3', '6006', '303', 'AKTIF'),
(4063303, 207655, 'MUHAMAD ALBAR ALAMSYAH', 'TJKT', 'XII TJKT 3', '6006', '303', 'AKTIF'),
(4064303, 207657, 'MUHAMAD RYAN HARDIANSYAH', 'TJKT', 'XII TJKT 3', '6006', '303', 'AKTIF'),
(4065303, 207649, 'MUHAMAD SABLIK MBIPI', 'TJKT', 'XII TJKT 3', '6006', '303', 'AKTIF'),
(4066303, 207667, 'MUHAMMAD RAFLI', 'TJKT', 'XII TJKT 3', '6006', '303', 'AKTIF'),
(4067303, 207670, 'Muhammad Tio', 'TJKT', 'XII TJKT 3', '6006', '303', 'AKTIF');
INSERT INTO `siswa` (`id_siswa`, `nis`, `nama_siswa`, `jurusan`, `kelas`, `group_kelas`, `tahun_ajaran`, `status`) VALUES
(4068303, 207673, 'NENDI', 'TJKT', 'XII TJKT 3', '6006', '303', 'AKTIF'),
(4069303, 207675, 'NOVAL TRI HARYANTO', 'TJKT', 'XII TJKT 3', '6006', '303', 'AKTIF'),
(4070303, 207680, 'RAFAEL MULIA ALFAHDI', 'TJKT', 'XII TJKT 3', '6006', '303', 'AKTIF'),
(4071303, 207681, 'RAGIL PANGESTU', 'TJKT', 'XII TJKT 3', '6006', '303', 'AKTIF'),
(4072303, 207685, 'RENDI SAPUTRA', 'TJKT', 'XII TJKT 3', '6006', '303', 'AKTIF'),
(4073303, 207686, 'Reni Nuraeni', 'TJKT', 'XII TJKT 3', '6006', '303', 'AKTIF'),
(4074303, 207701, 'TEGAR', 'TJKT', 'XII TJKT 3', '6006', '303', 'AKTIF'),
(4075303, 207703, 'TRI PUTRA AFRIANSYAH', 'TJKT', 'XII TJKT 3', '6006', '303', 'AKTIF'),
(4076303, 207705, 'WIDDIYA BAGUS ENDANG WINARYO', 'TJKT', 'XII TJKT 3', '6006', '303', 'AKTIF');

-- --------------------------------------------------------

--
-- Table structure for table `spp_siswa`
--

CREATE TABLE `spp_siswa` (
  `id_spp_siswa` int(18) NOT NULL,
  `id_siswa` bigint(255) NOT NULL,
  `kode_bulan` int(18) NOT NULL,
  `bulan` varchar(128) NOT NULL,
  `status` varchar(32) NOT NULL,
  `pembayaran` varchar(128) NOT NULL,
  `cash` int(128) NOT NULL,
  `kjp` int(128) NOT NULL,
  `kjp_cash` int(128) NOT NULL,
  `date` timestamp NOT NULL DEFAULT current_timestamp()
) ENGINE=InnoDB DEFAULT CHARSET=utf8mb4 COLLATE=utf8mb4_general_ci;

--
-- Dumping data for table `spp_siswa`
--

INSERT INTO `spp_siswa` (`id_spp_siswa`, `id_siswa`, `kode_bulan`, `bulan`, `status`, `pembayaran`, `cash`, `kjp`, `kjp_cash`, `date`) VALUES
(12103, 3419303303, 2, 'September', 'LUNAS', 'KJP', 0, 240000, 185000, '2023-01-31 00:45:15'),
(12473, 3419303303, 8, 'Maret', 'BELUM LUNAS', 'BELUM LUNAS', 0, 0, 0, '2023-01-31 00:45:15'),
(18376, 3419303303, 3, 'Oktober', 'BELUM LUNAS', 'BELUM LUNAS', 0, 0, 0, '2023-01-31 00:45:15'),
(25725, 3419303303, 1, 'Augustus', 'LUNAS', 'NON KJP', 425000, 0, 0, '2023-01-31 00:53:47'),
(29580, 3419303303, 11, 'Juni', 'BELUM LUNAS', 'BELUM LUNAS', 0, 0, 0, '2023-01-31 00:45:15'),
(41287, 3419303303, 10, 'Mei', 'BELUM LUNAS', 'BELUM LUNAS', 0, 0, 0, '2023-01-31 00:45:15'),
(53131, 3419303303, 9, 'April', 'BELUM LUNAS', 'BELUM LUNAS', 0, 0, 0, '2023-01-31 00:45:15'),
(53778, 3419303303, 7, 'Februar', 'BELUM LUNAS', 'BELUM LUNAS', 0, 0, 0, '2023-01-31 00:45:15'),
(60571, 3419303303, 6, 'Januari', 'BELUM LUNAS', 'BELUM LUNAS', 0, 0, 0, '2023-01-31 00:45:15'),
(64034, 3419303303, 5, 'Desember', 'BELUM LUNAS', 'BELUM LUNAS', 0, 0, 0, '2023-01-31 00:45:15'),
(87434, 3419303303, 4, 'November', 'BELUM LUNAS', 'BELUM LUNAS', 0, 0, 0, '2023-01-31 00:45:15');

-- --------------------------------------------------------

--
-- Table structure for table `tahun_ajaran`
--

CREATE TABLE `tahun_ajaran` (
  `id_tahun_ajaran` int(16) NOT NULL,
  `tahun_ajaran` varchar(32) NOT NULL,
  `status` varchar(32) NOT NULL
) ENGINE=InnoDB DEFAULT CHARSET=utf8mb4 COLLATE=utf8mb4_general_ci;

--
-- Dumping data for table `tahun_ajaran`
--

INSERT INTO `tahun_ajaran` (`id_tahun_ajaran`, `tahun_ajaran`, `status`) VALUES
(101, '2020/2021', 'TIDAK AKTIF'),
(202, '2021/2022', 'TIDAK AKTIF'),
(303, '2022/2023', 'AKTIF'),
(404, '2023/2024', 'TIDAK AKTIF'),
(505, '2024/2025', 'TIDAK AKTIF'),
(606, '2025/2026', 'TIDAK AKTIF');

--
-- Indexes for dumped tables
--

--
-- Indexes for table `auth`
--
ALTER TABLE `auth`
  ADD PRIMARY KEY (`id`) USING BTREE;

--
-- Indexes for table `group_kelas`
--
ALTER TABLE `group_kelas`
  ADD PRIMARY KEY (`id_groupKelas`);

--
-- Indexes for table `jurusan`
--
ALTER TABLE `jurusan`
  ADD PRIMARY KEY (`id`) USING BTREE;

--
-- Indexes for table `kelas`
--
ALTER TABLE `kelas`
  ADD PRIMARY KEY (`id`) USING BTREE;

--
-- Indexes for table `pembayaran_spp`
--
ALTER TABLE `pembayaran_spp`
  ADD PRIMARY KEY (`id_spp`);

--
-- Indexes for table `setting_pembayaran`
--
ALTER TABLE `setting_pembayaran`
  ADD PRIMARY KEY (`id_setting_pembayaran`);

--
-- Indexes for table `setting_pembayaran_lain`
--
ALTER TABLE `setting_pembayaran_lain`
  ADD PRIMARY KEY (`id_setting_pembayaran_lain`);

--
-- Indexes for table `siswa`
--
ALTER TABLE `siswa`
  ADD PRIMARY KEY (`id_siswa`) USING BTREE;

--
-- Indexes for table `spp_siswa`
--
ALTER TABLE `spp_siswa`
  ADD PRIMARY KEY (`id_spp_siswa`);

--
-- Indexes for table `tahun_ajaran`
--
ALTER TABLE `tahun_ajaran`
  ADD PRIMARY KEY (`id_tahun_ajaran`);

--
-- AUTO_INCREMENT for dumped tables
--

--
-- AUTO_INCREMENT for table `auth`
--
ALTER TABLE `auth`
  MODIFY `id` int(11) NOT NULL AUTO_INCREMENT, AUTO_INCREMENT=304;

--
-- AUTO_INCREMENT for table `jurusan`
--
ALTER TABLE `jurusan`
  MODIFY `id` int(11) NOT NULL AUTO_INCREMENT, AUTO_INCREMENT=506;

--
-- AUTO_INCREMENT for table `kelas`
--
ALTER TABLE `kelas`
  MODIFY `id` int(11) NOT NULL AUTO_INCREMENT, AUTO_INCREMENT=3039925;

--
-- AUTO_INCREMENT for table `pembayaran_spp`
--
ALTER TABLE `pembayaran_spp`
  MODIFY `id_spp` int(16) NOT NULL AUTO_INCREMENT;

--
-- AUTO_INCREMENT for table `setting_pembayaran_lain`
--
ALTER TABLE `setting_pembayaran_lain`
  MODIFY `id_setting_pembayaran_lain` int(16) NOT NULL AUTO_INCREMENT, AUTO_INCREMENT=879797;
COMMIT;

/*!40101 SET CHARACTER_SET_CLIENT=@OLD_CHARACTER_SET_CLIENT */;
/*!40101 SET CHARACTER_SET_RESULTS=@OLD_CHARACTER_SET_RESULTS */;
/*!40101 SET COLLATION_CONNECTION=@OLD_COLLATION_CONNECTION */;
